OrderID,CustomerID,OrderDate,Amount
ORD000071,CUST00004,2023-01-01,3176.52
ORD006835,CUST00535,2023-01-01,651.75
ORD006846,CUST00536,2023-01-04,719.21
ORD002418,CUST00109,2023-01-06,700.14
ORD002606,CUST00123,2023-01-06,1650.83
ORD004578,CUST00265,2023-01-06,1075.91
ORD001240,CUST00055,2023-01-07,2163.1
ORD005105,CUST00309,2023-01-07,1167.38
ORD007150,CUST00575,2023-01-07,1427.02
ORD008210,CUST00728,2023-01-07,752.84
ORD007202,CUST00582,2023-01-09,746.73
ORD008163,CUST00722,2023-01-09,1066.2
ORD006655,CUST00510,2023-01-10,1109.01
ORD004411,CUST00254,2023-01-11,1947.17
ORD005576,CUST00367,2023-01-12,917.99
ORD005372,CUST00343,2023-01-13,987.18
ORD005858,CUST00403,2023-01-13,1232.73
ORD006153,CUST00445,2023-01-13,1090.05
ORD007261,CUST00590,2023-01-15,1277.06
ORD002710,CUST00130,2023-01-16,1848.15
ORD004498,CUST00260,2023-01-16,1262.05
ORD005318,CUST00337,2023-01-16,546.89
ORD007803,CUST00668,2023-01-16,726.96
ORD001077,CUST00048,2023-01-17,2147.4
ORD004952,CUST00295,2023-01-18,826.92
ORD008605,CUST00909,2023-01-18,576.69
ORD000457,CUST00020,2023-01-19,1616.61
ORD006223,CUST00454,2023-01-19,1349.18
ORD008682,CUST00986,2023-01-19,2376.47
ORD000286,CUST00013,2023-01-21,3688.97
ORD001131,CUST00050,2023-01-21,4082.95
ORD004149,CUST00235,2023-01-21,1484.17
ORD007514,CUST00628,2023-01-21,1644.3
ORD007953,CUST00690,2023-01-21,763.18
ORD008343,CUST00747,2023-01-21,1753.39
ORD003703,CUST00203,2023-01-22,2145.68
ORD004234,CUST00241,2023-01-22,701.5
ORD007854,CUST00676,2023-01-22,634.96
ORD007887,CUST00681,2023-01-22,1138.73
ORD002905,CUST00144,2023-01-24,854.65
ORD008628,CUST00932,2023-01-24,1333.63
ORD005645,CUST00377,2023-01-25,793.33
ORD007914,CUST00685,2023-01-25,1261.36
ORD008106,CUST00714,2023-01-25,797.15
ORD006823,CUST00534,2023-01-27,718.86
ORD007355,CUST00603,2023-01-27,1573.01
ORD008175,CUST00723,2023-01-27,1732.04
ORD001932,CUST00084,2023-01-28,1238.43
ORD003855,CUST00215,2023-01-28,1044.79
ORD004377,CUST00252,2023-01-28,1333.09
ORD004892,CUST00290,2023-01-28,1974.71
ORD007494,CUST00626,2023-01-28,1608.38
ORD008669,CUST00973,2023-01-28,1964.35
ORD008685,CUST00989,2023-01-28,638.78
ORD006897,CUST00542,2023-01-29,1039.63
ORD007346,CUST00602,2023-01-29,1580.63
ORD008250,CUST00734,2023-01-30,1027.7
ORD000072,CUST00004,2023-01-31,1264.27
ORD007682,CUST00651,2023-01-31,820.56
ORD008655,CUST00959,2023-01-31,1036.09
ORD003989,CUST00224,2023-02-01,1492.46
ORD007587,CUST00637,2023-02-01,740.41
ORD007816,CUST00670,2023-02-02,1639.29
ORD001241,CUST00055,2023-02-03,3771.26
ORD008285,CUST00738,2023-02-03,1288.02
ORD002525,CUST00117,2023-02-04,765.67
ORD005954,CUST00416,2023-02-04,1272.44
ORD007109,CUST00570,2023-02-04,1481.72
ORD008649,CUST00953,2023-02-05,2403.66
ORD001078,CUST00048,2023-02-06,3737.61
ORD001428,CUST00063,2023-02-06,1955.52
ORD001457,CUST00064,2023-02-06,2943.35
ORD003188,CUST00166,2023-02-06,755.32
ORD008028,CUST00703,2023-02-06,661.76
ORD000141,CUST00007,2023-02-07,1230.74
ORD008675,CUST00979,2023-02-07,586.12
ORD008362,CUST00750,2023-02-08,1544.27
ORD004412,CUST00254,2023-02-09,1268.38
ORD005679,CUST00381,2023-02-09,475.14
ORD007239,CUST00587,2023-02-09,674.84
ORD007786,CUST00666,2023-02-09,639.44
ORD001132,CUST00050,2023-02-11,3855.35
ORD004735,CUST00278,2023-02-11,1477.81
ORD007576,CUST00636,2023-02-11,619.22
ORD008622,CUST00926,2023-02-11,941.58
ORD008695,CUST00999,2023-02-11,832.62
ORD000287,CUST00013,2023-02-12,1857.89
ORD005412,CUST00348,2023-02-12,1082.2
ORD007531,CUST00630,2023-02-12,1283.66
ORD001702,CUST00074,2023-02-13,3404.87
ORD002099,CUST00091,2023-02-13,2205.48
ORD002643,CUST00125,2023-02-13,868.56
ORD003785,CUST00210,2023-02-13,1321.74
ORD005705,CUST00384,2023-02-13,754.43
ORD008625,CUST00929,2023-02-13,1187.21
ORD008677,CUST00981,2023-02-13,1687.05
ORD002268,CUST00099,2023-02-14,4489.5
ORD007566,CUST00635,2023-02-14,512.54
ORD004953,CUST00295,2023-02-15,1459.22
ORD007610,CUST00640,2023-02-15,1264.58
ORD007194,CUST00581,2023-02-16,1027.88
ORD001578,CUST00069,2023-02-17,4186.76
ORD001933,CUST00084,2023-02-17,2868.37
ORD007203,CUST00582,2023-02-17,1681.48
ORD008680,CUST00984,2023-02-17,556.33
ORD004150,CUST00235,2023-02-18,1257.2
ORD007042,CUST00559,2023-02-18,1024.99
ORD007673,CUST00650,2023-02-18,1475.25
ORD007804,CUST00668,2023-02-18,611.92
ORD007901,CUST00683,2023-02-18,993.81
ORD005392,CUST00345,2023-02-19,1204.73
ORD002607,CUST00123,2023-02-20,1273.73
ORD007161,CUST00576,2023-02-20,623.39
ORD007331,CUST00600,2023-02-20,1175.8
ORD000458,CUST00020,2023-02-21,2295.58
ORD001458,CUST00064,2023-02-21,4456.71
ORD002340,CUST00103,2023-02-21,1781.22
ORD005500,CUST00358,2023-02-21,1033.53
ORD005750,CUST00389,2023-02-21,704.6
ORD007151,CUST00575,2023-02-21,815.57
ORD007855,CUST00676,2023-02-21,831.13
ORD003571,CUST00193,2023-02-22,1812.15
ORD004579,CUST00265,2023-02-22,2075.71
ORD007888,CUST00681,2023-02-22,1149.99
ORD001429,CUST00063,2023-02-23,3611.52
ORD001647,CUST00072,2023-02-23,4291.07
ORD003856,CUST00215,2023-02-23,1405.37
ORD007246,CUST00588,2023-02-23,1574.18
ORD001293,CUST00057,2023-02-24,1234.81
ORD002003,CUST00087,2023-02-24,1283.4
ORD008211,CUST00728,2023-02-24,751.76
ORD008603,CUST00907,2023-02-24,757.42
ORD004765,CUST00280,2023-02-25,2002.54
ORD006531,CUST00495,2023-02-25,820.99
ORD008039,CUST00704,2023-02-25,1068.32
ORD000073,CUST00004,2023-02-26,4099.78
ORD002419,CUST00109,2023-02-26,1837.44
ORD004036,CUST00227,2023-02-26,2161.99
ORD006154,CUST00445,2023-02-26,532.38
ORD008683,CUST00987,2023-02-26,1094.91
ORD000001,CUST00001,2023-02-27,1282.54
ORD000288,CUST00013,2023-02-27,3250.41
ORD003242,CUST00169,2023-02-27,1894.92
ORD003355,CUST00178,2023-02-27,1745.62
ORD007262,CUST00590,2023-02-27,1415.48
ORD004378,CUST00252,2023-02-28,2164.77
ORD004499,CUST00260,2023-02-28,2010.63
ORD008164,CUST00722,2023-02-28,1475.45
ORD006593,CUST00502,2023-03-01,1003.64
ORD007931,CUST00687,2023-03-01,713.76
ORD007954,CUST00690,2023-03-01,673.18
ORD008664,CUST00968,2023-03-01,984.7
ORD004235,CUST00241,2023-03-02,2141.67
ORD003704,CUST00203,2023-03-03,1873.35
ORD005106,CUST00309,2023-03-03,452.04
ORD007281,CUST00593,2023-03-03,615.84
ORD007588,CUST00637,2023-03-03,603.43
ORD007691,CUST00652,2023-03-03,1453.45
ORD003156,CUST00164,2023-03-04,1550.87
ORD004309,CUST00247,2023-03-04,1720.26
ORD005555,CUST00365,2023-03-04,507.08
ORD005669,CUST00380,2023-03-04,921.76
ORD008606,CUST00910,2023-03-04,2064.39
ORD002774,CUST00135,2023-03-05,836.79
ORD006656,CUST00510,2023-03-05,463.72
ORD008635,CUST00939,2023-03-05,382.59
ORD003225,CUST00168,2023-03-06,1009.24
ORD005017,CUST00299,2023-03-06,914.01
ORD005319,CUST00337,2023-03-06,478.99
ORD007347,CUST00602,2023-03-06,1730.81
ORD000717,CUST00032,2023-03-07,3411.38
ORD001242,CUST00055,2023-03-07,4187.18
ORD003189,CUST00166,2023-03-07,1433.34
ORD007002,CUST00554,2023-03-07,702.49
ORD007515,CUST00628,2023-03-07,993.18
ORD006836,CUST00535,2023-03-08,1001.35
ORD005239,CUST00327,2023-03-09,648.34
ORD007050,CUST00560,2023-03-09,1048.63
ORD007495,CUST00626,2023-03-09,1711.03
ORD002711,CUST00130,2023-03-10,2159.34
ORD004970,CUST00296,2023-03-10,1603.22
ORD007110,CUST00570,2023-03-10,686.93
ORD008344,CUST00747,2023-03-10,1211.26
ORD000459,CUST00020,2023-03-11,4084.83
ORD002100,CUST00091,2023-03-11,1898.73
ORD002644,CUST00125,2023-03-11,1064.57
ORD003269,CUST00171,2023-03-11,1386.61
ORD003990,CUST00224,2023-03-11,1564.61
ORD007787,CUST00666,2023-03-11,1608.49
ORD006970,CUST00550,2023-03-12,1277.64
ORD000142,CUST00007,2023-03-13,4494.9
ORD000765,CUST00034,2023-03-13,3704.18
ORD001079,CUST00048,2023-03-13,4428.5
ORD001430,CUST00063,2023-03-13,1540.57
ORD002269,CUST00099,2023-03-13,2365.32
ORD008013,CUST00700,2023-03-13,1500.88
ORD008286,CUST00738,2023-03-13,704.61
ORD001579,CUST00069,2023-03-14,1604.34
ORD001648,CUST00072,2023-03-14,2292.86
ORD002906,CUST00144,2023-03-14,1688.48
ORD004736,CUST00278,2023-03-14,2014.01
ORD006542,CUST00496,2023-03-14,1201.49
ORD008251,CUST00734,2023-03-14,700.26
ORD008665,CUST00969,2023-03-14,2215.85
ORD000487,CUST00021,2023-03-15,1966.22
ORD002004,CUST00087,2023-03-15,1375.11
ORD003786,CUST00210,2023-03-15,1290.24
ORD004202,CUST00239,2023-03-15,974.0
ORD001133,CUST00050,2023-03-16,3590.21
ORD004893,CUST00290,2023-03-16,1156.11
ORD007567,CUST00635,2023-03-16,1457.45
ORD001703,CUST00074,2023-03-17,2566.16
ORD001728,CUST00075,2023-03-17,3069.76
ORD006847,CUST00536,2023-03-17,870.51
ORD001459,CUST00064,2023-03-18,1635.54
ORD005373,CUST00343,2023-03-18,876.95
ORD007915,CUST00685,2023-03-18,1171.76
ORD008107,CUST00714,2023-03-18,1690.6
ORD001294,CUST00057,2023-03-19,1932.6
ORD001934,CUST00084,2023-03-19,4011.17
ORD006941,CUST00547,2023-03-19,1050.44
ORD007010,CUST00555,2023-03-19,1552.24
ORD007121,CUST00571,2023-03-19,1076.4
ORD007505,CUST00627,2023-03-19,1039.74
ORD008268,CUST00736,2023-03-19,502.71
ORD000432,CUST00019,2023-03-20,2844.64
ORD007446,CUST00618,2023-03-20,1197.39
ORD008029,CUST00703,2023-03-20,1557.05
ORD000289,CUST00013,2023-03-21,1616.53
ORD005249,CUST00328,2023-03-21,643.81
ORD006772,CUST00526,2023-03-21,1143.73
ORD000002,CUST00001,2023-03-22,2008.14
ORD000074,CUST00004,2023-03-22,1990.19
ORD001676,CUST00073,2023-03-22,1376.73
ORD005859,CUST00403,2023-03-22,790.71
ORD006214,CUST00453,2023-03-22,907.06
ORD006281,CUST00462,2023-03-22,1238.15
ORD007683,CUST00651,2023-03-22,503.97
ORD004954,CUST00295,2023-03-23,2149.41
ORD005907,CUST00410,2023-03-23,631.7
ORD006552,CUST00497,2023-03-23,744.71
ORD007848,CUST00675,2023-03-23,1538.36
ORD003385,CUST00180,2023-03-24,1056.86
ORD003475,CUST00186,2023-03-25,779.33
ORD003857,CUST00215,2023-03-25,1758.94
ORD005353,CUST00341,2023-03-25,941.57
ORD005788,CUST00394,2023-03-25,703.65
ORD006520,CUST00494,2023-03-25,866.84
ORD006981,CUST00551,2023-03-25,772.53
ORD007356,CUST00603,2023-03-25,1063.95
ORD001551,CUST00068,2023-03-26,2683.57
ORD002608,CUST00123,2023-03-26,1486.58
ORD004070,CUST00229,2023-03-26,1351.11
ORD004151,CUST00235,2023-03-26,1154.89
ORD005955,CUST00416,2023-03-26,1368.11
ORD007817,CUST00670,2023-03-26,866.04
ORD008176,CUST00723,2023-03-26,1332.03
ORD008260,CUST00735,2023-03-26,706.95
ORD008324,CUST00744,2023-03-26,1040.54
ORD002372,CUST00105,2023-03-27,1660.87
ORD002420,CUST00109,2023-03-27,1215.83
ORD004766,CUST00280,2023-03-27,819.71
ORD006898,CUST00542,2023-03-27,937.9
ORD007805,CUST00668,2023-03-27,1091.82
ORD008363,CUST00750,2023-03-27,1558.75
ORD006398,CUST00478,2023-03-28,402.67
ORD007023,CUST00557,2023-03-28,630.15
ORD001243,CUST00055,2023-03-29,3087.47
ORD003705,CUST00203,2023-03-29,1989.38
ORD004054,CUST00228,2023-03-29,827.85
ORD004580,CUST00265,2023-03-29,1705.44
ORD008059,CUST00706,2023-03-29,1756.32
ORD004676,CUST00273,2023-03-30,1588.95
ORD007188,CUST00580,2023-03-30,1149.79
ORD007633,CUST00644,2023-03-30,1270.82
ORD007902,CUST00683,2023-03-30,813.79
ORD000143,CUST00007,2023-03-31,1441.76
ORD001649,CUST00072,2023-03-31,1985.39
ORD002005,CUST00087,2023-03-31,1859.68
ORD002526,CUST00117,2023-03-31,894.66
ORD004021,CUST00226,2023-03-31,1941.92
ORD004413,CUST00254,2023-03-31,2027.52
ORD003190,CUST00166,2023-04-01,1406.83
ORD005489,CUST00357,2023-04-01,952.75
ORD007247,CUST00588,2023-04-01,1436.14
ORD007925,CUST00686,2023-04-01,989.74
ORD006567,CUST00499,2023-04-02,1167.84
ORD004500,CUST00260,2023-04-03,2115.03
ORD006004,CUST00423,2023-04-03,682.6
ORD006168,CUST00447,2023-04-04,1123.71
ORD007889,CUST00681,2023-04-04,540.35
ORD007932,CUST00687,2023-04-04,1462.46
ORD005447,CUST00352,2023-04-05,1230.55
ORD003914,CUST00219,2023-04-06,1351.16
ORD003945,CUST00221,2023-04-06,1016.6
ORD005545,CUST00364,2023-04-06,639.72
ORD007195,CUST00581,2023-04-06,1146.35
ORD008040,CUST00704,2023-04-06,655.28
ORD008114,CUST00715,2023-04-06,1032.3
ORD000718,CUST00032,2023-04-07,1508.39
ORD004516,CUST00261,2023-04-07,1412.17
ORD005694,CUST00383,2023-04-07,468.64
ORD005706,CUST00384,2023-04-07,550.62
ORD007152,CUST00575,2023-04-07,787.8
ORD007240,CUST00587,2023-04-07,1575.68
ORD007411,CUST00612,2023-04-07,773.56
ORD000290,CUST00013,2023-04-08,3061.1
ORD001431,CUST00063,2023-04-08,4107.26
ORD001935,CUST00084,2023-04-08,1447.06
ORD003172,CUST00165,2023-04-08,909.91
ORD003356,CUST00178,2023-04-08,925.75
ORD003961,CUST00222,2023-04-08,867.87
ORD007465,CUST00621,2023-04-08,752.98
ORD007532,CUST00630,2023-04-08,1143.17
ORD007589,CUST00637,2023-04-08,842.24
ORD007674,CUST00650,2023-04-08,918.15
ORD000460,CUST00020,2023-04-09,1529.05
ORD001027,CUST00046,2023-04-09,1779.13
ORD002270,CUST00099,2023-04-09,2537.99
ORD005393,CUST00345,2023-04-09,1166.32
ORD005523,CUST00361,2023-04-09,1016.27
ORD006224,CUST00454,2023-04-09,407.97
ORD007856,CUST00676,2023-04-09,1364.03
ORD008279,CUST00737,2023-04-09,720.91
ORD000003,CUST00001,2023-04-10,3630.36
ORD003101,CUST00160,2023-04-10,1479.93
ORD004971,CUST00296,2023-04-10,1587.67
ORD005577,CUST00367,2023-04-10,552.35
ORD007204,CUST00582,2023-04-10,1335.0
ORD002626,CUST00124,2023-04-11,1541.75
ORD003270,CUST00171,2023-04-11,1648.03
ORD007516,CUST00628,2023-04-11,1497.28
ORD000385,CUST00017,2023-04-12,2602.96
ORD000766,CUST00034,2023-04-12,2680.38
ORD001320,CUST00058,2023-04-12,2683.6
ORD001580,CUST00069,2023-04-12,1367.1
ORD002341,CUST00103,2023-04-12,1053.71
ORD004310,CUST00247,2023-04-12,1443.36
ORD005458,CUST00353,2023-04-12,477.81
ORD007332,CUST00600,2023-04-12,1351.25
ORD007485,CUST00625,2023-04-12,1034.68
ORD007577,CUST00636,2023-04-12,619.06
ORD000075,CUST00004,2023-04-13,4097.43
ORD000433,CUST00019,2023-04-13,2879.28
ORD000858,CUST00038,2023-04-13,3813.82
ORD001269,CUST00056,2023-04-13,3154.35
ORD004737,CUST00278,2023-04-13,1944.62
ORD008165,CUST00722,2023-04-13,1624.76
ORD002791,CUST00136,2023-04-14,705.3
ORD002888,CUST00143,2023-04-14,2070.03
ORD003243,CUST00169,2023-04-14,1965.67
ORD004379,CUST00252,2023-04-14,2062.75
ORD007348,CUST00602,2023-04-14,1659.72
ORD002101,CUST00091,2023-04-15,4009.81
ORD004236,CUST00241,2023-04-15,1133.87
ORD007611,CUST00640,2023-04-15,1688.82
ORD008048,CUST00705,2023-04-15,1658.71
ORD001677,CUST00073,2023-04-16,1878.32
ORD003572,CUST00193,2023-04-16,2166.78
ORD004535,CUST00262,2023-04-16,894.9
ORD006959,CUST00549,2023-04-16,708.48
ORD007767,CUST00664,2023-04-16,1487.69
ORD001080,CUST00048,2023-04-17,4380.48
ORD001134,CUST00050,2023-04-17,1916.15
ORD002907,CUST00144,2023-04-17,733.72
ORD003899,CUST00218,2023-04-17,944.41
ORD004037,CUST00227,2023-04-17,1615.86
ORD006824,CUST00534,2023-04-17,473.05
ORD007043,CUST00559,2023-04-17,1299.52
ORD001244,CUST00055,2023-04-18,3461.54
ORD005018,CUST00299,2023-04-18,1803.13
ORD005888,CUST00407,2023-04-18,748.83
ORD006185,CUST00449,2023-04-18,830.54
ORD007660,CUST00648,2023-04-18,1394.77
ORD008310,CUST00742,2023-04-18,1353.04
ORD000488,CUST00021,2023-04-19,2038.13
ORD001295,CUST00057,2023-04-19,3041.38
ORD001704,CUST00074,2023-04-19,1950.79
ORD001729,CUST00075,2023-04-19,3702.65
ORD002848,CUST00140,2023-04-19,716.95
ORD003386,CUST00180,2023-04-19,2190.66
ORD005139,CUST00313,2023-04-19,685.32
ORD005320,CUST00337,2023-04-19,412.48
ORD005646,CUST00377,2023-04-19,1383.97
ORD007496,CUST00626,2023-04-19,763.91
ORD008108,CUST00714,2023-04-19,1300.08
ORD001460,CUST00064,2023-04-20,2588.85
ORD001552,CUST00068,2023-04-20,2541.49
ORD002006,CUST00087,2023-04-20,4445.66
ORD003208,CUST00167,2023-04-20,1846.34
ORD003226,CUST00168,2023-04-20,1106.42
ORD007471,CUST00622,2023-04-20,683.73
ORD008073,CUST00708,2023-04-20,630.48
ORD008212,CUST00728,2023-04-20,1573.7
ORD000144,CUST00007,2023-04-21,2869.42
ORD000919,CUST00041,2023-04-21,3125.04
ORD002775,CUST00135,2023-04-21,1374.1
ORD003787,CUST00210,2023-04-21,2117.14
ORD005680,CUST00381,2023-04-21,460.27
ORD006045,CUST00429,2023-04-21,1157.25
ORD007162,CUST00576,2023-04-21,1493.24
ORD008014,CUST00700,2023-04-21,746.96
ORD003991,CUST00224,2023-04-22,795.27
ORD004955,CUST00295,2023-04-22,1334.58
ORD005184,CUST00319,2023-04-22,992.11
ORD007916,CUST00685,2023-04-22,1672.94
ORD007955,CUST00690,2023-04-22,1007.92
ORD008631,CUST00935,2023-04-22,831.18
ORD008691,CUST00995,2023-04-22,1678.03
ORD003412,CUST00182,2023-04-23,1368.96
ORD004610,CUST00267,2023-04-23,2138.12
ORD004767,CUST00280,2023-04-23,1266.59
ORD005240,CUST00327,2023-04-23,667.66
ORD006246,CUST00457,2023-04-23,512.37
ORD008241,CUST00733,2023-04-23,1103.65
ORD008269,CUST00736,2023-04-23,542.49
ORD001775,CUST00077,2023-04-24,3336.35
ORD002645,CUST00125,2023-04-24,2090.09
ORD004282,CUST00245,2023-04-24,1051.39
ORD007362,CUST00604,2023-04-24,916.4
ORD000615,CUST00027,2023-04-25,3996.01
ORD001650,CUST00072,2023-04-25,1754.03
ORD003706,CUST00203,2023-04-25,1170.86
ORD005413,CUST00348,2023-04-25,850.09
ORD007568,CUST00635,2023-04-25,1631.21
ORD007692,CUST00652,2023-04-25,1650.2
ORD004876,CUST00289,2023-04-26,1750.61
ORD007138,CUST00573,2023-04-26,633.97
ORD007849,CUST00675,2023-04-26,1770.4
ORD008345,CUST00747,2023-04-26,1795.83
ORD000767,CUST00034,2023-04-27,4189.33
ORD001432,CUST00063,2023-04-27,2462.98
ORD003157,CUST00164,2023-04-27,2187.4
ORD004469,CUST00258,2023-04-27,847.61
ORD002244,CUST00098,2023-04-28,2673.76
ORD004501,CUST00260,2023-04-28,1449.7
ORD005122,CUST00311,2023-04-28,520.46
ORD005670,CUST00380,2023-04-28,977.88
ORD006868,CUST00538,2023-04-28,1332.84
ORD007003,CUST00554,2023-04-28,1110.76
ORD007263,CUST00590,2023-04-28,673.36
ORD007749,CUST00661,2023-04-28,1138.9
ORD008177,CUST00723,2023-04-28,884.04
ORD008252,CUST00734,2023-04-28,1771.87
ORD000291,CUST00013,2023-04-29,2734.61
ORD005374,CUST00343,2023-04-29,690.12
ORD007051,CUST00560,2023-04-29,688.79
ORD007788,CUST00666,2023-04-29,565.04
ORD000076,CUST00004,2023-04-30,1482.66
ORD001605,CUST00070,2023-04-30,4414.13
ORD002271,CUST00099,2023-04-30,2908.55
ORD002609,CUST00123,2023-04-30,1509.89
ORD003476,CUST00186,2023-04-30,1329.27
ORD004894,CUST00290,2023-04-30,945.54
ORD007447,CUST00618,2023-04-30,790.99
ORD005556,CUST00365,2023-05-01,661.99
ORD007189,CUST00580,2023-05-01,933.89
ORD008030,CUST00703,2023-05-01,504.25
ORD008123,CUST00716,2023-05-01,1550.05
ORD001107,CUST00049,2023-05-02,2195.82
ORD003858,CUST00215,2023-05-02,874.04
ORD004071,CUST00229,2023-05-02,1838.79
ORD005150,CUST00314,2023-05-02,1050.25
ORD006657,CUST00510,2023-05-02,1128.16
ORD006942,CUST00547,2023-05-02,581.67
ORD007282,CUST00593,2023-05-02,1024.62
ORD007684,CUST00651,2023-05-02,1572.29
ORD003946,CUST00221,2023-05-03,1820.54
ORD003962,CUST00222,2023-05-03,1744.05
ORD004203,CUST00239,2023-05-03,834.44
ORD004783,CUST00281,2023-05-03,2111.49
ORD005107,CUST00309,2023-05-03,829.67
ORD005733,CUST00387,2023-05-03,570.23
ORD002102,CUST00091,2023-05-04,1731.15
ORD002712,CUST00130,2023-05-04,1316.88
ORD004055,CUST00228,2023-05-04,1772.8
ORD005501,CUST00358,2023-05-04,981.23
ORD007634,CUST00644,2023-05-04,782.09
ORD000335,CUST00015,2023-05-05,2210.48
ORD000719,CUST00032,2023-05-05,2878.01
ORD000859,CUST00038,2023-05-05,3808.23
ORD001705,CUST00074,2023-05-05,3974.63
ORD002054,CUST00089,2023-05-05,4364.36
ORD002482,CUST00114,2023-05-05,713.39
ORD004152,CUST00235,2023-05-05,741.97
ORD004414,CUST00254,2023-05-05,2104.17
ORD007111,CUST00570,2023-05-05,708.33
ORD007506,CUST00627,2023-05-05,1683.3
ORD008261,CUST00735,2023-05-05,1271.48
ORD000434,CUST00019,2023-05-06,2571.12
ORD002421,CUST00109,2023-05-06,1502.65
ORD006848,CUST00536,2023-05-06,578.8
ORD008287,CUST00738,2023-05-06,1409.93
ORD008607,CUST00911,2023-05-06,856.19
ORD008641,CUST00945,2023-05-06,1902.59
ORD000920,CUST00041,2023-05-07,1366.78
ORD001052,CUST00047,2023-05-07,3445.13
ORD001678,CUST00073,2023-05-07,2550.62
ORD001730,CUST00075,2023-05-07,4252.26
ORD002676,CUST00127,2023-05-07,2083.41
ORD004121,CUST00233,2023-05-07,857.84
ORD004581,CUST00265,2023-05-07,1427.14
ORD008644,CUST00948,2023-05-07,1634.2
ORD000461,CUST00020,2023-05-08,1250.65
ORD001135,CUST00050,2023-05-08,4069.26
ORD001245,CUST00055,2023-05-08,1658.17
ORD001936,CUST00084,2023-05-08,2258.09
ORD005354,CUST00341,2023-05-08,611.91
ORD005717,CUST00385,2023-05-08,1358.97
ORD005860,CUST00403,2023-05-08,699.92
ORD006594,CUST00502,2023-05-08,902.06
ORD007024,CUST00557,2023-05-08,1666.35
ORD007180,CUST00579,2023-05-08,1079.81
ORD003173,CUST00165,2023-05-09,738.05
ORD003357,CUST00178,2023-05-09,1481.03
ORD005956,CUST00416,2023-05-09,934.42
ORD007011,CUST00555,2023-05-09,736.1
ORD007122,CUST00571,2023-05-09,858.11
ORD007602,CUST00639,2023-05-09,1480.59
ORD000145,CUST00007,2023-05-10,4279.76
ORD000359,CUST00016,2023-05-10,4305.51
ORD001321,CUST00058,2023-05-10,2483.16
ORD006155,CUST00445,2023-05-10,1318.62
ORD007357,CUST00603,2023-05-10,1181.18
ORD007818,CUST00670,2023-05-10,763.51
ORD007840,CUST00674,2023-05-10,932.65
ORD007926,CUST00686,2023-05-10,737.48
ORD008060,CUST00706,2023-05-10,764.08
ORD008325,CUST00744,2023-05-10,1638.18
ORD001864,CUST00081,2023-05-11,3745.12
ORD006987,CUST00552,2023-05-11,645.59
ORD007196,CUST00581,2023-05-11,1483.53
ORD008041,CUST00704,2023-05-11,659.79
ORD008115,CUST00715,2023-05-11,1176.66
ORD000004,CUST00001,2023-05-12,1486.9
ORD000489,CUST00021,2023-05-12,3400.57
ORD000768,CUST00034,2023-05-12,2044.55
ORD001651,CUST00072,2023-05-12,3911.48
ORD004517,CUST00261,2023-05-12,1554.27
ORD007033,CUST00558,2023-05-12,919.74
ORD008681,CUST00985,2023-05-12,2016.67
ORD001081,CUST00048,2023-05-13,4476.43
ORD002007,CUST00087,2023-05-13,1683.21
ORD003573,CUST00193,2023-05-13,1245.56
ORD004972,CUST00296,2023-05-13,892.74
ORD006079,CUST00433,2023-05-13,1269.06
ORD006763,CUST00525,2023-05-13,968.23
ORD008225,CUST00730,2023-05-13,1226.14
ORD008364,CUST00750,2023-05-13,1721.89
ORD000386,CUST00017,2023-05-14,1941.87
ORD001028,CUST00046,2023-05-14,4160.24
ORD003271,CUST00171,2023-05-14,1003.32
ORD003840,CUST00214,2023-05-14,875.26
ORD003915,CUST00219,2023-05-14,839.42
ORD005019,CUST00299,2023-05-14,2077.66
ORD006908,CUST00543,2023-05-14,956.67
ORD007734,CUST00659,2023-05-14,811.04
ORD007857,CUST00676,2023-05-14,1461.62
ORD007903,CUST00683,2023-05-14,544.64
ORD000530,CUST00023,2023-05-15,3129.05
ORD001270,CUST00056,2023-05-15,1793.76
ORD001581,CUST00069,2023-05-15,2629.42
ORD001776,CUST00077,2023-05-15,2087.98
ORD004237,CUST00241,2023-05-15,700.81
ORD006521,CUST00494,2023-05-15,1152.05
ORD007074,CUST00563,2023-05-15,1516.54
ORD007541,CUST00631,2023-05-15,1795.0
ORD001433,CUST00063,2023-05-16,3317.2
ORD004738,CUST00278,2023-05-16,1737.76
ORD007016,CUST00556,2023-05-16,917.39
ORD002272,CUST00099,2023-05-17,4233.29
ORD004536,CUST00262,2023-05-17,1164.64
ORD007412,CUST00612,2023-05-17,556.89
ORD001606,CUST00070,2023-05-18,2017.93
ORD002245,CUST00098,2023-05-18,1530.92
ORD006215,CUST00453,2023-05-18,853.46
ORD006837,CUST00535,2023-05-18,1031.13
ORD008634,CUST00938,2023-05-18,1642.21
ORD008647,CUST00951,2023-05-18,1716.86
ORD002661,CUST00126,2023-05-19,779.63
ORD005751,CUST00389,2023-05-19,735.68
ORD006971,CUST00550,2023-05-19,523.11
ORD007205,CUST00582,2023-05-19,1483.8
ORD000720,CUST00032,2023-05-20,2396.57
ORD000860,CUST00038,2023-05-20,2390.96
ORD001909,CUST00083,2023-05-20,3957.84
ORD002342,CUST00103,2023-05-20,1984.46
ORD002373,CUST00105,2023-05-20,1206.08
ORD002849,CUST00140,2023-05-20,1735.03
ORD003413,CUST00182,2023-05-20,1189.55
ORD003445,CUST00184,2023-05-20,1321.77
ORD004677,CUST00273,2023-05-20,1892.85
ORD005448,CUST00352,2023-05-20,1294.96
ORD006433,CUST00482,2023-05-20,433.53
ORD007153,CUST00575,2023-05-20,1365.32
ORD007381,CUST00607,2023-05-20,1397.37
ORD008134,CUST00717,2023-05-20,1557.3
ORD000616,CUST00027,2023-05-21,3989.73
ORD001108,CUST00049,2023-05-21,4452.8
ORD004611,CUST00267,2023-05-21,1895.39
ORD005490,CUST00357,2023-05-21,942.76
ORD006399,CUST00478,2023-05-21,1389.09
ORD007221,CUST00584,2023-05-21,1142.84
ORD008280,CUST00737,2023-05-21,1571.45
ORD000292,CUST00013,2023-05-22,3730.76
ORD001296,CUST00057,2023-05-22,1929.4
ORD001461,CUST00064,2023-05-22,3453.71
ORD001553,CUST00068,2023-05-22,2382.35
ORD002527,CUST00117,2023-05-22,746.91
ORD003340,CUST00177,2023-05-22,781.69
ORD004877,CUST00289,2023-05-22,2084.74
ORD005789,CUST00394,2023-05-22,464.62
ORD006543,CUST00496,2023-05-22,795.99
ORD008074,CUST00708,2023-05-22,1031.09
ORD002031,CUST00088,2023-05-23,3036.78
ORD002889,CUST00143,2023-05-23,1458.99
ORD003059,CUST00157,2023-05-23,1078.08
ORD003531,CUST00190,2023-05-23,2123.19
ORD004022,CUST00226,2023-05-23,1455.22
ORD004311,CUST00247,2023-05-23,1838.53
ORD005431,CUST00350,2023-05-23,854.58
ORD006452,CUST00485,2023-05-23,1383.4
ORD007248,CUST00588,2023-05-23,1412.79
ORD007472,CUST00622,2023-05-23,1205.68
ORD007497,CUST00626,2023-05-23,1745.34
ORD008141,CUST00718,2023-05-23,819.53
ORD008231,CUST00731,2023-05-23,1272.01
ORD003034,CUST00155,2023-05-24,1397.4
ORD004470,CUST00258,2023-05-24,1240.36
ORD006982,CUST00551,2023-05-24,1135.84
ORD007044,CUST00559,2023-05-24,794.09
ORD007145,CUST00574,2023-05-24,1441.27
ORD007675,CUST00650,2023-05-24,1138.22
ORD007806,CUST00668,2023-05-24,1253.71
ORD008213,CUST00728,2023-05-24,1054.98
ORD000743,CUST00033,2023-05-25,3767.81
ORD002447,CUST00111,2023-05-25,1103.79
ORD003191,CUST00166,2023-05-25,1627.56
ORD003491,CUST00187,2023-05-25,1259.52
ORD006532,CUST00495,2023-05-25,669.36
ORD007578,CUST00636,2023-05-25,1529.07
ORD007756,CUST00662,2023-05-25,1223.14
ORD008615,CUST00919,2023-05-25,1661.96
ORD008642,CUST00946,2023-05-25,498.13
ORD002103,CUST00091,2023-05-26,3235.72
ORD003102,CUST00160,2023-05-26,1735.42
ORD003557,CUST00192,2023-05-26,1385.42
ORD004768,CUST00280,2023-05-26,796.39
ORD005091,CUST00307,2023-05-26,440.26
ORD006282,CUST00462,2023-05-26,1259.72
ORD006382,CUST00476,2023-05-26,1220.75
ORD006577,CUST00500,2023-05-26,711.09
ORD007486,CUST00625,2023-05-26,819.41
ORD007890,CUST00681,2023-05-26,1115.68
ORD000119,CUST00006,2023-05-27,2595.92
ORD000146,CUST00007,2023-05-27,4101.59
ORD000462,CUST00020,2023-05-27,2552.93
ORD002776,CUST00135,2023-05-27,827.96
ORD006225,CUST00454,2023-05-27,986.34
ORD007533,CUST00630,2023-05-27,1658.36
ORD008242,CUST00733,2023-05-27,1703.87
ORD003459,CUST00185,2023-05-28,1325.74
ORD006502,CUST00492,2023-05-28,607.45
ORD001381,CUST00061,2023-05-29,3090.03
ORD002008,CUST00087,2023-05-29,3478.96
ORD002610,CUST00123,2023-05-29,1190.25
ORD002627,CUST00124,2023-05-29,1486.37
ORD003227,CUST00168,2023-05-29,1318.05
ORD003707,CUST00203,2023-05-29,2000.76
ORD003813,CUST00212,2023-05-29,2164.19
ORD004895,CUST00290,2023-05-29,1362.83
ORD007004,CUST00554,2023-05-29,579.54
ORD007241,CUST00587,2023-05-29,820.96
ORD007368,CUST00605,2023-05-29,1675.71
ORD007517,CUST00628,2023-05-29,1394.56
ORD007647,CUST00646,2023-05-29,805.7
ORD007789,CUST00666,2023-05-29,1730.82
ORD008178,CUST00723,2023-05-29,955.72
ORD008311,CUST00742,2023-05-29,703.49
ORD000077,CUST00004,2023-05-30,3892.88
ORD001959,CUST00085,2023-05-30,3007.38
ORD002055,CUST00089,2023-05-30,2458.53
ORD004563,CUST00264,2023-05-30,1699.99
ORD005546,CUST00364,2023-05-30,696.92
ORD007316,CUST00598,2023-05-30,953.77
ORD008020,CUST00701,2023-05-30,821.14
ORD000769,CUST00034,2023-05-31,3011.05
ORD001322,CUST00058,2023-05-31,1879.09
ORD001820,CUST00079,2023-05-31,2730.41
ORD002483,CUST00114,2023-05-31,1571.62
ORD005681,CUST00381,2023-05-31,1070.5
ORD007917,CUST00685,2023-05-31,1609.62
ORD001246,CUST00055,2023-06-01,2085.74
ORD002510,CUST00116,2023-06-01,1929.13
ORD003158,CUST00164,2023-06-01,1722.75
ORD003387,CUST00180,2023-06-01,889.71
ORD005185,CUST00319,2023-06-01,1279.16
ORD006553,CUST00497,2023-06-01,949.83
ORD006960,CUST00549,2023-06-01,426.22
ORD007163,CUST00576,2023-06-01,1254.16
ORD008270,CUST00736,2023-06-01,1778.81
ORD000387,CUST00017,2023-06-02,4197.76
ORD001136,CUST00050,2023-06-02,2200.52
ORD001937,CUST00084,2023-06-02,4401.48
ORD002792,CUST00136,2023-06-02,1079.67
ORD002808,CUST00137,2023-06-02,1196.67
ORD003209,CUST00167,2023-06-02,960.17
ORD005566,CUST00366,2023-06-02,410.14
ORD005816,CUST00397,2023-06-02,966.67
ORD006005,CUST00423,2023-06-02,749.67
ORD007956,CUST00690,2023-06-02,577.99
ORD008049,CUST00705,2023-06-02,577.84
ORD008598,CUST00902,2023-06-02,1425.7
ORD003963,CUST00222,2023-06-03,1988.52
ORD004153,CUST00235,2023-06-03,913.21
ORD004283,CUST00245,2023-06-03,2150.94
ORD004380,CUST00252,2023-06-03,802.61
ORD004582,CUST00265,2023-06-03,823.82
ORD005250,CUST00328,2023-06-03,1092.04
ORD006858,CUST00537,2023-06-03,1327.55
ORD006899,CUST00542,2023-06-03,1323.61
ORD006994,CUST00553,2023-06-03,1799.62
ORD007526,CUST00629,2023-06-03,1011.7
ORD007635,CUST00644,2023-06-03,1008.68
ORD007933,CUST00687,2023-06-03,1286.77
ORD001434,CUST00063,2023-06-04,1425.76
ORD002577,CUST00121,2023-06-04,709.85
ORD003750,CUST00207,2023-06-04,835.38
ORD006568,CUST00499,2023-06-04,762.28
ORD007466,CUST00621,2023-06-04,1448.1
ORD000435,CUST00019,2023-06-05,4434.81
ORD001706,CUST00074,2023-06-05,2581.49
ORD002908,CUST00144,2023-06-05,1168.21
ORD003900,CUST00218,2023-06-05,1303.59
ORD007590,CUST00637,2023-06-05,1204.6
ORD008109,CUST00714,2023-06-05,565.08
ORD000921,CUST00041,2023-06-06,3171.81
ORD003636,CUST00198,2023-06-06,871.71
ORD004038,CUST00227,2023-06-06,1987.58
ORD004204,CUST00239,2023-06-06,2128.25
ORD005002,CUST00298,2023-06-06,1583.24
ORD007349,CUST00602,2023-06-06,1670.36
ORD007612,CUST00640,2023-06-06,1385.41
ORD008031,CUST00703,2023-06-06,1555.59
ORD008124,CUST00716,2023-06-06,1283.42
ORD000336,CUST00015,2023-06-07,2417.77
ORD003244,CUST00169,2023-06-07,1411.62
ORD003429,CUST00183,2023-06-07,2166.29
ORD005394,CUST00345,2023-06-07,947.14
ORD008166,CUST00722,2023-06-07,1486.38
ORD008253,CUST00734,2023-06-07,1718.87
ORD001679,CUST00073,2023-06-08,3582.73
ORD004415,CUST00254,2023-06-08,1384.31
ORD007181,CUST00579,2023-06-08,921.87
ORD007448,CUST00618,2023-06-08,1328.22
ORD007750,CUST00661,2023-06-08,1412.37
ORD007768,CUST00664,2023-06-08,1471.45
ORD007776,CUST00665,2023-06-08,781.35
ORD008288,CUST00738,2023-06-08,1145.34
ORD000005,CUST00001,2023-06-09,1304.88
ORD000360,CUST00016,2023-06-09,1576.49
ORD000721,CUST00032,2023-06-09,4338.86
ORD001082,CUST00048,2023-06-09,2680.17
ORD001607,CUST00070,2023-06-09,2079.54
ORD001731,CUST00075,2023-06-09,3772.5
ORD003505,CUST00188,2023-06-09,1736.58
ORD003613,CUST00196,2023-06-09,1773.58
ORD003841,CUST00214,2023-06-09,2167.77
ORD007025,CUST00557,2023-06-09,1045.85
ORD007264,CUST00590,2023-06-09,779.77
ORD008346,CUST00747,2023-06-09,557.87
ORD000490,CUST00021,2023-06-10,4173.99
ORD001053,CUST00047,2023-06-10,4081.35
ORD002677,CUST00127,2023-06-10,1200.35
ORD005612,CUST00372,2023-06-10,522.3
ORD007333,CUST00600,2023-06-10,1185.54
ORD007603,CUST00639,2023-06-10,580.11
ORD007693,CUST00652,2023-06-10,1538.5
ORD008006,CUST00699,2023-06-10,1679.38
ORD000293,CUST00013,2023-06-11,3199.45
ORD001029,CUST00046,2023-06-11,2900.43
ORD001582,CUST00069,2023-06-11,2837.22
ORD002032,CUST00088,2023-06-11,1731.07
ORD004056,CUST00228,2023-06-11,1240.97
ORD008015,CUST00700,2023-06-11,969.93
ORD008671,CUST00975,2023-06-11,1634.45
ORD000240,CUST00011,2023-06-12,4335.13
ORD001554,CUST00068,2023-06-12,2691.33
ORD001777,CUST00077,2023-06-12,2893.83
ORD002713,CUST00130,2023-06-12,1818.41
ORD002833,CUST00139,2023-06-12,1089.49
ORD003272,CUST00171,2023-06-12,748.14
ORD005578,CUST00367,2023-06-12,514.79
ORD006371,CUST00475,2023-06-12,816.3
ORD008365,CUST00750,2023-06-12,1152.28
ORD008618,CUST00922,2023-06-12,833.98
ORD000944,CUST00042,2023-06-13,1736.26
ORD003574,CUST00193,2023-06-13,1207.95
ORD003788,CUST00210,2023-06-13,1555.59
ORD004502,CUST00260,2023-06-13,1951.45
ORD005524,CUST00361,2023-06-13,1228.55
ORD005695,CUST00383,2023-06-13,564.2
ORD005908,CUST00410,2023-06-13,506.22
ORD006773,CUST00526,2023-06-13,528.55
ORD007560,CUST00634,2023-06-13,1664.56
ORD007569,CUST00635,2023-06-13,591.5
ORD000217,CUST00010,2023-06-14,2734.46
ORD000409,CUST00018,2023-06-14,3411.44
ORD001865,CUST00081,2023-06-14,1360.34
ORD003992,CUST00224,2023-06-14,1672.45
ORD006068,CUST00432,2023-06-14,1236.0
ORD006186,CUST00449,2023-06-14,975.14
ORD007337,CUST00601,2023-06-14,1082.28
ORD007358,CUST00603,2023-06-14,1161.37
ORD007430,CUST00615,2023-06-14,549.96
ORD002646,CUST00125,2023-06-15,1948.67
ORD005140,CUST00313,2023-06-15,1308.48
ORD005502,CUST00358,2023-06-15,1067.71
ORD007059,CUST00561,2023-06-15,1243.71
ORD007363,CUST00604,2023-06-15,764.69
ORD007742,CUST00660,2023-06-15,1482.75
ORD008318,CUST00743,2023-06-15,672.77
ORD000617,CUST00027,2023-06-16,1579.12
ORD001271,CUST00056,2023-06-16,1288.82
ORD001652,CUST00072,2023-06-16,3606.64
ORD002592,CUST00122,2023-06-16,1889.36
ORD003947,CUST00221,2023-06-16,1088.98
ORD004956,CUST00295,2023-06-16,1687.24
ORD005200,CUST00321,2023-06-16,483.25
ORD007197,CUST00581,2023-06-16,844.08
ORD007413,CUST00612,2023-06-16,1733.17
ORD007661,CUST00648,2023-06-16,1633.44
ORD007685,CUST00651,2023-06-16,1230.44
ORD001137,CUST00050,2023-06-17,1898.97
ORD001297,CUST00057,2023-06-17,2490.74
ORD001323,CUST00058,2023-06-17,3105.25
ORD002056,CUST00089,2023-06-17,2473.39
ORD004072,CUST00229,2023-06-17,2083.78
ORD004122,CUST00233,2023-06-17,1573.55
ORD004430,CUST00255,2023-06-17,1070.76
ORD005355,CUST00341,2023-06-17,1156.52
ORD005375,CUST00343,2023-06-17,1082.37
ORD006627,CUST00506,2023-06-17,772.8
ORD007507,CUST00627,2023-06-17,705.76
ORD007819,CUST00670,2023-06-17,531.74
ORD008116,CUST00715,2023-06-17,1633.35
ORD001821,CUST00079,2023-06-18,2752.77
ORD001938,CUST00084,2023-06-18,2872.87
ORD002104,CUST00091,2023-06-18,1841.28
ORD002246,CUST00098,2023-06-18,2521.85
ORD002273,CUST00099,2023-06-18,2138.83
ORD004784,CUST00281,2023-06-18,1297.71
ORD005707,CUST00384,2023-06-18,830.85
ORD006126,CUST00441,2023-06-18,643.07
ORD007123,CUST00571,2023-06-18,514.0
ORD007139,CUST00573,2023-06-18,1284.31
ORD000193,CUST00009,2023-06-19,4299.48
ORD000531,CUST00023,2023-06-19,4302.96
ORD001197,CUST00053,2023-06-19,3067.33
ORD001910,CUST00083,2023-06-19,3839.67
ORD002528,CUST00117,2023-06-19,1428.06
ORD004395,CUST00253,2023-06-19,1910.91
ORD005842,CUST00401,2023-06-19,1264.31
ORD007190,CUST00580,2023-06-19,1199.71
ORD007927,CUST00686,2023-06-19,1625.24
ORD008326,CUST00744,2023-06-19,692.62
ORD000793,CUST00035,2023-06-20,1640.25
ORD001247,CUST00055,2023-06-20,1408.78
ORD002343,CUST00103,2023-06-20,918.77
ORD003035,CUST00155,2023-06-20,1485.04
ORD004518,CUST00261,2023-06-20,1658.5
ORD004678,CUST00273,2023-06-20,1054.47
ORD004769,CUST00280,2023-06-20,1578.47
ORD006169,CUST00447,2023-06-20,1316.34
ORD006918,CUST00544,2023-06-20,598.99
ORD007841,CUST00674,2023-06-20,1339.1
ORD007850,CUST00675,2023-06-20,767.56
ORD000388,CUST00017,2023-06-21,1435.65
ORD001109,CUST00049,2023-06-21,1929.44
ORD001462,CUST00064,2023-06-21,4349.69
ORD002864,CUST00141,2023-06-21,1393.71
ORD003174,CUST00165,2023-06-21,1057.73
ORD004327,CUST00248,2023-06-21,1960.76
ORD005557,CUST00365,2023-06-21,492.78
ORD006046,CUST00429,2023-06-21,1125.79
ORD007052,CUST00560,2023-06-21,1715.01
ORD008193,CUST00725,2023-06-21,1296.8
ORD000147,CUST00007,2023-06-22,2140.46
ORD000861,CUST00038,2023-06-22,2417.41
ORD001404,CUST00062,2023-06-22,3006.12
ORD002009,CUST00087,2023-06-22,1873.2
ORD002422,CUST00109,2023-06-22,2083.13
ORD002850,CUST00140,2023-06-22,1885.29
ORD006610,CUST00504,2023-06-22,1075.0
ORD007068,CUST00562,2023-06-22,1795.69
ORD007154,CUST00575,2023-06-22,1796.49
ORD007904,CUST00683,2023-06-22,1218.41
ORD003358,CUST00178,2023-06-23,734.04
ORD003477,CUST00186,2023-06-23,2132.73
ORD007283,CUST00593,2023-06-23,1733.74
ORD007726,CUST00658,2023-06-23,1036.43
ORD003859,CUST00215,2023-06-24,2090.81
ORD003916,CUST00219,2023-06-24,1212.62
ORD005151,CUST00314,2023-06-24,984.33
ORD005321,CUST00337,2023-06-24,549.72
ORD005936,CUST00414,2023-06-24,585.3
ORD006988,CUST00552,2023-06-24,520.99
ORD007131,CUST00572,2023-06-24,1734.33
ORD007542,CUST00631,2023-06-24,552.59
ORD000744,CUST00033,2023-06-25,2940.62
ORD001608,CUST00070,2023-06-25,3721.36
ORD001960,CUST00085,2023-06-25,3516.92
ORD003103,CUST00160,2023-06-25,1169.9
ORD005779,CUST00393,2023-06-25,1234.17
ORD008333,CUST00745,2023-06-25,1299.34
ORD000006,CUST00001,2023-06-26,1921.51
ORD000361,CUST00016,2023-06-26,2522.33
ORD000986,CUST00044,2023-06-26,4350.21
ORD003192,CUST00166,2023-06-26,1751.95
ORD004564,CUST00264,2023-06-26,1747.07
ORD004739,CUST00278,2023-06-26,2151.53
ORD004973,CUST00296,2023-06-26,1333.02
ORD006825,CUST00534,2023-06-26,516.41
ORD007306,CUST00596,2023-06-26,1633.73
ORD000436,CUST00019,2023-06-27,2707.4
ORD001054,CUST00047,2023-06-27,2934.17
ORD001527,CUST00067,2023-06-27,3298.61
ORD001778,CUST00077,2023-06-27,2764.52
ORD003341,CUST00177,2023-06-27,1217.84
ORD007075,CUST00563,2023-06-27,1334.98
ORD007833,CUST00673,2023-06-27,726.15
ORD008142,CUST00718,2023-06-27,1423.27
ORD000120,CUST00006,2023-06-28,3384.18
ORD001030,CUST00046,2023-06-28,2522.75
ORD003532,CUST00190,2023-06-28,1228.3
ORD005020,CUST00299,2023-06-28,2161.75
ORD007034,CUST00558,2023-06-28,975.26
ORD007045,CUST00559,2023-06-28,1449.04
ORD008061,CUST00706,2023-06-28,522.67
ORD000294,CUST00013,2023-06-29,3766.71
ORD001382,CUST00061,2023-06-29,4452.11
ORD002809,CUST00137,2023-06-29,773.55
ORD003210,CUST00167,2023-06-29,881.12
ORD004284,CUST00245,2023-06-29,1121.13
ORD005647,CUST00377,2023-06-29,1248.67
ORD007112,CUST00570,2023-06-29,1769.39
ORD001866,CUST00081,2023-06-30,3384.5
ORD002295,CUST00100,2023-06-30,2904.46
ORD002628,CUST00124,2023-06-30,807.47
ORD003814,CUST00212,2023-06-30,1626.52
ORD005057,CUST00303,2023-06-30,1352.48
ORD005288,CUST00333,2023-06-30,719.32
ORD006080,CUST00433,2023-06-30,627.42
ORD007457,CUST00620,2023-06-30,1724.45
ORD007621,CUST00642,2023-06-30,1104.43
ORD000078,CUST00004,2023-07-01,3727.25
ORD000463,CUST00020,2023-07-01,4400.86
ORD003446,CUST00184,2023-07-01,1393.18
ORD005073,CUST00305,2023-07-01,507.16
ORD005718,CUST00385,2023-07-01,515.19
ORD007089,CUST00565,2023-07-01,1281.22
ORD007146,CUST00574,2023-07-01,1676.15
ORD007498,CUST00626,2023-07-01,1592.88
ORD007579,CUST00636,2023-07-01,773.28
ORD007918,CUST00685,2023-07-01,877.37
ORD008262,CUST00735,2023-07-01,607.74
ORD005123,CUST00311,2023-07-02,438.37
ORD007382,CUST00607,2023-07-02,1570.62
ORD000554,CUST00024,2023-07-03,1399.82
ORD001732,CUST00075,2023-07-03,4062.67
ORD002662,CUST00126,2023-07-03,2117.76
ORD002998,CUST00152,2023-07-03,864.55
ORD003414,CUST00182,2023-07-03,1661.97
ORD005459,CUST00353,2023-07-03,978.49
ORD005957,CUST00416,2023-07-03,1253.2
ORD007735,CUST00659,2023-07-03,1388.58
ORD007934,CUST00687,2023-07-03,1069.53
ORD007943,CUST00688,2023-07-03,1021.73
ORD000410,CUST00018,2023-07-04,2288.35
ORD000722,CUST00032,2023-07-04,4327.31
ORD000770,CUST00034,2023-07-04,2941.65
ORD002033,CUST00088,2023-07-04,1218.63
ORD002358,CUST00104,2023-07-04,1540.53
ORD002374,CUST00105,2023-07-04,1618.47
ORD003388,CUST00180,2023-07-04,1254.51
ORD003492,CUST00187,2023-07-04,1317.99
ORD003964,CUST00222,2023-07-04,1421.68
ORD004039,CUST00227,2023-07-04,1935.42
ORD004381,CUST00252,2023-07-04,1701.79
ORD005305,CUST00335,2023-07-04,1248.75
ORD007317,CUST00598,2023-07-04,1267.14
ORD007858,CUST00676,2023-07-04,1422.68
ORD008042,CUST00704,2023-07-04,1541.69
ORD008312,CUST00742,2023-07-04,948.61
ORD004471,CUST00258,2023-07-05,1000.46
ORD006400,CUST00478,2023-07-05,1329.55
ORD006995,CUST00553,2023-07-05,1345.56
ORD007206,CUST00582,2023-07-05,731.28
ORD008050,CUST00705,2023-07-05,938.89
ORD008075,CUST00708,2023-07-05,1075.29
ORD008135,CUST00717,2023-07-05,1155.86
ORD008281,CUST00737,2023-07-05,639.8
ORD000029,CUST00002,2023-07-06,1736.76
ORD001083,CUST00048,2023-07-06,2439.63
ORD002146,CUST00093,2023-07-06,2857.15
ORD002578,CUST00121,2023-07-06,1022.23
ORD003060,CUST00157,2023-07-06,1121.46
ORD003637,CUST00198,2023-07-06,729.57
ORD003651,CUST00199,2023-07-06,2154.14
ORD007012,CUST00555,2023-07-06,1702.44
ORD007235,CUST00586,2023-07-06,1542.24
ORD007473,CUST00622,2023-07-06,890.42
ORD000194,CUST00009,2023-07-07,4094.23
ORD000532,CUST00023,2023-07-07,3426.96
ORD001198,CUST00053,2023-07-07,4152.81
ORD001435,CUST00063,2023-07-07,1227.97
ORD001707,CUST00074,2023-07-07,3467.32
ORD003245,CUST00169,2023-07-07,939.64
ORD003460,CUST00185,2023-07-07,2060.19
ORD004537,CUST00262,2023-07-07,1764.51
ORD006869,CUST00538,2023-07-07,1334.33
ORD007527,CUST00629,2023-07-07,644.26
ORD007636,CUST00644,2023-07-07,852.16
ORD008110,CUST00714,2023-07-07,1182.83
ORD001138,CUST00050,2023-07-08,4374.86
ORD001463,CUST00064,2023-07-08,1255.08
ORD001583,CUST00069,2023-07-08,3454.6
ORD002105,CUST00091,2023-07-08,3414.23
ORD002542,CUST00118,2023-07-08,1891.37
ORD003159,CUST00164,2023-07-08,782.79
ORD003506,CUST00188,2023-07-08,1925.56
ORD003789,CUST00210,2023-07-08,2122.16
ORD004238,CUST00241,2023-07-08,2082.72
ORD004896,CUST00290,2023-07-08,1136.62
ORD008125,CUST00716,2023-07-08,587.6
ORD000337,CUST00015,2023-07-09,2952.04
ORD000618,CUST00027,2023-07-09,3094.53
ORD007249,CUST00588,2023-07-09,1567.4
ORD007534,CUST00630,2023-07-09,1789.21
ORD008654,CUST00958,2023-07-09,2104.77
ORD001680,CUST00073,2023-07-10,2075.37
ORD004878,CUST00289,2023-07-10,968.53
ORD006026,CUST00426,2023-07-10,1124.91
ORD007017,CUST00556,2023-07-10,533.58
ORD007757,CUST00662,2023-07-10,1004.95
ORD007795,CUST00667,2023-07-10,863.97
ORD007807,CUST00668,2023-07-10,855.07
ORD008226,CUST00730,2023-07-10,1671.72
ORD008254,CUST00734,2023-07-10,900.41
ORD000241,CUST00011,2023-07-11,3221.75
ORD000389,CUST00017,2023-07-11,3815.67
ORD000922,CUST00041,2023-07-11,3419.32
ORD001405,CUST00062,2023-07-11,3068.27
ORD001555,CUST00068,2023-07-11,2074.53
ORD001653,CUST00072,2023-07-11,2673.88
ORD001961,CUST00085,2023-07-11,4159.69
ORD002448,CUST00111,2023-07-11,1357.62
ORD002793,CUST00136,2023-07-11,1446.44
ORD004453,CUST00257,2023-07-11,1081.79
ORD004612,CUST00267,2023-07-11,1696.16
ORD006909,CUST00543,2023-07-11,1089.57
ORD007026,CUST00557,2023-07-11,646.13
ORD007591,CUST00637,2023-07-11,1409.96
ORD007656,CUST00647,2023-07-11,1395.07
ORD008167,CUST00722,2023-07-11,1343.79
ORD008214,CUST00728,2023-07-11,831.69
ORD000491,CUST00021,2023-07-12,1721.32
ORD001528,CUST00067,2023-07-12,4338.27
ORD002890,CUST00143,2023-07-12,1423.99
ORD004023,CUST00226,2023-07-12,795.5
ORD005241,CUST00327,2023-07-12,999.64
ORD005889,CUST00407,2023-07-12,925.06
ORD005945,CUST00415,2023-07-12,1273.98
ORD006983,CUST00551,2023-07-12,965.91
ORD007676,CUST00650,2023-07-12,1670.56
ORD008271,CUST00736,2023-07-12,1382.36
ORD008613,CUST00917,2023-07-12,1179.36
ORD000218,CUST00010,2023-07-13,3429.57
ORD000362,CUST00016,2023-07-13,3104.17
ORD002167,CUST00094,2023-07-13,2405.48
ORD002247,CUST00098,2023-07-13,3842.82
ORD002511,CUST00116,2023-07-13,1250.67
ORD002777,CUST00135,2023-07-13,1276.13
ORD003558,CUST00192,2023-07-13,1168.01
ORD007449,CUST00618,2023-07-13,1751.95
ORD007561,CUST00634,2023-07-13,1553.98
ORD007777,CUST00665,2023-07-13,1618.47
ORD008086,CUST00710,2023-07-13,1524.49
ORD008203,CUST00727,2023-07-13,1358.8
ORD004416,CUST00254,2023-07-14,1914.23
ORD006453,CUST00485,2023-07-14,1055.11
ORD007418,CUST00613,2023-07-14,1730.87
ORD008032,CUST00703,2023-07-14,1706.15
ORD000745,CUST00033,2023-07-15,3895.74
ORD000987,CUST00044,2023-07-15,2158.49
ORD001110,CUST00049,2023-07-15,2108.01
ORD001272,CUST00056,2023-07-15,4311.82
ORD002296,CUST00100,2023-07-15,3512.7
ORD002611,CUST00123,2023-07-15,1031.2
ORD003129,CUST00162,2023-07-15,1282.89
ORD004312,CUST00247,2023-07-15,1781.83
ORD007242,CUST00587,2023-07-15,1252.65
ORD008289,CUST00738,2023-07-15,1395.74
ORD000437,CUST00019,2023-07-16,2465.83
ORD000794,CUST00035,2023-07-16,3001.85
ORD001031,CUST00046,2023-07-16,1809.78
ORD001779,CUST00077,2023-07-16,3336.33
ORD002593,CUST00122,2023-07-16,1432.41
ORD003074,CUST00158,2023-07-16,1056.92
ORD004073,CUST00229,2023-07-16,2053.77
ORD004154,CUST00235,2023-07-16,1332.64
ORD005260,CUST00329,2023-07-16,1086.77
ORD005296,CUST00334,2023-07-16,483.62
ORD006156,CUST00445,2023-07-16,754.37
ORD006434,CUST00482,2023-07-16,1041.67
ORD007222,CUST00584,2023-07-16,1403.6
ORD000945,CUST00042,2023-07-17,3639.75
ORD001383,CUST00061,2023-07-17,1647.44
ORD001609,CUST00070,2023-07-17,3099.78
ORD002484,CUST00114,2023-07-17,1412.91
ORD002529,CUST00117,2023-07-17,747.73
ORD002678,CUST00127,2023-07-17,1816.59
ORD004679,CUST00273,2023-07-17,1339.36
ORD005414,CUST00348,2023-07-17,442.68
ORD005861,CUST00403,2023-07-17,1382.7
ORD006943,CUST00547,2023-07-17,739.81
ORD007440,CUST00617,2023-07-17,1391.29
ORD007627,CUST00643,2023-07-17,1734.52
ORD000464,CUST00020,2023-07-18,2749.32
ORD001248,CUST00055,2023-07-18,2110.67
ORD004503,CUST00260,2023-07-18,1038.24
ORD004853,CUST00287,2023-07-18,2169.77
ORD004957,CUST00295,2023-07-18,1150.9
ORD006838,CUST00535,2023-07-18,907.29
ORD007487,CUST00625,2023-07-18,669.72
ORD008021,CUST00701,2023-07-18,1526.93
ORD008243,CUST00733,2023-07-18,1204.87
ORD000264,CUST00012,2023-07-19,4016.38
ORD000295,CUST00013,2023-07-19,4383.58
ORD001324,CUST00058,2023-07-19,1816.97
ORD002057,CUST00089,2023-07-19,3589.12
ORD002647,CUST00125,2023-07-19,720.6
ORD003478,CUST00186,2023-07-19,1134.78
ORD003614,CUST00196,2023-07-19,1846.02
ORD003842,CUST00214,2023-07-19,2007.52
ORD004583,CUST00265,2023-07-19,1063.44
ORD005671,CUST00380,2023-07-19,890.1
ORD005790,CUST00394,2023-07-19,415.59
ORD006283,CUST00462,2023-07-19,690.19
ORD006658,CUST00510,2023-07-19,1226.97
ORD007369,CUST00605,2023-07-19,1557.73
ORD007694,CUST00652,2023-07-19,822.69
ORD008347,CUST00747,2023-07-19,523.29
ORD000079,CUST00004,2023-07-20,3377.18
ORD001298,CUST00057,2023-07-20,3478.44
ORD001939,CUST00084,2023-07-20,3322.95
ORD002274,CUST00099,2023-07-20,4219.53
ORD003104,CUST00160,2023-07-20,1709.2
ORD003860,CUST00215,2023-07-20,1362.28
ORD003901,CUST00218,2023-07-20,1828.84
ORD005108,CUST00309,2023-07-20,1137.43
ORD006226,CUST00454,2023-07-20,1073.35
ORD006247,CUST00457,2023-07-20,1163.94
ORD006900,CUST00542,2023-07-20,871.84
ORD007338,CUST00601,2023-07-20,880.85
ORD007891,CUST00681,2023-07-20,998.88
ORD008232,CUST00731,2023-07-20,818.89
ORD000148,CUST00007,2023-07-21,3951.36
ORD003297,CUST00173,2023-07-21,1418.9
ORD003708,CUST00203,2023-07-21,2132.63
ORD007124,CUST00571,2023-07-21,1176.81
ORD007364,CUST00604,2023-07-21,1242.49
ORD007863,CUST00677,2023-07-21,1250.13
ORD000771,CUST00034,2023-07-22,3761.37
ORD004205,CUST00239,2023-07-22,953.79
ORD005510,CUST00359,2023-07-22,407.61
ORD006522,CUST00494,2023-07-22,1209.22
ORD006618,CUST00505,2023-07-22,648.63
ORD006972,CUST00550,2023-07-22,425.42
ORD007053,CUST00560,2023-07-22,1472.32
ORD001199,CUST00053,2023-07-23,1958.23
ORD001822,CUST00079,2023-07-23,3125.8
ORD003228,CUST00168,2023-07-23,961.82
ORD004328,CUST00248,2023-07-23,861.76
ORD005567,CUST00366,2023-07-23,1059.67
ORD007005,CUST00554,2023-07-23,772.77
ORD007164,CUST00576,2023-07-23,1674.93
ORD007213,CUST00583,2023-07-23,1697.64
ORD007265,CUST00590,2023-07-23,902.77
ORD007350,CUST00602,2023-07-23,725.37
ORD007395,CUST00609,2023-07-23,1197.14
ORD008645,CUST00949,2023-07-23,1605.3
ORD000049,CUST00003,2023-07-24,2394.59
ORD000862,CUST00038,2023-07-24,1628.25
ORD001911,CUST00083,2023-07-24,4124.21
ORD002010,CUST00087,2023-07-24,1306.61
ORD004519,CUST00261,2023-07-24,839.86
ORD005491,CUST00357,2023-07-24,685.03
ORD005807,CUST00396,2023-07-24,1366.91
ORD007518,CUST00628,2023-07-24,971.1
ORD001464,CUST00064,2023-07-25,1245.52
ORD002834,CUST00139,2023-07-25,2192.54
ORD003193,CUST00166,2023-07-25,721.55
ORD003273,CUST00171,2023-07-25,789.48
ORD003751,CUST00207,2023-07-25,1835.0
ORD005734,CUST00387,2023-07-25,469.45
ORD007132,CUST00572,2023-07-25,995.95
ORD007291,CUST00594,2023-07-25,794.63
ORD007604,CUST00639,2023-07-25,947.49
ORD007820,CUST00670,2023-07-25,1752.15
ORD008295,CUST00739,2023-07-25,1549.06
ORD008319,CUST00743,2023-07-25,1468.87
ORD000555,CUST00024,2023-07-26,1826.37
ORD001139,CUST00050,2023-07-26,3664.7
ORD001799,CUST00078,2023-07-26,3379.75
ORD002851,CUST00140,2023-07-26,1150.43
ORD004396,CUST00253,2023-07-26,1007.97
ORD005003,CUST00298,2023-07-26,1434.43
ORD005449,CUST00352,2023-07-26,742.02
ORD006859,CUST00537,2023-07-26,971.01
ORD007414,CUST00612,2023-07-26,1617.33
ORD007662,CUST00648,2023-07-26,1324.03
ORD007751,CUST00661,2023-07-26,1646.14
ORD000007,CUST00001,2023-07-27,3186.66
ORD001529,CUST00067,2023-07-27,3704.47
ORD002078,CUST00090,2023-07-27,2628.98
ORD003575,CUST00193,2023-07-27,1966.04
ORD004057,CUST00228,2023-07-27,1068.18
ORD007069,CUST00562,2023-07-27,831.87
ORD007613,CUST00640,2023-07-27,1747.08
ORD007790,CUST00666,2023-07-27,500.01
ORD007873,CUST00679,2023-07-27,1572.8
ORD007957,CUST00690,2023-07-27,515.82
ORD008179,CUST00723,2023-07-27,1002.52
ORD000121,CUST00006,2023-07-28,1710.83
ORD001055,CUST00047,2023-07-28,3522.43
ORD001584,CUST00069,2023-07-28,2368.01
ORD002147,CUST00093,2023-07-28,3998.34
ORD002909,CUST00144,2023-07-28,1014.77
ORD003175,CUST00165,2023-07-28,794.49
ORD003211,CUST00167,2023-07-28,1836.33
ORD004219,CUST00240,2023-07-28,798.19
ORD007269,CUST00591,2023-07-28,1496.19
ORD007334,CUST00600,2023-07-28,1412.87
ORD007648,CUST00646,2023-07-28,1142.5
ORD008007,CUST00699,2023-07-28,748.65
ORD008016,CUST00700,2023-07-28,1218.77
ORD008066,CUST00707,2023-07-28,814.63
ORD000363,CUST00016,2023-07-29,1700.7
ORD001556,CUST00068,2023-07-29,1498.39
ORD001733,CUST00075,2023-07-29,4097.05
ORD003430,CUST00183,2023-07-29,1541.55
ORD005752,CUST00389,2023-07-29,1134.82
ORD006260,CUST00459,2023-07-29,460.8
ORD006467,CUST00487,2023-07-29,572.97
ORD007467,CUST00621,2023-07-29,1304.54
ORD000195,CUST00009,2023-07-30,1789.27
ORD002663,CUST00126,2023-07-30,1282.97
ORD004040,CUST00227,2023-07-30,1460.96
ORD004770,CUST00280,2023-07-30,1427.79
ORD005092,CUST00307,2023-07-30,821.06
ORD006544,CUST00496,2023-07-30,400.84
ORD006764,CUST00525,2023-07-30,435.74
ORD007060,CUST00561,2023-07-30,1614.98
ORD007182,CUST00579,2023-07-30,1788.27
ORD003359,CUST00178,2023-07-31,2154.36
ORD003689,CUST00202,2023-07-31,1100.4
ORD003931,CUST00220,2023-07-31,841.73
ORD004797,CUST00282,2023-07-31,1690.34
ORD005141,CUST00313,2023-07-31,830.91
ORD006372,CUST00475,2023-07-31,870.49
ORD007176,CUST00578,2023-07-31,536.89
ORD007276,CUST00592,2023-07-31,709.57
ORD007570,CUST00635,2023-07-31,1313.96
ORD007597,CUST00638,2023-07-31,1332.77
ORD000030,CUST00002,2023-08-01,1891.37
ORD003948,CUST00221,2023-08-01,859.5
ORD004431,CUST00255,2023-08-01,1893.42
ORD004785,CUST00281,2023-08-01,785.86
ORD005376,CUST00343,2023-08-01,1285.2
ORD006383,CUST00476,2023-08-01,984.47
ORD008194,CUST00725,2023-08-01,1308.3
ORD000659,CUST00029,2023-08-02,2155.4
ORD002034,CUST00088,2023-08-02,3541.97
ORD002714,CUST00130,2023-08-02,2041.2
ORD003917,CUST00219,2023-08-02,1714.66
ORD003965,CUST00222,2023-08-02,1674.61
ORD004006,CUST00225,2023-08-02,1949.62
ORD004753,CUST00279,2023-08-02,1681.78
ORD006849,CUST00536,2023-08-02,832.01
ORD007736,CUST00659,2023-08-02,568.23
ORD007988,CUST00695,2023-08-02,1230.19
ORD008062,CUST00706,2023-08-02,618.53
ORD008263,CUST00735,2023-08-02,607.0
ORD000411,CUST00018,2023-08-03,2151.12
ORD000723,CUST00032,2023-08-03,1833.62
ORD001507,CUST00066,2023-08-03,1940.9
ORD001654,CUST00072,2023-08-03,1891.96
ORD001681,CUST00073,2023-08-03,2181.42
ORD001983,CUST00086,2023-08-03,4432.35
ORD002058,CUST00089,2023-08-03,4207.41
ORD002208,CUST00096,2023-08-03,3927.5
ORD002543,CUST00118,2023-08-03,1935.46
ORD003036,CUST00155,2023-08-03,832.67
ORD006706,CUST00517,2023-08-03,1374.25
ORD007508,CUST00627,2023-08-03,1317.29
ORD007769,CUST00664,2023-08-03,1396.67
ORD007842,CUST00674,2023-08-03,1479.81
ORD000923,CUST00041,2023-08-04,2971.08
ORD001032,CUST00046,2023-08-04,2775.6
ORD001867,CUST00081,2023-08-04,3959.2
ORD003389,CUST00180,2023-08-04,1543.73
ORD005579,CUST00367,2023-08-04,429.5
ORD006069,CUST00432,2023-08-04,843.81
ORD006144,CUST00444,2023-08-04,905.03
ORD007090,CUST00565,2023-08-04,1231.75
ORD007284,CUST00593,2023-08-04,1546.39
ORD007359,CUST00603,2023-08-04,1408.94
ORD008043,CUST00704,2023-08-04,553.35
ORD008313,CUST00742,2023-08-04,540.79
ORD008334,CUST00745,2023-08-04,503.56
ORD001273,CUST00056,2023-08-05,2646.9
ORD002449,CUST00111,2023-08-05,1049.22
ORD004472,CUST00258,2023-08-05,1712.66
ORD005432,CUST00350,2023-08-05,555.74
ORD005843,CUST00401,2023-08-05,1140.47
ORD006554,CUST00497,2023-08-05,1098.78
ORD006595,CUST00502,2023-08-05,873.55
ORD006628,CUST00506,2023-08-05,1009.35
ORD006989,CUST00552,2023-08-05,1544.44
ORD007113,CUST00570,2023-08-05,1008.61
ORD007377,CUST00606,2023-08-05,1241.7
ORD007743,CUST00660,2023-08-05,1014.55
ORD008117,CUST00715,2023-08-05,567.79
ORD008136,CUST00717,2023-08-05,1011.95
ORD000296,CUST00013,2023-08-06,3109.66
ORD000338,CUST00015,2023-08-06,4488.88
ORD000533,CUST00023,2023-08-06,1282.58
ORD000619,CUST00027,2023-08-06,3989.01
ORD001708,CUST00074,2023-08-06,3089.96
ORD002810,CUST00137,2023-08-06,2190.6
ORD002999,CUST00152,2023-08-06,1998.52
ORD003342,CUST00177,2023-08-06,1452.18
ORD003652,CUST00199,2023-08-06,1445.43
ORD003993,CUST00224,2023-08-06,1410.01
ORD004897,CUST00290,2023-08-06,1014.65
ORD007046,CUST00559,2023-08-06,927.21
ORD007100,CUST00567,2023-08-06,762.85
ORD007140,CUST00573,2023-08-06,1624.61
ORD007554,CUST00633,2023-08-06,1419.46
ORD007928,CUST00686,2023-08-06,1599.2
ORD008687,CUST00991,2023-08-06,2396.13
ORD001084,CUST00048,2023-08-07,1638.87
ORD002297,CUST00100,2023-08-07,2019.25
ORD002512,CUST00116,2023-08-07,1863.88
ORD004123,CUST00233,2023-08-07,1867.82
ORD004454,CUST00257,2023-08-07,901.5
ORD004974,CUST00296,2023-08-07,1082.45
ORD007198,CUST00581,2023-08-07,1131.07
ORD000988,CUST00044,2023-08-08,4352.54
ORD001299,CUST00057,2023-08-08,2338.39
ORD005152,CUST00314,2023-08-08,1287.19
ORD005682,CUST00381,2023-08-08,1218.51
ORD006748,CUST00523,2023-08-08,1187.42
ORD007318,CUST00598,2023-08-08,1670.3
ORD007834,CUST00673,2023-08-08,983.74
ORD000170,CUST00008,2023-08-09,1620.57
ORD000816,CUST00036,2023-08-09,3188.1
ORD005613,CUST00372,2023-08-09,1088.29
ORD006533,CUST00495,2023-08-09,800.75
ORD007018,CUST00556,2023-08-09,1655.47
ORD007808,CUST00668,2023-08-09,1413.74
ORD000465,CUST00020,2023-08-10,2317.25
ORD000492,CUST00021,2023-08-10,4319.28
ORD000863,CUST00038,2023-08-10,1416.97
ORD000946,CUST00042,2023-08-10,3159.29
ORD001406,CUST00062,2023-08-10,3801.4
ORD001962,CUST00085,2023-08-10,1663.48
ORD002106,CUST00091,2023-08-10,4012.43
ORD002375,CUST00105,2023-08-10,1973.35
ORD002579,CUST00121,2023-08-10,732.55
ORD002612,CUST00123,2023-08-10,1710.45
ORD003130,CUST00162,2023-08-10,1087.36
ORD003638,CUST00198,2023-08-10,756.07
ORD004239,CUST00241,2023-08-10,1596.8
ORD004313,CUST00247,2023-08-10,1116.9
ORD006826,CUST00534,2023-08-10,876.04
ORD007686,CUST00651,2023-08-10,854.58
ORD007813,CUST00669,2023-08-10,1105.41
ORD007919,CUST00685,2023-08-10,1054.75
ORD007976,CUST00693,2023-08-10,1631.87
ORD008126,CUST00716,2023-08-10,849.76
ORD008638,CUST00942,2023-08-10,2433.41
ORD000242,CUST00011,2023-08-11,2608.24
ORD001249,CUST00055,2023-08-11,2797.96
ORD001436,CUST00063,2023-08-11,1741.58
ORD002079,CUST00090,2023-08-11,2485.36
ORD002679,CUST00127,2023-08-11,1220.17
ORD002865,CUST00141,2023-08-11,1320.93
ORD004074,CUST00229,2023-08-11,2166.6
ORD004740,CUST00278,2023-08-11,2029.98
ORD004988,CUST00297,2023-08-11,1268.41
ORD005624,CUST00374,2023-08-11,717.78
ORD005696,CUST00383,2023-08-11,1351.49
ORD005780,CUST00393,2023-08-11,833.46
ORD007431,CUST00615,2023-08-11,634.93
ORD007499,CUST00626,2023-08-11,1310.2
ORD007824,CUST00671,2023-08-11,1737.79
ORD007851,CUST00675,2023-08-11,1015.26
ORD008366,CUST00750,2023-08-11,1452.58
ORD000050,CUST00003,2023-08-12,2881.44
ORD000315,CUST00014,2023-08-12,3924.92
ORD005547,CUST00364,2023-08-12,1240.46
ORD005719,CUST00385,2023-08-12,975.23
ORD006927,CUST00545,2023-08-12,1395.65
ORD007253,CUST00589,2023-08-12,1739.11
ORD007458,CUST00620,2023-08-12,1648.71
ORD007637,CUST00644,2023-08-12,528.18
ORD008688,CUST00992,2023-08-12,2274.49
ORD000219,CUST00010,2023-08-13,2761.51
ORD000556,CUST00024,2023-08-13,4331.74
ORD000772,CUST00034,2023-08-13,2193.8
ORD001325,CUST00058,2023-08-13,1850.35
ORD001610,CUST00070,2023-08-13,2370.86
ORD001912,CUST00083,2023-08-13,1573.09
ORD002497,CUST00115,2023-08-13,1799.78
ORD003447,CUST00184,2023-08-13,1832.87
ORD004565,CUST00264,2023-08-13,2053.35
ORD005926,CUST00413,2023-08-13,1078.85
ORD006216,CUST00453,2023-08-13,912.84
ORD007191,CUST00580,2023-08-13,1587.11
ORD007383,CUST00607,2023-08-13,861.51
ORD007408,CUST00611,2023-08-13,685.59
ORD007622,CUST00642,2023-08-13,921.68
ORD007859,CUST00676,2023-08-13,1135.93
ORD007905,CUST00683,2023-08-13,1611.03
ORD007935,CUST00687,2023-08-13,1532.64
ORD000149,CUST00007,2023-08-14,3218.54
ORD000390,CUST00017,2023-08-14,3671.56
ORD001056,CUST00047,2023-08-14,4226.91
ORD001384,CUST00061,2023-08-14,4231.94
ORD001800,CUST00078,2023-08-14,3580.23
ORD002344,CUST00103,2023-08-14,1807.81
ORD005021,CUST00299,2023-08-14,1866.29
ORD005322,CUST00337,2023-08-14,869.76
ORD007657,CUST00647,2023-08-14,980.44
ORD008111,CUST00714,2023-08-14,1089.03
ORD001465,CUST00064,2023-08-15,1331.43
ORD002275,CUST00099,2023-08-15,2346.67
ORD003415,CUST00182,2023-08-15,1489.65
ORD004341,CUST00249,2023-08-15,782.18
ORD004596,CUST00266,2023-08-15,1745.11
ORD005356,CUST00341,2023-08-15,587.74
ORD005648,CUST00377,2023-08-15,1243.08
ORD006569,CUST00499,2023-08-15,1223.24
ORD007250,CUST00588,2023-08-15,1104.87
ORD008290,CUST00738,2023-08-15,1011.41
ORD000265,CUST00012,2023-08-16,2976.13
ORD000837,CUST00037,2023-08-16,3718.18
ORD001111,CUST00049,2023-08-16,4330.12
ORD001940,CUST00084,2023-08-16,3896.44
ORD002248,CUST00098,2023-08-16,3500.29
ORD002423,CUST00109,2023-08-16,1833.21
ORD004363,CUST00251,2023-08-16,978.89
ORD004538,CUST00262,2023-08-16,938.17
ORD004656,CUST00271,2023-08-16,1808.88
ORD007035,CUST00558,2023-08-16,1368.96
ORD007543,CUST00631,2023-08-16,1793.63
ORD007704,CUST00654,2023-08-16,908.31
ORD007727,CUST00658,2023-08-16,590.45
ORD008327,CUST00744,2023-08-16,682.44
ORD001585,CUST00069,2023-08-17,2107.44
ORD002126,CUST00092,2023-08-17,2383.85
ORD002168,CUST00094,2023-08-17,4164.15
ORD006578,CUST00500,2023-08-17,1221.28
ORD007155,CUST00575,2023-08-17,1421.09
ORD007243,CUST00587,2023-08-17,1775.31
ORD008098,CUST00712,2023-08-17,616.3
ORD000746,CUST00033,2023-08-18,1656.72
ORD002629,CUST00124,2023-08-18,1345.1
ORD003088,CUST00159,2023-08-18,1273.01
ORD004109,CUST00232,2023-08-18,1146.94
ORD005384,CUST00344,2023-08-18,1185.35
ORD005708,CUST00384,2023-08-18,453.16
ORD006268,CUST00460,2023-08-18,809.81
ORD006961,CUST00549,2023-08-18,1344.49
ORD007236,CUST00586,2023-08-18,981.3
ORD007388,CUST00608,2023-08-18,1361.85
ORD007778,CUST00665,2023-08-18,1149.47
ORD008087,CUST00710,2023-08-18,783.31
ORD008143,CUST00718,2023-08-18,822.68
ORD000438,CUST00019,2023-08-19,2877.19
ORD001780,CUST00077,2023-08-19,3842.85
ORD003533,CUST00190,2023-08-19,1450.95
ORD004024,CUST00226,2023-08-19,870.95
ORD004879,CUST00289,2023-08-19,1791.09
ORD006495,CUST00491,2023-08-19,1229.5
ORD007535,CUST00630,2023-08-19,1606.63
ORD008168,CUST00722,2023-08-19,1015.27
ORD000795,CUST00035,2023-08-20,1777.79
ORD001655,CUST00072,2023-08-20,2356.59
ORD001868,CUST00081,2023-08-20,3476.17
ORD002794,CUST00136,2023-08-20,1515.25
ORD003887,CUST00217,2023-08-20,1187.37
ORD004382,CUST00252,2023-08-20,1737.76
ORD005503,CUST00358,2023-08-20,611.87
ORD006081,CUST00433,2023-08-20,546.9
ORD006503,CUST00492,2023-08-20,1368.49
ORD007147,CUST00574,2023-08-20,1160.17
ORD007880,CUST00680,2023-08-20,1048.49
ORD008648,CUST00952,2023-08-20,2241.24
ORD000080,CUST00004,2023-08-21,1744.92
ORD000122,CUST00006,2023-08-21,1918.41
ORD001682,CUST00073,2023-08-21,1363.8
ORD001734,CUST00075,2023-08-21,2464.04
ORD002035,CUST00088,2023-08-21,1331.8
ORD003461,CUST00185,2023-08-21,1067.13
ORD004285,CUST00245,2023-08-21,1756.07
ORD004520,CUST00261,2023-08-21,1712.33
ORD005460,CUST00353,2023-08-21,723.73
ORD005817,CUST00397,2023-08-21,861.15
ORD006984,CUST00551,2023-08-21,1039.67
ORD007707,CUST00655,2023-08-21,711.77
ORD000196,CUST00009,2023-08-22,1326.25
ORD000724,CUST00032,2023-08-22,1711.32
ORD000924,CUST00041,2023-08-22,2622.06
ORD001557,CUST00068,2023-08-22,3927.08
ORD002011,CUST00087,2023-08-22,1538.18
ORD002891,CUST00143,2023-08-22,931.12
ORD004220,CUST00240,2023-08-22,1311.24
ORD004550,CUST00263,2023-08-22,1220.17
ORD004854,CUST00287,2023-08-22,1856.92
ORD005251,CUST00328,2023-08-22,943.61
ORD006006,CUST00423,2023-08-22,1290.42
ORD007223,CUST00584,2023-08-22,818.96
ORD007580,CUST00636,2023-08-22,603.24
ORD008282,CUST00737,2023-08-22,878.86
ORD001300,CUST00057,2023-08-23,2793.14
ORD001530,CUST00067,2023-08-23,4001.72
ORD003274,CUST00171,2023-08-23,866.66
ORD003372,CUST00179,2023-08-23,1156.12
ORD003815,CUST00212,2023-08-23,1072.48
ORD005124,CUST00311,2023-08-23,1329.1
ORD007207,CUST00582,2023-08-23,1404.33
ORD008051,CUST00705,2023-08-23,1435.44
ORD008626,CUST00930,2023-08-23,1047.85
ORD000031,CUST00002,2023-08-24,3516.01
ORD002298,CUST00100,2023-08-24,2516.47
ORD003075,CUST00158,2023-08-24,1789.0
ORD004167,CUST00236,2023-08-24,1842.52
ORD004329,CUST00248,2023-08-24,2138.2
ORD006726,CUST00520,2023-08-24,645.05
ORD007307,CUST00596,2023-08-24,701.07
ORD007450,CUST00618,2023-08-24,1798.88
ORD008222,CUST00729,2023-08-24,1669.23
ORD008255,CUST00734,2023-08-24,1642.84
ORD000989,CUST00044,2023-08-25,2343.0
ORD001140,CUST00050,2023-08-25,4217.66
ORD001200,CUST00053,2023-08-25,2769.15
ORD001508,CUST00066,2023-08-25,2573.65
ORD001984,CUST00086,2023-08-25,2102.87
ORD004397,CUST00253,2023-08-25,1939.13
ORD004504,CUST00260,2023-08-25,1728.64
ORD004680,CUST00273,2023-08-25,1167.19
ORD004798,CUST00282,2023-08-25,2179.27
ORD005825,CUST00398,2023-08-25,427.67
ORD007027,CUST00557,2023-08-25,1103.76
ORD007214,CUST00583,2023-08-25,1598.51
ORD000899,CUST00040,2023-08-26,1873.28
ORD001033,CUST00046,2023-08-26,1222.54
ORD001407,CUST00062,2023-08-26,1351.61
ORD001823,CUST00079,2023-08-26,1435.01
ORD005876,CUST00405,2023-08-26,816.9
ORD007076,CUST00563,2023-08-26,1206.31
ORD008204,CUST00727,2023-08-26,1450.88
ORD002359,CUST00104,2023-08-27,1915.02
ORD003061,CUST00157,2023-08-27,1085.43
ORD003212,CUST00167,2023-08-27,1744.44
ORD003493,CUST00187,2023-08-27,2066.18
ORD007701,CUST00653,2023-08-27,1682.75
ORD008033,CUST00703,2023-08-27,1715.18
ORD008076,CUST00708,2023-08-27,1654.55
ORD000008,CUST00001,2023-08-28,1856.16
ORD001250,CUST00055,2023-08-28,2391.71
ORD001709,CUST00074,2023-08-28,2771.67
ORD002910,CUST00144,2023-08-28,988.82
ORD003752,CUST00207,2023-08-28,1015.58
ORD004613,CUST00267,2023-08-28,950.57
ORD004818,CUST00284,2023-08-28,952.08
ORD005525,CUST00361,2023-08-28,829.1
ORD006511,CUST00493,2023-08-28,986.82
ORD006910,CUST00543,2023-08-28,1172.1
ORD007441,CUST00617,2023-08-28,1084.57
ORD008244,CUST00733,2023-08-28,1036.44
ORD000051,CUST00003,2023-08-29,3694.08
ORD000660,CUST00029,2023-08-29,1268.83
ORD000773,CUST00034,2023-08-29,1986.85
ORD000817,CUST00036,2023-08-29,3000.07
ORD001274,CUST00056,2023-08-29,3943.23
ORD001913,CUST00083,2023-08-29,4439.18
ORD002059,CUST00089,2023-08-29,2897.22
ORD002080,CUST00090,2023-08-29,2964.95
ORD003431,CUST00183,2023-08-29,1791.78
ORD003479,CUST00186,2023-08-29,1658.42
ORD004041,CUST00227,2023-08-29,1644.89
ORD004417,CUST00254,2023-08-29,957.04
ORD005082,CUST00306,2023-08-29,795.36
ORD006996,CUST00553,2023-08-29,1006.59
ORD007419,CUST00613,2023-08-29,582.74
ORD007796,CUST00667,2023-08-29,529.11
ORD000297,CUST00013,2023-08-30,3100.13
ORD000412,CUST00018,2023-08-30,3884.77
ORD000966,CUST00043,2023-08-30,4080.3
ORD002485,CUST00114,2023-08-30,932.49
ORD002835,CUST00139,2023-08-30,2090.66
ORD003246,CUST00169,2023-08-30,764.67
ORD003390,CUST00180,2023-08-30,1698.33
ORD003507,CUST00188,2023-08-30,2181.37
ORD004485,CUST00259,2023-08-30,1681.14
ORD005186,CUST00319,2023-08-30,912.8
ORD005791,CUST00394,2023-08-30,617.33
ORD006774,CUST00526,2023-08-30,692.33
ORD007013,CUST00555,2023-08-30,711.09
ORD007695,CUST00652,2023-08-30,1049.89
ORD007821,CUST00670,2023-08-30,805.26
ORD007829,CUST00672,2023-08-30,713.06
ORD000099,CUST00005,2023-08-31,3864.74
ORD000364,CUST00016,2023-08-31,4332.11
ORD001326,CUST00058,2023-08-31,2065.77
ORD001466,CUST00064,2023-08-31,4330.64
ORD002148,CUST00093,2023-08-31,3457.73
ORD002530,CUST00117,2023-08-31,1954.45
ORD003615,CUST00196,2023-08-31,1712.54
ORD003790,CUST00210,2023-08-31,1537.79
ORD005558,CUST00365,2023-08-31,1244.62
ORD006170,CUST00447,2023-08-31,483.79
ORD006410,CUST00479,2023-08-31,754.99
ORD007396,CUST00609,2023-08-31,1612.16
ORD007474,CUST00622,2023-08-31,1742.45
ORD007944,CUST00688,2023-08-31,816.2
ORD008296,CUST00739,2023-08-31,1532.53
ORD000696,CUST00031,2023-09-01,2854.51
ORD001057,CUST00047,2023-09-01,1403.8
ORD002249,CUST00098,2023-09-01,1730.44
ORD002664,CUST00126,2023-09-01,1694.47
ORD002778,CUST00135,2023-09-01,2162.79
ORD003160,CUST00164,2023-09-01,1670.61
ORD005074,CUST00305,2023-09-01,1290.2
ORD006187,CUST00449,2023-09-01,714.37
ORD007351,CUST00602,2023-09-01,1461.03
ORD007592,CUST00637,2023-09-01,1490.17
ORD007964,CUST00691,2023-09-01,1122.35
ORD008227,CUST00730,2023-09-01,929.78
ORD000171,CUST00008,2023-09-02,2403.35
ORD000220,CUST00010,2023-09-02,3374.21
ORD001085,CUST00048,2023-09-02,1591.49
ORD001611,CUST00070,2023-09-02,1781.13
ORD001941,CUST00084,2023-09-02,2715.01
ORD003559,CUST00192,2023-09-02,1365.93
ORD003576,CUST00193,2023-09-02,884.14
ORD007415,CUST00612,2023-09-02,1698.39
ORD007649,CUST00646,2023-09-02,1041.25
ORD008017,CUST00700,2023-09-02,1537.44
ORD002169,CUST00094,2023-09-03,2904.99
ORD002450,CUST00111,2023-09-03,722.09
ORD003690,CUST00202,2023-09-03,1669.06
ORD003902,CUST00218,2023-09-03,931.2
ORD004455,CUST00257,2023-09-03,1142.57
ORD008185,CUST00724,2023-09-03,958.23
ORD001887,CUST00082,2023-09-04,2290.99
ORD002648,CUST00125,2023-09-04,1906.42
ORD004206,CUST00239,2023-09-04,2141.69
ORD004693,CUST00274,2023-09-04,729.72
ORD005909,CUST00410,2023-09-04,876.41
ORD006870,CUST00538,2023-09-04,770.79
ORD007061,CUST00561,2023-09-04,1317.33
ORD007165,CUST00576,2023-09-04,1559.87
ORD007528,CUST00629,2023-09-04,1528.26
ORD007758,CUST00662,2023-09-04,762.06
ORD008306,CUST00741,2023-09-04,1032.84
ORD001112,CUST00049,2023-09-05,3265.78
ORD002544,CUST00118,2023-09-05,1493.53
ORD002811,CUST00137,2023-09-05,1708.14
ORD003861,CUST00215,2023-09-05,1541.28
ORD005004,CUST00298,2023-09-05,1223.35
ORD005058,CUST00303,2023-09-05,895.51
ORD005289,CUST00333,2023-09-05,881.29
ORD005395,CUST00345,2023-09-05,1295.13
ORD006619,CUST00505,2023-09-05,934.99
ORD007125,CUST00571,2023-09-05,633.4
ORD007277,CUST00592,2023-09-05,823.44
ORD007598,CUST00638,2023-09-05,1054.48
ORD007892,CUST00681,2023-09-05,1500.72
ORD008008,CUST00699,2023-09-05,749.4
ORD008025,CUST00702,2023-09-05,851.96
ORD008044,CUST00704,2023-09-05,860.56
ORD008348,CUST00747,2023-09-05,1315.16
ORD000123,CUST00006,2023-09-06,3111.29
ORD000466,CUST00020,2023-09-06,3344.46
ORD000639,CUST00028,2023-09-06,3203.35
ORD000864,CUST00038,2023-09-06,4498.66
ORD001385,CUST00061,2023-09-06,4061.26
ORD001437,CUST00063,2023-09-06,3584.03
ORD002209,CUST00096,2023-09-06,1517.79
ORD002376,CUST00105,2023-09-06,818.67
ORD002852,CUST00140,2023-09-06,1185.89
ORD004786,CUST00281,2023-09-06,2009.62
ORD007101,CUST00567,2023-09-06,1746.77
ORD007183,CUST00579,2023-09-06,1499.19
ORD007519,CUST00628,2023-09-06,1260.36
ORD007562,CUST00634,2023-09-06,1490.68
ORD008614,CUST00918,2023-09-06,1780.6
ORD000339,CUST00015,2023-09-07,2291.61
ORD000439,CUST00019,2023-09-07,4051.29
ORD000534,CUST00023,2023-09-07,2282.42
ORD001656,CUST00072,2023-09-07,3577.36
ORD001963,CUST00085,2023-09-07,1552.97
ORD002276,CUST00099,2023-09-07,1946.78
ORD002498,CUST00115,2023-09-07,1733.87
ORD002594,CUST00122,2023-09-07,1734.39
ORD003000,CUST00152,2023-09-07,1347.57
ORD003013,CUST00153,2023-09-07,1686.89
ORD004473,CUST00258,2023-09-07,1154.07
ORD006284,CUST00462,2023-09-07,1310.65
ORD007644,CUST00645,2023-09-07,577.69
ORD008198,CUST00726,2023-09-07,1492.73
ORD003176,CUST00165,2023-09-08,1665.11
ORD003194,CUST00166,2023-09-08,774.94
ORD003229,CUST00168,2023-09-08,756.43
ORD003843,CUST00214,2023-09-08,1121.5
ORD004136,CUST00234,2023-09-08,1797.58
ORD004155,CUST00235,2023-09-08,2041.38
ORD005808,CUST00396,2023-09-08,1293.03
ORD006047,CUST00429,2023-09-08,834.08
ORD007339,CUST00601,2023-09-08,1054.21
ORD007365,CUST00604,2023-09-08,520.27
ORD007770,CUST00664,2023-09-08,1652.65
ORD008001,CUST00698,2023-09-08,1192.56
ORD008148,CUST00719,2023-09-08,1480.54
ORD008215,CUST00728,2023-09-08,773.8
ORD000620,CUST00027,2023-09-09,3224.79
ORD001221,CUST00054,2023-09-09,1952.86
ORD002728,CUST00131,2023-09-09,1410.77
ORD003105,CUST00160,2023-09-09,801.93
ORD003298,CUST00173,2023-09-09,1744.98
ORD003966,CUST00222,2023-09-09,1963.13
ORD005201,CUST00321,2023-09-09,1283.99
ORD006373,CUST00475,2023-09-09,711.84
ORD007019,CUST00556,2023-09-09,1455.44
ORD007114,CUST00570,2023-09-09,1339.91
ORD007555,CUST00633,2023-09-09,1725.78
ORD007791,CUST00666,2023-09-09,995.85
ORD007895,CUST00682,2023-09-09,993.96
ORD008137,CUST00717,2023-09-09,562.85
ORD008195,CUST00725,2023-09-09,978.36
ORD008272,CUST00736,2023-09-09,1574.78
ORD000678,CUST00030,2023-09-10,2731.05
ORD000747,CUST00033,2023-09-10,1372.19
ORD000947,CUST00042,2023-09-10,3933.35
ORD001201,CUST00053,2023-09-10,4249.73
ORD001781,CUST00077,2023-09-10,2032.89
ORD002127,CUST00092,2023-09-10,2807.01
ORD005862,CUST00403,2023-09-10,1241.72
ORD007677,CUST00650,2023-09-10,1745.75
ORD007752,CUST00661,2023-09-10,1668.15
ORD000557,CUST00024,2023-09-11,1502.52
ORD002107,CUST00091,2023-09-11,2722.18
ORD003360,CUST00178,2023-09-11,2097.58
ORD003448,CUST00184,2023-09-11,998.89
ORD004958,CUST00295,2023-09-11,2118.69
ORD005177,CUST00318,2023-09-11,1084.69
ORD006353,CUST00472,2023-09-11,570.72
ORD006698,CUST00516,2023-09-11,1156.83
ORD007958,CUST00690,2023-09-11,1365.68
ORD000243,CUST00011,2023-09-12,2671.51
ORD000493,CUST00021,2023-09-12,2187.21
ORD001486,CUST00065,2023-09-12,4344.95
ORD003037,CUST00155,2023-09-12,1645.99
ORD003143,CUST00163,2023-09-12,923.28
ORD003588,CUST00194,2023-09-12,1046.23
ORD003600,CUST00195,2023-09-12,1435.38
ORD003709,CUST00203,2023-09-12,1245.15
ORD003949,CUST00221,2023-09-12,726.87
ORD004584,CUST00265,2023-09-12,1356.59
ORD007141,CUST00573,2023-09-12,1630.17
ORD007335,CUST00600,2023-09-12,1012.44
ORD007401,CUST00610,2023-09-12,665.25
ORD007628,CUST00643,2023-09-12,681.26
ORD007864,CUST00677,2023-09-12,1030.4
ORD007874,CUST00679,2023-09-12,1329.72
ORD007929,CUST00686,2023-09-12,1427.98
ORD008022,CUST00701,2023-09-12,938.58
ORD008612,CUST00916,2023-09-12,1131.79
ORD001159,CUST00051,2023-09-13,3017.12
ORD003874,CUST00216,2023-09-13,1715.36
ORD004975,CUST00296,2023-09-13,1674.65
ORD006860,CUST00537,2023-09-13,723.77
ORD006919,CUST00544,2023-09-13,659.03
ORD007177,CUST00578,2023-09-13,1604.26
ORD007266,CUST00590,2023-09-13,1377.07
ORD007292,CUST00594,2023-09-13,1322.91
ORD007370,CUST00605,2023-09-13,929.98
ORD007614,CUST00640,2023-09-13,841.17
ORD008156,CUST00721,2023-09-13,1546.29
ORD000316,CUST00014,2023-09-14,2085.71
ORD000925,CUST00041,2023-09-14,3600.78
ORD001710,CUST00074,2023-09-14,2502.85
ORD002795,CUST00136,2023-09-14,1611.98
ORD004058,CUST00228,2023-09-14,1830.26
ORD004364,CUST00251,2023-09-14,1895.54
ORD005365,CUST00342,2023-09-14,594.88
ORD005672,CUST00380,2023-09-14,721.91
ORD005735,CUST00387,2023-09-14,732.16
ORD006070,CUST00432,2023-09-14,839.91
ORD006227,CUST00454,2023-09-14,870.12
ORD007006,CUST00554,2023-09-14,1359.24
ORD007814,CUST00669,2023-09-14,1764.78
ORD008233,CUST00731,2023-09-14,528.89
ORD000725,CUST00032,2023-09-15,3986.61
ORD000967,CUST00043,2023-09-15,3529.06
ORD001275,CUST00056,2023-09-15,3902.59
ORD001586,CUST00069,2023-09-15,4115.3
ORD002036,CUST00088,2023-09-15,3169.71
ORD003932,CUST00220,2023-09-15,1780.46
ORD003994,CUST00224,2023-09-15,1634.05
ORD004124,CUST00233,2023-09-15,846.98
ORD005331,CUST00338,2023-09-15,560.35
ORD005377,CUST00343,2023-09-15,1352.82
ORD005481,CUST00356,2023-09-15,1219.05
ORD006019,CUST00425,2023-09-15,504.38
ORD006127,CUST00441,2023-09-15,1377.47
ORD007054,CUST00560,2023-09-15,1000.54
ORD007285,CUST00593,2023-09-15,1405.34
ORD007488,CUST00625,2023-09-15,1132.69
ORD008067,CUST00707,2023-09-15,715.34
ORD008180,CUST00723,2023-09-15,1633.75
ORD008320,CUST00743,2023-09-15,1049.05
ORD000052,CUST00003,2023-09-16,1704.38
ORD000391,CUST00017,2023-09-16,4239.94
ORD001301,CUST00057,2023-09-16,2572.72
ORD001531,CUST00067,2023-09-16,1543.03
ORD001824,CUST00079,2023-09-16,2851.58
ORD002613,CUST00123,2023-09-16,2156.56
ORD002680,CUST00127,2023-09-16,1233.07
ORD003666,CUST00200,2023-09-16,1906.19
ORD003918,CUST00219,2023-09-16,1729.35
ORD006765,CUST00525,2023-09-16,548.02
ORD006990,CUST00552,2023-09-16,1750.04
ORD007084,CUST00564,2023-09-16,1016.83
ORD007199,CUST00581,2023-09-16,1547.67
ORD007254,CUST00589,2023-09-16,528.75
ORD007605,CUST00639,2023-09-16,578.53
ORD007870,CUST00678,2023-09-16,640.14
ORD008338,CUST00746,2023-09-16,1190.13
ORD000266,CUST00012,2023-09-17,3839.56
ORD000365,CUST00016,2023-09-17,4479.93
ORD000697,CUST00031,2023-09-17,2686.73
ORD001869,CUST00081,2023-09-17,2666.24
ORD002513,CUST00116,2023-09-17,1268.57
ORD004007,CUST00225,2023-09-17,1678.75
ORD004314,CUST00247,2023-09-17,1498.62
ORD004771,CUST00280,2023-09-17,851.21
ORD006545,CUST00496,2023-09-17,600.41
ORD007270,CUST00591,2023-09-17,1262.93
ORD007432,CUST00615,2023-09-17,507.67
ORD007910,CUST00684,2023-09-17,589.83
ORD000150,CUST00007,2023-09-18,2945.5
ORD000172,CUST00008,2023-09-18,4166.45
ORD000796,CUST00035,2023-09-18,4436.7
ORD000838,CUST00037,2023-09-18,1654.39
ORD001801,CUST00078,2023-09-18,2841.33
ORD001914,CUST00083,2023-09-18,1542.25
ORD002299,CUST00100,2023-09-18,1450.9
ORD003462,CUST00185,2023-09-18,1847.08
ORD005937,CUST00414,2023-09-18,1357.74
ORD007036,CUST00558,2023-09-18,1121.13
ORD007835,CUST00673,2023-09-18,1497.51
ORD007906,CUST00683,2023-09-18,1297.83
ORD007983,CUST00694,2023-09-18,1339.85
ORD008235,CUST00732,2023-09-18,1148.54
ORD008335,CUST00745,2023-09-18,1503.04
ORD001251,CUST00055,2023-09-19,3578.97
ORD001509,CUST00066,2023-09-19,2095.15
ORD001888,CUST00082,2023-09-19,1242.07
ORD001985,CUST00086,2023-09-19,4402.62
ORD002424,CUST00109,2023-09-19,713.7
ORD004398,CUST00253,2023-09-19,1244.23
ORD004754,CUST00279,2023-09-19,1346.42
ORD005869,CUST00404,2023-09-19,1141.66
ORD006157,CUST00445,2023-09-19,1096.93
ORD006435,CUST00482,2023-09-19,443.92
ORD006534,CUST00495,2023-09-19,564.03
ORD006611,CUST00504,2023-09-19,1219.17
ORD007047,CUST00559,2023-09-19,1368.86
ORD007091,CUST00565,2023-09-19,1182.56
ORD007192,CUST00580,2023-09-19,911.49
ORD007687,CUST00651,2023-09-19,1130.11
ORD007719,CUST00657,2023-09-19,1439.61
ORD007969,CUST00692,2023-09-19,1619.54
ORD000578,CUST00025,2023-09-20,3159.1
ORD001735,CUST00075,2023-09-20,3087.68
ORD002189,CUST00095,2023-09-20,1329.33
ORD004025,CUST00226,2023-09-20,881.03
ORD004521,CUST00261,2023-09-20,748.09
ORD004657,CUST00271,2023-09-20,901.4
ORD005958,CUST00416,2023-09-20,900.05
ORD007070,CUST00562,2023-09-20,1633.56
ORD007500,CUST00626,2023-09-20,1258.48
ORD007744,CUST00660,2023-09-20,1495.2
ORD007764,CUST00663,2023-09-20,1027.4
ORD000081,CUST00004,2023-09-21,4079.03
ORD000100,CUST00005,2023-09-21,1511.28
ORD001755,CUST00076,2023-09-21,3811.92
ORD003373,CUST00179,2023-09-21,2047.42
ORD005580,CUST00367,2023-09-21,619.76
ORD006640,CUST00508,2023-09-21,939.16
ORD007133,CUST00572,2023-09-21,832.09
ORD008640,CUST00944,2023-09-21,2243.66
ORD001034,CUST00046,2023-09-22,1977.22
ORD003089,CUST00159,2023-09-22,2142.64
ORD004432,CUST00255,2023-09-22,889.69
ORD004880,CUST00289,2023-09-22,2176.58
ORD005890,CUST00407,2023-09-22,462.77
ORD006145,CUST00444,2023-09-22,976.01
ORD006401,CUST00478,2023-09-22,546.49
ORD007319,CUST00598,2023-09-22,751.11
ORD007479,CUST00623,2023-09-22,734.41
ORD007663,CUST00648,2023-09-22,1764.29
ORD007860,CUST00676,2023-09-22,1451.41
ORD008112,CUST00714,2023-09-22,684.12
ORD008169,CUST00722,2023-09-22,521.29
ORD008610,CUST00914,2023-09-22,1504.45
ORD000661,CUST00029,2023-09-23,1767.18
ORD000818,CUST00036,2023-09-23,1538.57
ORD000990,CUST00044,2023-09-23,3364.71
ORD001657,CUST00072,2023-09-23,2473.59
ORD001683,CUST00073,2023-09-23,3013.89
ORD002012,CUST00087,2023-09-23,4053.98
ORD002345,CUST00103,2023-09-23,1908.5
ORD003076,CUST00158,2023-09-23,1016.29
ORD004221,CUST00240,2023-09-23,2070.6
ORD004741,CUST00278,2023-09-23,1161.97
ORD005511,CUST00359,2023-09-23,1182.2
ORD006749,CUST00523,2023-09-23,545.98
ORD007638,CUST00644,2023-09-23,705.81
ORD007809,CUST00668,2023-09-23,582.27
ORD007989,CUST00695,2023-09-23,1659.15
ORD003494,CUST00187,2023-09-24,1026.81
ORD006248,CUST00457,2023-09-24,1369.36
ORD007389,CUST00608,2023-09-24,591.68
ORD007509,CUST00627,2023-09-24,1778.29
ORD007536,CUST00630,2023-09-24,1167.45
ORD007708,CUST00655,2023-09-24,919.64
ORD008063,CUST00706,2023-09-24,1298.37
ORD008099,CUST00712,2023-09-24,952.7
ORD008118,CUST00715,2023-09-24,1518.03
ORD008151,CUST00720,2023-09-24,1522.3
ORD008264,CUST00735,2023-09-24,511.04
ORD008291,CUST00738,2023-09-24,1364.51
ORD000197,CUST00009,2023-09-25,2634.06
ORD001386,CUST00061,2023-09-25,3514.71
ORD001558,CUST00068,2023-09-25,1333.09
ORD002715,CUST00130,2023-09-25,1807.51
ORD003480,CUST00186,2023-09-25,1470.8
ORD003639,CUST00198,2023-09-25,1995.05
ORD004298,CUST00246,2023-09-25,1793.35
ORD004898,CUST00290,2023-09-25,1822.57
ORD005109,CUST00309,2023-09-25,880.19
ORD005142,CUST00313,2023-09-25,1348.33
ORD005153,CUST00314,2023-09-25,1029.56
ORD005339,CUST00339,2023-09-25,777.56
ORD006827,CUST00534,2023-09-25,942.37
ORD007103,CUST00568,2023-09-25,1661.87
ORD007169,CUST00577,2023-09-25,1722.26
ORD007459,CUST00620,2023-09-25,1453.48
ORD007468,CUST00621,2023-09-25,1102.39
ORD007825,CUST00671,2023-09-25,1529.55
ORD007936,CUST00687,2023-09-25,526.7
ORD000221,CUST00010,2023-09-26,2900.99
ORD000298,CUST00013,2023-09-26,2508.96
ORD002892,CUST00143,2023-09-26,2085.46
ORD003343,CUST00177,2023-09-26,884.06
ORD005170,CUST00317,2023-09-26,1331.33
ORD005946,CUST00415,2023-09-26,478.14
ORD006985,CUST00551,2023-09-26,1780.7
ORD007571,CUST00635,2023-09-26,1759.84
ORD008081,CUST00709,2023-09-26,918.7
ORD001467,CUST00064,2023-09-27,2871.81
ORD003653,CUST00199,2023-09-27,2161.16
ORD004075,CUST00229,2023-09-27,1898.61
ORD007728,CUST00658,2023-09-27,1208.64
ORD007737,CUST00659,2023-09-27,1406.47
ORD000032,CUST00002,2023-09-28,1435.63
ORD001141,CUST00050,2023-09-28,3522.44
ORD002128,CUST00092,2023-09-28,1780.04
ORD002277,CUST00099,2023-09-28,2700.7
ORD002866,CUST00141,2023-09-28,784.03
ORD004342,CUST00249,2023-09-28,1639.28
ORD004383,CUST00252,2023-09-28,1599.64
ORD004539,CUST00262,2023-09-28,2108.73
ORD006579,CUST00500,2023-09-28,661.02
ORD006839,CUST00535,2023-09-28,683.76
ORD006944,CUST00547,2023-09-28,1181.11
ORD007077,CUST00563,2023-09-28,795.26
ORD007208,CUST00582,2023-09-28,621.37
ORD007224,CUST00584,2023-09-28,1072.46
ORD007299,CUST00595,2023-09-28,506.06
ORD007658,CUST00647,2023-09-28,582.06
ORD008088,CUST00710,2023-09-28,1026.63
ORD000900,CUST00040,2023-09-29,1674.11
ORD001844,CUST00080,2023-09-29,1828.9
ORD002060,CUST00089,2023-09-29,2670.34
ORD005022,CUST00299,2023-09-29,1613.05
ORD005093,CUST00307,2023-09-29,1301.0
ORD005269,CUST00330,2023-09-29,734.84
ORD005683,CUST00381,2023-09-29,887.65
ORD006384,CUST00476,2023-09-29,767.27
ORD006523,CUST00494,2023-09-29,993.57
ORD006672,CUST00512,2023-09-29,769.19
ORD006962,CUST00549,2023-09-29,1179.46
ORD007094,CUST00566,2023-09-29,986.81
ORD007843,CUST00674,2023-09-29,1384.44
ORD008104,CUST00713,2023-09-29,754.43
ORD000440,CUST00019,2023-09-30,3749.83
ORD001327,CUST00058,2023-09-30,2941.46
ORD001408,CUST00062,2023-09-30,3786.84
ORD001711,CUST00074,2023-09-30,2856.93
ORD002170,CUST00094,2023-09-30,4409.82
ORD002580,CUST00121,2023-09-30,2115.02
ORD002911,CUST00144,2023-09-30,1498.41
ORD003131,CUST00162,2023-09-30,1097.0
ORD003678,CUST00201,2023-09-30,1913.4
ORD004240,CUST00241,2023-09-30,1720.0
ORD005044,CUST00301,2023-09-30,1097.88
ORD006850,CUST00536,2023-09-30,494.57
ORD007702,CUST00653,2023-09-30,1080.69
ORD007881,CUST00680,2023-09-30,1360.06
ORD007920,CUST00685,2023-09-30,701.24
ORD008314,CUST00742,2023-09-30,1544.72
ORD000413,CUST00018,2023-10-01,1321.1
ORD000467,CUST00020,2023-10-01,4012.73
ORD001587,CUST00069,2023-10-01,3226.55
ORD002149,CUST00093,2023-10-01,1663.22
ORD002853,CUST00140,2023-10-01,870.76
ORD002934,CUST00146,2023-10-01,817.82
ORD003275,CUST00171,2023-10-01,1387.87
ORD004505,CUST00260,2023-10-01,1844.26
ORD005306,CUST00335,2023-10-01,1219.01
ORD005323,CUST00337,2023-10-01,1148.11
ORD005423,CUST00349,2023-10-01,1300.13
ORD006741,CUST00522,2023-10-01,1114.76
ORD007378,CUST00606,2023-10-01,1672.71
ORD007409,CUST00611,2023-10-01,1499.86
ORD007581,CUST00636,2023-10-01,1313.09
ORD008052,CUST00705,2023-10-01,1058.74
ORD008328,CUST00744,2023-10-01,1285.1
ORD000009,CUST00001,2023-10-02,3514.37
ORD000244,CUST00011,2023-10-02,3654.06
ORD000558,CUST00024,2023-10-02,3317.62
ORD002360,CUST00104,2023-10-02,729.75
ORD005252,CUST00328,2023-10-02,1224.92
ORD007148,CUST00574,2023-10-02,1367.07
ORD007251,CUST00588,2023-10-02,1587.6
ORD007360,CUST00603,2023-10-02,778.84
ORD007650,CUST00646,2023-10-02,1743.91
ORD007995,CUST00696,2023-10-02,925.21
ORD000726,CUST00032,2023-10-03,2875.38
ORD000774,CUST00034,2023-10-03,3819.87
ORD001058,CUST00047,2023-10-03,4179.53
ORD001113,CUST00049,2023-10-03,3034.31
ORD001202,CUST00053,2023-10-03,4167.73
ORD001302,CUST00057,2023-10-03,1583.03
ORD002081,CUST00090,2023-10-03,3576.94
ORD002630,CUST00124,2023-10-03,2086.21
ORD007156,CUST00575,2023-10-03,1288.63
ORD007314,CUST00597,2023-10-03,1722.92
ORD007420,CUST00613,2023-10-03,1315.38
ORD007977,CUST00693,2023-10-03,1013.02
ORD000640,CUST00028,2023-10-04,2101.45
ORD001086,CUST00048,2023-10-04,2497.09
ORD001782,CUST00077,2023-10-04,3552.04
ORD002451,CUST00111,2023-10-04,1212.87
ORD003416,CUST00182,2023-10-04,2103.5
ORD004207,CUST00239,2023-10-04,740.76
ORD004286,CUST00245,2023-10-04,1013.63
ORD006659,CUST00510,2023-10-04,820.76
ORD007308,CUST00596,2023-10-04,1246.18
ORD007965,CUST00691,2023-10-04,724.14
ORD008127,CUST00716,2023-10-04,732.35
ORD008367,CUST00750,2023-10-04,1332.03
ORD000366,CUST00016,2023-10-05,3041.64
ORD001612,CUST00070,2023-10-05,2249.41
ORD001870,CUST00081,2023-10-05,3006.03
ORD001942,CUST00084,2023-10-05,2678.73
ORD003391,CUST00180,2023-10-05,921.92
ORD003816,CUST00212,2023-10-05,1726.4
ORD004110,CUST00232,2023-10-05,707.82
ORD004597,CUST00266,2023-10-05,1652.19
ORD004614,CUST00267,2023-10-05,1468.75
ORD004989,CUST00297,2023-10-05,1605.41
ORD006061,CUST00431,2023-10-05,695.82
ORD006596,CUST00502,2023-10-05,1244.17
ORD007455,CUST00619,2023-10-05,795.08
ORD000053,CUST00003,2023-10-06,3813.86
ORD000317,CUST00014,2023-10-06,3941.41
ORD000340,CUST00015,2023-10-06,2094.02
ORD000865,CUST00038,2023-10-06,2934.8
ORD001362,CUST00060,2023-10-06,3916.83
ORD001510,CUST00066,2023-10-06,3086.07
ORD001889,CUST00082,2023-10-06,4192.7
ORD002210,CUST00096,2023-10-06,4175.31
ORD002250,CUST00098,2023-10-06,1217.46
ORD003014,CUST00153,2023-10-06,827.0
ORD003534,CUST00190,2023-10-06,1619.43
ORD003691,CUST00202,2023-10-06,1730.28
ORD004086,CUST00230,2023-10-06,1636.54
ORD004566,CUST00264,2023-10-06,1440.23
ORD004819,CUST00284,2023-10-06,2132.58
ORD005357,CUST00341,2023-10-06,1038.39
ORD005415,CUST00348,2023-10-06,457.06
ORD005720,CUST00385,2023-10-06,465.85
ORD005771,CUST00392,2023-10-06,1299.22
ORD005927,CUST00413,2023-10-06,601.19
ORD007544,CUST00631,2023-10-06,1095.51
ORD007852,CUST00675,2023-10-06,1044.67
ORD003161,CUST00164,2023-10-07,1501.94
ORD003299,CUST00173,2023-10-07,1378.66
ORD003432,CUST00183,2023-10-07,1812.29
ORD003731,CUST00205,2023-10-07,1335.67
ORD003888,CUST00217,2023-10-07,2199.73
ORD003903,CUST00218,2023-10-07,1436.27
ORD007028,CUST00557,2023-10-07,1612.98
ORD007593,CUST00637,2023-10-07,743.16
ORD007619,CUST00641,2023-10-07,747.37
ORD007623,CUST00642,2023-10-07,1600.43
ORD007949,CUST00689,2023-10-07,1224.58
ORD008144,CUST00718,2023-10-07,1287.81
ORD000124,CUST00006,2023-10-08,1401.16
ORD001160,CUST00051,2023-10-08,2049.18
ORD001756,CUST00076,2023-10-08,2226.71
ORD002300,CUST00100,2023-10-08,2772.63
ORD002649,CUST00125,2023-10-08,1375.09
ORD003213,CUST00167,2023-10-08,947.51
ORD003230,CUST00168,2023-10-08,1775.8
ORD005966,CUST00417,2023-10-08,1216.76
ORD006027,CUST00426,2023-10-08,541.96
ORD006707,CUST00517,2023-10-08,588.87
ORD007397,CUST00609,2023-10-08,641.04
ORD007426,CUST00614,2023-10-08,573.73
ORD008199,CUST00726,2023-10-08,1366.22
ORD008256,CUST00734,2023-10-08,1706.19
ORD000173,CUST00008,2023-10-09,3450.82
ORD000267,CUST00012,2023-10-09,2811.16
ORD002729,CUST00131,2023-10-09,989.89
ORD004168,CUST00236,2023-10-09,1373.61
ORD004418,CUST00254,2023-10-09,2165.65
ORD005261,CUST00329,2023-10-09,1222.78
ORD005297,CUST00334,2023-10-09,821.84
ORD006454,CUST00485,2023-10-09,416.67
ORD007713,CUST00656,2023-10-09,1317.56
ORD008186,CUST00724,2023-10-09,903.44
ORD008245,CUST00733,2023-10-09,1045.08
ORD000494,CUST00021,2023-10-10,3478.03
ORD000596,CUST00026,2023-10-10,3578.77
ORD000748,CUST00033,2023-10-10,4084.59
ORD001177,CUST00052,2023-10-10,2557.42
ORD003508,CUST00188,2023-10-10,1845.38
ORD004097,CUST00231,2023-10-10,1168.38
ORD004365,CUST00251,2023-10-10,891.52
ORD005242,CUST00327,2023-10-10,1366.36
ORD005625,CUST00374,2023-10-10,598.15
ORD006171,CUST00447,2023-10-10,993.55
ORD007384,CUST00607,2023-10-10,746.35
ORD007779,CUST00665,2023-10-10,1005.14
ORD008216,CUST00728,2023-10-10,712.41
ORD008633,CUST00937,2023-10-10,1896.09
ORD000535,CUST00023,2023-10-11,1930.51
ORD000926,CUST00041,2023-10-11,2407.59
ORD001222,CUST00054,2023-10-11,4305.77
ORD001438,CUST00063,2023-10-11,3669.29
ORD001964,CUST00085,2023-10-11,1846.54
ORD002377,CUST00105,2023-10-11,1042.33
ORD004694,CUST00274,2023-10-11,1341.1
ORD004855,CUST00287,2023-10-11,1718.95
ORD005568,CUST00366,2023-10-11,1006.65
ORD005753,CUST00389,2023-10-11,657.34
ORD005818,CUST00397,2023-10-11,775.97
ORD006911,CUST00543,2023-10-11,1270.73
ORD007184,CUST00579,2023-10-11,772.2
ORD007244,CUST00587,2023-10-11,1781.16
ORD007325,CUST00599,2023-10-11,939.85
ORD007520,CUST00628,2023-10-11,1081.53
ORD000698,CUST00031,2023-10-12,4441.87
ORD000948,CUST00042,2023-10-12,2816.49
ORD001344,CUST00059,2023-10-12,1750.66
ORD001802,CUST00078,2023-10-12,2056.11
ORD002956,CUST00148,2023-10-12,1674.18
ORD003195,CUST00166,2023-10-12,1931.11
ORD004551,CUST00263,2023-10-12,1767.47
ORD004681,CUST00273,2023-10-12,996.3
ORD006345,CUST00471,2023-10-12,1258.65
ORD006680,CUST00513,2023-10-12,1144.05
ORD007107,CUST00569,2023-10-12,905.09
ORD008223,CUST00729,2023-10-12,1446.3
ORD000679,CUST00030,2023-10-13,3707.59
ORD001276,CUST00056,2023-10-13,3420.83
ORD001487,CUST00065,2023-10-13,2906.84
ORD001825,CUST00079,2023-10-13,2948.47
ORD002108,CUST00091,2023-10-13,1441.38
ORD002499,CUST00115,2023-10-13,1786.6
ORD002752,CUST00133,2023-10-13,1281.1
ORD002836,CUST00139,2023-10-13,1543.95
ORD004772,CUST00280,2023-10-13,1099.12
ORD004976,CUST00296,2023-10-13,1300.09
ORD006885,CUST00540,2023-10-13,959.97
ORD006997,CUST00553,2023-10-13,520.61
ORD007020,CUST00556,2023-10-13,1687.65
ORD007402,CUST00610,2023-10-13,1109.64
ORD007416,CUST00612,2023-10-13,1100.65
ORD007563,CUST00634,2023-10-13,596.74
ORD007822,CUST00670,2023-10-13,1553.46
ORD008034,CUST00703,2023-10-13,1258.66
ORD008138,CUST00717,2023-10-13,1600.5
ORD000621,CUST00027,2023-10-14,3037.24
ORD000839,CUST00037,2023-10-14,2513.51
ORD001387,CUST00061,2023-10-14,2023.93
ORD001845,CUST00080,2023-10-14,3268.07
ORD003062,CUST00157,2023-10-14,867.32
ORD003247,CUST00169,2023-10-14,1246.29
ORD003560,CUST00192,2023-10-14,1310.92
ORD003791,CUST00210,2023-10-14,1639.94
ORD003844,CUST00214,2023-10-14,2089.36
ORD003862,CUST00215,2023-10-14,1439.48
ORD004330,CUST00248,2023-10-14,781.65
ORD004456,CUST00257,2023-10-14,1227.36
ORD005433,CUST00350,2023-10-14,545.51
ORD005492,CUST00357,2023-10-14,1088.55
ORD005709,CUST00384,2023-10-14,769.78
ORD006424,CUST00481,2023-10-14,1276.29
ORD006555,CUST00497,2023-10-14,1068.44
ORD007014,CUST00555,2023-10-14,765.3
ORD007705,CUST00654,2023-10-14,855.62
ORD007998,CUST00697,2023-10-14,1286.77
ORD000392,CUST00017,2023-10-15,1610.37
ORD001035,CUST00046,2023-10-15,4348.31
ORD002061,CUST00089,2023-10-15,2178.23
ORD002779,CUST00135,2023-10-15,2124.63
ORD003601,CUST00195,2023-10-15,1513.66
ORD003919,CUST00219,2023-10-15,2096.0
ORD004180,CUST00237,2023-10-15,1667.74
ORD004841,CUST00286,2023-10-15,2149.37
ORD005799,CUST00395,2023-10-15,555.04
ORD006901,CUST00542,2023-10-15,473.99
ORD007237,CUST00586,2023-10-15,1703.16
ORD007753,CUST00661,2023-10-15,1016.34
ORD008009,CUST00699,2023-10-15,1172.97
ORD008205,CUST00727,2023-10-15,847.24
ORD000968,CUST00043,2023-10-16,1884.23
ORD002531,CUST00117,2023-10-16,1434.86
ORD003616,CUST00196,2023-10-16,1530.68
ORD004137,CUST00234,2023-10-16,1935.72
ORD004399,CUST00253,2023-10-16,1236.83
ORD006178,CUST00448,2023-10-16,917.68
ORD006324,CUST00468,2023-10-16,508.95
ORD007055,CUST00560,2023-10-16,1532.45
ORD007437,CUST00616,2023-10-16,596.1
ORD007483,CUST00624,2023-10-16,702.61
ORD008093,CUST00711,2023-10-16,1339.12
ORD000299,CUST00013,2023-10-17,1450.79
ORD001532,CUST00067,2023-10-17,4444.28
ORD002514,CUST00116,2023-10-17,2024.4
ORD003106,CUST00160,2023-10-17,846.55
ORD004714,CUST00276,2023-10-17,943.54
ORD006487,CUST00490,2023-10-17,715.54
ORD006973,CUST00550,2023-10-17,1254.19
ORD007215,CUST00583,2023-10-17,1558.95
ORD007433,CUST00615,2023-10-17,1231.53
ORD008181,CUST00723,2023-10-17,1277.71
ORD008283,CUST00737,2023-10-17,1183.91
ORD000414,CUST00018,2023-10-18,2237.91
ORD000797,CUST00035,2023-10-18,3284.73
ORD000819,CUST00036,2023-10-18,3381.03
ORD001986,CUST00086,2023-10-18,3855.83
ORD002486,CUST00114,2023-10-18,834.22
ORD003177,CUST00165,2023-10-18,1500.91
ORD004222,CUST00240,2023-10-18,1103.74
ORD004486,CUST00259,2023-10-18,2127.23
ORD005005,CUST00298,2023-10-18,1998.1
ORD005385,CUST00344,2023-10-18,690.84
ORD007230,CUST00585,2023-10-18,1036.02
ORD007352,CUST00602,2023-10-18,536.35
ORD007371,CUST00605,2023-10-18,1783.21
ORD007678,CUST00650,2023-10-18,587.0
ORD007893,CUST00681,2023-10-18,1395.17
ORD000082,CUST00004,2023-10-19,4382.4
ORD000101,CUST00005,2023-10-19,2369.18
ORD000579,CUST00025,2023-10-19,2862.67
ORD001114,CUST00049,2023-10-19,4408.56
ORD001252,CUST00055,2023-10-19,3159.56
ORD002812,CUST00137,2023-10-19,1691.39
ORD003950,CUST00221,2023-10-19,875.02
ORD004755,CUST00279,2023-10-19,1261.98
ORD004799,CUST00282,2023-10-19,2112.91
ORD005066,CUST00304,2023-10-19,793.62
ORD005781,CUST00393,2023-10-19,966.66
ORD006007,CUST00423,2023-10-19,529.72
ORD006991,CUST00552,2023-10-19,961.09
ORD007286,CUST00593,2023-10-19,1601.45
ORD008157,CUST00721,2023-10-19,595.44
ORD000151,CUST00007,2023-10-20,2187.95
ORD000198,CUST00009,2023-10-20,2640.1
ORD001559,CUST00068,2023-10-20,1689.47
ORD001736,CUST00075,2023-10-20,1323.64
ORD002037,CUST00088,2023-10-20,3231.51
ORD002082,CUST00090,2023-10-20,3694.67
ORD002595,CUST00122,2023-10-20,1929.27
ORD002681,CUST00127,2023-10-20,1054.31
ORD003001,CUST00152,2023-10-20,1291.4
ORD003753,CUST00207,2023-10-20,940.34
ORD004042,CUST00227,2023-10-20,1008.08
ORD004932,CUST00293,2023-10-20,887.85
ORD007442,CUST00617,2023-10-20,808.97
ORD007830,CUST00672,2023-10-20,1672.37
ORD007871,CUST00678,2023-10-20,1690.6
ORD008018,CUST00700,2023-10-20,1176.15
ORD008068,CUST00707,2023-10-20,1692.91
ORD008273,CUST00736,2023-10-20,1365.88
ORD008352,CUST00748,2023-10-20,1700.02
ORD001008,CUST00045,2023-10-21,1966.33
ORD001658,CUST00072,2023-10-21,4398.04
ORD001915,CUST00083,2023-10-21,2792.83
ORD002150,CUST00093,2023-10-21,1791.18
ORD003361,CUST00178,2023-10-21,1220.05
ORD007115,CUST00570,2023-10-21,1268.84
ORD007178,CUST00578,2023-10-21,966.17
ORD007340,CUST00601,2023-10-21,990.19
ORD007451,CUST00618,2023-10-21,708.41
ORD007548,CUST00632,2023-10-21,893.52
ORD007668,CUST00649,2023-10-21,1420.54
ORD007907,CUST00683,2023-10-21,513.38
ORD007970,CUST00692,2023-10-21,1120.99
ORD001303,CUST00057,2023-10-22,2349.48
ORD002171,CUST00094,2023-10-22,2904.03
ORD003320,CUST00175,2023-10-22,1891.72
ORD003774,CUST00209,2023-10-22,823.35
ORD004026,CUST00226,2023-10-22,1429.55
ORD004059,CUST00228,2023-10-22,1880.82
ORD004315,CUST00247,2023-10-22,707.74
ORD004585,CUST00265,2023-10-22,1930.64
ORD005075,CUST00305,2023-10-22,802.07
ORD005450,CUST00352,2023-10-22,696.9
ORD006587,CUST00501,2023-10-22,906.97
ORD007629,CUST00643,2023-10-22,995.89
ORD007797,CUST00667,2023-10-22,545.49
ORD007836,CUST00673,2023-10-22,1558.5
ORD007911,CUST00684,2023-10-22,1102.13
ORD008045,CUST00704,2023-10-22,1195.79
ORD008228,CUST00730,2023-10-22,924.49
ORD000318,CUST00014,2023-10-23,2120.46
ORD000991,CUST00044,2023-10-23,1906.16
ORD001087,CUST00048,2023-10-23,3601.93
ORD001684,CUST00073,2023-10-23,1706.85
ORD002190,CUST00095,2023-10-23,1684.65
ORD002228,CUST00097,2023-10-23,2924.38
ORD002251,CUST00098,2023-10-23,3916.74
ORD002346,CUST00103,2023-10-23,1332.28
ORD002545,CUST00118,2023-10-23,805.58
ORD003577,CUST00193,2023-10-23,1337.06
ORD004008,CUST00225,2023-10-23,1893.96
ORD005559,CUST00365,2023-10-23,790.8
ORD006311,CUST00466,2023-10-23,871.4
ORD006620,CUST00505,2023-10-23,1126.79
ORD006928,CUST00545,2023-10-23,1273.08
ORD007267,CUST00590,2023-10-23,802.33
ORD007293,CUST00594,2023-10-23,1087.25
ORD007759,CUST00662,2023-10-23,833.16
ORD008026,CUST00702,2023-10-23,1096.8
ORD008077,CUST00708,2023-10-23,1299.57
ORD000512,CUST00022,2023-10-24,2404.04
ORD000901,CUST00040,2023-10-24,3622.86
ORD001059,CUST00047,2023-10-24,3089.92
ORD001511,CUST00066,2023-10-24,2856.74
ORD002716,CUST00130,2023-10-24,1868.66
ORD002796,CUST00136,2023-10-24,1056.82
ORD003654,CUST00199,2023-10-24,1960.57
ORD003667,CUST00200,2023-10-24,1695.19
ORD006468,CUST00487,2023-10-24,1242.12
ORD007278,CUST00592,2023-10-24,1505.85
ORD007709,CUST00655,2023-10-24,661.09
ORD008357,CUST00749,2023-10-24,1013.26
ORD000884,CUST00039,2023-10-25,1708.84
ORD001142,CUST00050,2023-10-25,4219.92
ORD001178,CUST00052,2023-10-25,2947.08
ORD002278,CUST00099,2023-10-25,3097.19
ORD002328,CUST00102,2023-10-25,851.12
ORD002665,CUST00126,2023-10-25,1690.15
ORD003374,CUST00179,2023-10-25,957.61
ORD004343,CUST00249,2023-10-25,852.74
ORD004658,CUST00271,2023-10-25,1665.4
ORD005059,CUST00303,2023-10-25,773.28
ORD007007,CUST00554,2023-10-25,1302.82
ORD007126,CUST00571,2023-10-25,1277.98
ORD007529,CUST00629,2023-10-25,756.27
ORD007696,CUST00652,2023-10-25,1608.51
ORD007765,CUST00663,2023-10-25,646.5
ORD008149,CUST00719,2023-10-25,1203.91
ORD008321,CUST00743,2023-10-25,1745.48
ORD008630,CUST00934,2023-10-25,1998.48
ORD004787,CUST00281,2023-10-26,850.27
ORD005697,CUST00383,2023-10-26,1048.38
ORD005743,CUST00388,2023-10-26,401.01
ORD006261,CUST00459,2023-10-26,723.19
ORD007166,CUST00576,2023-10-26,1467.6
ORD007320,CUST00598,2023-10-26,1796.54
ORD008637,CUST00941,2023-10-26,750.21
ORD000174,CUST00008,2023-10-27,2367.14
ORD000662,CUST00029,2023-10-27,2718.32
ORD002425,CUST00109,2023-10-27,1896.95
ORD002764,CUST00134,2023-10-27,2106.76
ORD003144,CUST00163,2023-10-27,701.3
ORD005083,CUST00306,2023-10-27,764.5
ORD005844,CUST00401,2023-10-27,910.82
ORD006952,CUST00548,2023-10-27,1074.54
ORD007390,CUST00608,2023-10-27,649.86
ORD007475,CUST00622,2023-10-27,1310.67
ORD007792,CUST00666,2023-10-27,1749.57
ORD007990,CUST00695,2023-10-27,1504.79
ORD008002,CUST00698,2023-10-27,1320.78
ORD008297,CUST00739,2023-10-27,902.12
ORD008667,CUST00971,2023-10-27,808.97
ORD000441,CUST00019,2023-10-28,2321.59
ORD000536,CUST00023,2023-10-28,3296.83
ORD001631,CUST00071,2023-10-28,1533.41
ORD002013,CUST00087,2023-10-28,3052.19
ORD003038,CUST00155,2023-10-28,2140.62
ORD003463,CUST00185,2023-10-28,2191.5
ORD003710,CUST00203,2023-10-28,2028.58
ORD004299,CUST00246,2023-10-28,987.78
ORD004474,CUST00258,2023-10-28,1852.72
ORD006392,CUST00477,2023-10-28,1044.83
ORD007193,CUST00580,2023-10-28,631.69
ORD008301,CUST00740,2023-10-28,691.98
ORD000341,CUST00015,2023-10-29,1960.78
ORD000699,CUST00031,2023-10-29,2865.01
ORD001409,CUST00062,2023-10-29,1253.73
ORD001965,CUST00085,2023-10-29,4269.71
ORD003545,CUST00191,2023-10-29,977.69
ORD005125,CUST00311,2023-10-29,417.66
ORD007336,CUST00600,2023-10-29,1336.16
ORD007688,CUST00651,2023-10-29,1286.2
ORD007945,CUST00688,2023-10-29,1638.19
ORD007959,CUST00690,2023-10-29,1189.68
ORD008170,CUST00722,2023-10-29,1674.76
ORD008234,CUST00731,2023-10-29,853.85
ORD000010,CUST00001,2023-10-30,1927.45
ORD002109,CUST00091,2023-10-30,2027.27
ORD002361,CUST00104,2023-10-30,1226.64
ORD002631,CUST00124,2023-10-30,868.79
ORD003995,CUST00224,2023-10-30,1220.15
ORD004208,CUST00239,2023-10-30,1147.04
ORD006512,CUST00493,2023-10-30,963.77
ORD006629,CUST00506,2023-10-30,1037.81
ORD007062,CUST00561,2023-10-30,1762.01
ORD007255,CUST00589,2023-10-30,1226.69
ORD007882,CUST00680,2023-10-30,1407.16
ORD008105,CUST00713,2023-10-30,1772.91
ORD008349,CUST00747,2023-10-30,581.64
ORD008616,CUST00920,2023-10-30,1447.79
ORD000222,CUST00010,2023-10-31,3243.56
ORD000597,CUST00026,2023-10-31,2619.23
ORD001613,CUST00070,2023-10-31,4216.13
ORD001712,CUST00074,2023-10-31,3841.49
ORD003276,CUST00171,2023-10-31,1840.51
ORD003967,CUST00222,2023-10-31,1885.02
ORD004156,CUST00235,2023-10-31,1125.22
ORD004742,CUST00278,2023-10-31,1828.69
ORD006374,CUST00475,2023-10-31,599.27
ORD007599,CUST00638,2023-10-31,948.19
ORD000245,CUST00011,2023-11-01,2685.23
ORD000268,CUST00012,2023-11-01,2638.26
ORD000775,CUST00034,2023-11-01,1407.26
ORD001277,CUST00056,2023-11-01,3290.01
ORD001363,CUST00060,2023-11-01,2988.74
ORD001468,CUST00064,2023-11-01,3551.68
ORD002129,CUST00092,2023-11-01,1470.51
ORD003449,CUST00184,2023-11-01,1272.65
ORD004125,CUST00233,2023-11-01,1338.54
ORD004990,CUST00297,2023-11-01,1105.19
ORD005482,CUST00356,2023-11-01,1099.32
ORD005877,CUST00405,2023-11-01,548.17
ORD007095,CUST00566,2023-11-01,1384.52
ORD007556,CUST00633,2023-11-01,840.06
ORD007815,CUST00669,2023-11-01,1666.63
ORD008064,CUST00706,2023-11-01,1552.42
ORD008100,CUST00712,2023-11-01,976.57
ORD000033,CUST00002,2023-11-02,1764.76
ORD000125,CUST00006,2023-11-02,1388.65
ORD000367,CUST00016,2023-11-02,3200.85
ORD000468,CUST00020,2023-11-02,2454.03
ORD002650,CUST00125,2023-11-02,1197.82
ORD004384,CUST00252,2023-11-02,1978.01
ORD004433,CUST00255,2023-11-02,2152.58
ORD005614,CUST00372,2023-11-02,728.87
ORD005649,CUST00377,2023-11-02,502.74
ORD006188,CUST00449,2023-11-02,684.79
ORD006269,CUST00460,2023-11-02,1275.62
ORD006570,CUST00499,2023-11-02,999.17
ORD006775,CUST00526,2023-11-02,657.31
ORD006871,CUST00538,2023-11-02,733.72
ORD007142,CUST00573,2023-11-02,1142.89
ORD008307,CUST00741,2023-11-02,1337.6
ORD000054,CUST00003,2023-11-03,3168.15
ORD000866,CUST00038,2023-11-03,3917.02
ORD002301,CUST00100,2023-11-03,1921.27
ORD003828,CUST00213,2023-11-03,1764.35
ORD004959,CUST00295,2023-11-03,1874.2
ORD006338,CUST00470,2023-11-03,806.53
ORD006504,CUST00492,2023-11-03,1229.86
ORD007489,CUST00625,2023-11-03,1712.93
ORD007771,CUST00664,2023-11-03,894.38
ORD008196,CUST00725,2023-11-03,1172.1
ORD008336,CUST00745,2023-11-03,762.23
ORD000641,CUST00028,2023-11-04,1575.6
ORD000727,CUST00032,2023-11-04,3955.9
ORD001328,CUST00058,2023-11-04,2234.23
ORD001588,CUST00069,2023-11-04,2011.09
ORD001871,CUST00081,2023-11-04,3516.17
ORD001943,CUST00084,2023-11-04,2675.32
ORD002614,CUST00123,2023-11-04,1592.7
ORD002730,CUST00131,2023-11-04,1312.88
ORD003495,CUST00187,2023-11-04,1031.67
ORD004287,CUST00245,2023-11-04,2176.4
ORD005202,CUST00321,2023-11-04,1122.08
ORD006861,CUST00537,2023-11-04,1166.4
ORD007048,CUST00559,2023-11-04,1171.98
ORD007745,CUST00660,2023-11-04,530.57
ORD008089,CUST00710,2023-11-04,1429.41
ORD008113,CUST00714,2023-11-04,862.07
ORD000559,CUST00024,2023-11-05,4404.61
ORD001203,CUST00053,2023-11-05,3371.76
ORD001345,CUST00059,2023-11-05,1662.98
ORD001488,CUST00065,2023-11-05,1750.98
ORD001846,CUST00080,2023-11-05,1946.68
ORD002854,CUST00140,2023-11-05,1212.04
ORD003875,CUST00216,2023-11-05,1192.99
ORD003933,CUST00220,2023-11-05,1080.07
ORD004241,CUST00241,2023-11-05,1963.66
ORD007102,CUST00567,2023-11-05,1021.13
ORD007480,CUST00623,2023-11-05,530.99
ORD007865,CUST00677,2023-11-05,1784.34
ORD000798,CUST00035,2023-11-06,1408.23
ORD001009,CUST00045,2023-11-06,4213.66
ORD001987,CUST00086,2023-11-06,2562.06
ORD003417,CUST00182,2023-11-06,993.57
ORD003589,CUST00194,2023-11-06,901.91
ORD004522,CUST00261,2023-11-06,1605.05
ORD005548,CUST00364,2023-11-06,1180.03
ORD005604,CUST00371,2023-11-06,1226.69
ORD005809,CUST00396,2023-11-06,997.04
ORD007366,CUST00604,2023-11-06,995.94
ORD007582,CUST00636,2023-11-06,1118.86
ORD007645,CUST00645,2023-11-06,637.81
ORD007930,CUST00686,2023-11-06,1411.01
ORD008128,CUST00716,2023-11-06,1512.78
ORD000152,CUST00007,2023-11-07,4298.47
ORD000927,CUST00041,2023-11-07,1368.82
ORD001161,CUST00051,2023-11-07,4389.48
ORD002452,CUST00111,2023-11-07,1878.59
ORD003090,CUST00159,2023-11-07,2133.81
ORD003640,CUST00198,2023-11-07,1472.14
ORD003692,CUST00202,2023-11-07,1308.8
ORD004695,CUST00274,2023-11-07,1838.29
ORD004881,CUST00289,2023-11-07,2068.56
ORD006082,CUST00433,2023-11-07,1055.98
ORD006285,CUST00462,2023-11-07,813.4
ORD006546,CUST00496,2023-11-07,701.28
ORD007545,CUST00631,2023-11-07,932.79
ORD008053,CUST00705,2023-11-07,786.57
ORD008145,CUST00718,2023-11-07,587.2
ORD000393,CUST00017,2023-11-08,3509.12
ORD000495,CUST00021,2023-11-08,3989.5
ORD001036,CUST00046,2023-11-08,3122.12
ORD001223,CUST00054,2023-11-08,1812.93
ORD001388,CUST00061,2023-11-08,3933.99
ORD001439,CUST00063,2023-11-08,3233.05
ORD001757,CUST00076,2023-11-08,2531.17
ORD001783,CUST00077,2023-11-08,2108.75
ORD001890,CUST00082,2023-11-08,3407.77
ORD002568,CUST00120,2023-11-08,1061.08
ORD002741,CUST00132,2023-11-08,1803.0
ORD002867,CUST00141,2023-11-08,1149.02
ORD003132,CUST00162,2023-11-08,804.1
ORD003300,CUST00173,2023-11-08,824.64
ORD005378,CUST00343,2023-11-08,1284.4
ORD005826,CUST00398,2023-11-08,426.42
ORD006128,CUST00441,2023-11-08,855.82
ORD006535,CUST00495,2023-11-08,1322.35
ORD006699,CUST00516,2023-11-08,1226.14
ORD007104,CUST00568,2023-11-08,918.5
ORD007460,CUST00620,2023-11-08,1738.09
ORD007615,CUST00640,2023-11-08,914.78
ORD007853,CUST00675,2023-11-08,1787.66
ORD007896,CUST00682,2023-11-08,1133.68
ORD007978,CUST00693,2023-11-08,1373.15
ORD001253,CUST00055,2023-11-09,2710.94
ORD001512,CUST00066,2023-11-09,1791.84
ORD001803,CUST00078,2023-11-09,2535.18
ORD002211,CUST00096,2023-11-09,1328.82
ORD003196,CUST00166,2023-11-09,1384.28
ORD003214,CUST00167,2023-11-09,2088.51
ORD004111,CUST00232,2023-11-09,2174.43
ORD004977,CUST00296,2023-11-09,2117.11
ORD007149,CUST00574,2023-11-09,1778.01
ORD007300,CUST00595,2023-11-09,898.14
ORD007379,CUST00606,2023-11-09,766.34
ORD007537,CUST00630,2023-11-09,1675.56
ORD007606,CUST00639,2023-11-09,1563.01
ORD008023,CUST00701,2023-11-09,1341.72
ORD000969,CUST00043,2023-11-10,4493.81
ORD001826,CUST00079,2023-11-10,1378.4
ORD003077,CUST00158,2023-11-10,1962.75
ORD004540,CUST00262,2023-11-10,1004.46
ORD005187,CUST00319,2023-11-10,1107.75
ORD005290,CUST00333,2023-11-10,1001.74
ORD005662,CUST00379,2023-11-10,1191.63
ORD006217,CUST00453,2023-11-10,474.09
ORD006496,CUST00491,2023-11-10,1231.73
ORD006727,CUST00520,2023-11-10,843.65
ORD007037,CUST00558,2023-11-10,1580.42
ORD007134,CUST00572,2023-11-10,1106.48
ORD007398,CUST00609,2023-11-10,1013.38
ORD007521,CUST00628,2023-11-10,1761.39
ORD007720,CUST00657,2023-11-10,671.43
ORD007937,CUST00687,2023-11-10,1667.0
ORD007996,CUST00696,2023-11-10,1611.99
ORD008082,CUST00709,2023-11-10,1159.83
ORD008217,CUST00728,2023-11-10,845.16
ORD008236,CUST00732,2023-11-10,1788.71
ORD008265,CUST00735,2023-11-10,1057.11
ORD000680,CUST00030,2023-11-11,3447.74
ORD000749,CUST00033,2023-11-11,4283.17
ORD000820,CUST00036,2023-11-11,2671.52
ORD001560,CUST00068,2023-11-11,4395.72
ORD006360,CUST00473,2023-11-11,1289.55
ORD006402,CUST00478,2023-11-11,875.46
ORD007078,CUST00563,2023-11-11,1579.1
ORD007659,CUST00647,2023-11-11,981.01
ORD007703,CUST00653,2023-11-11,1221.84
ORD007738,CUST00659,2023-11-11,555.11
ORD007875,CUST00679,2023-11-11,1558.84
ORD007984,CUST00694,2023-11-11,1325.95
ORD008152,CUST00720,2023-11-11,1433.86
ORD008315,CUST00742,2023-11-11,742.53
ORD000415,CUST00018,2023-11-12,1582.54
ORD000513,CUST00022,2023-11-12,1497.44
ORD001060,CUST00047,2023-11-12,1742.97
ORD001737,CUST00075,2023-11-12,2529.81
ORD002191,CUST00095,2023-11-12,2052.26
ORD003344,CUST00177,2023-11-12,1497.86
ORD004899,CUST00290,2023-11-12,1676.86
ORD005340,CUST00339,2023-11-12,1143.13
ORD006411,CUST00479,2023-11-12,716.97
ORD007421,CUST00613,2023-11-12,1355.42
ORD007729,CUST00658,2023-11-12,1041.26
ORD008368,CUST00750,2023-11-12,1499.57
ORD008629,CUST00933,2023-11-12,2042.61
ORD002038,CUST00088,2023-11-13,2818.82
ORD002893,CUST00143,2023-11-13,2010.82
ORD003063,CUST00157,2023-11-13,2065.2
ORD003392,CUST00180,2023-11-13,1509.8
ORD003481,CUST00186,2023-11-13,1642.04
ORD003817,CUST00212,2023-11-13,828.61
ORD006158,CUST00445,2023-11-13,1111.98
ORD006766,CUST00525,2023-11-13,425.94
ORD007021,CUST00556,2023-11-13,1201.32
ORD007071,CUST00562,2023-11-13,1213.57
ORD007092,CUST00565,2023-11-13,1193.1
ORD007200,CUST00581,2023-11-13,969.9
ORD007271,CUST00591,2023-11-13,508.81
ORD008339,CUST00746,2023-11-13,1187.36
ORD000949,CUST00042,2023-11-14,2189.31
ORD001088,CUST00048,2023-11-14,3954.91
ORD001533,CUST00067,2023-11-14,2823.7
ORD003107,CUST00160,2023-11-14,1728.25
ORD003248,CUST00169,2023-11-14,1352.01
ORD003433,CUST00183,2023-11-14,1905.53
ORD003509,CUST00188,2023-11-14,958.31
ORD003904,CUST00218,2023-11-14,1803.83
ORD004098,CUST00231,2023-11-14,1835.57
ORD004138,CUST00234,2023-11-14,1458.68
ORD006048,CUST00429,2023-11-14,1182.61
ORD007810,CUST00668,2023-11-14,699.28
ORD008621,CUST00925,2023-11-14,480.77
ORD001614,CUST00070,2023-11-15,3521.39
ORD002378,CUST00105,2023-11-15,1679.52
ORD002500,CUST00115,2023-11-15,2047.99
ORD004552,CUST00263,2023-11-15,1286.64
ORD004598,CUST00266,2023-11-15,1661.52
ORD004820,CUST00284,2023-11-15,1693.96
ORD005023,CUST00299,2023-11-15,1386.68
ORD005396,CUST00345,2023-11-15,494.11
ORD005461,CUST00353,2023-11-15,1142.84
ORD005597,CUST00370,2023-11-15,507.56
ORD005792,CUST00394,2023-11-15,523.44
ORD007085,CUST00564,2023-11-15,1651.31
ORD007252,CUST00588,2023-11-15,1304.45
ORD007361,CUST00603,2023-11-15,1734.95
ORD007403,CUST00610,2023-11-15,644.83
ORD007501,CUST00626,2023-11-15,1080.6
ORD007510,CUST00627,2023-11-15,1602.39
ORD007572,CUST00635,2023-11-15,1635.42
ORD008292,CUST00738,2023-11-15,1114.46
ORD000102,CUST00005,2023-11-16,2741.18
ORD000269,CUST00012,2023-11-16,2483.23
ORD001304,CUST00057,2023-11-16,2702.6
ORD003535,CUST00190,2023-11-16,1555.35
ORD004626,CUST00268,2023-11-16,1253.47
ORD005526,CUST00361,2023-11-16,790.41
ORD006020,CUST00425,2023-11-16,1300.43
ORD007456,CUST00619,2023-11-16,662.53
ORD007594,CUST00637,2023-11-16,1483.17
ORD007664,CUST00648,2023-11-16,864.69
ORD007826,CUST00671,2023-11-16,1602.99
ORD007861,CUST00676,2023-11-16,985.32
ORD000223,CUST00010,2023-11-17,3900.8
ORD000622,CUST00027,2023-11-17,4265.98
ORD001179,CUST00052,2023-11-17,2967.94
ORD001364,CUST00060,2023-11-17,3708.01
ORD002172,CUST00094,2023-11-17,3896.88
ORD002279,CUST00099,2023-11-17,1777.61
ORD002487,CUST00114,2023-11-17,1449.88
ORD002596,CUST00122,2023-11-17,1592.85
ORD003845,CUST00214,2023-11-17,2054.19
ORD004506,CUST00260,2023-11-17,1506.41
ORD005253,CUST00328,2023-11-17,944.64
ORD005358,CUST00341,2023-11-17,640.34
ORD005504,CUST00358,2023-11-17,854.63
ORD006476,CUST00488,2023-11-17,1365.77
ORD006828,CUST00534,2023-11-17,998.29
ORD008094,CUST00711,2023-11-17,1087.92
ORD000700,CUST00031,2023-11-18,1329.17
ORD000840,CUST00037,2023-11-18,2119.68
ORD001410,CUST00062,2023-11-18,2656.24
ORD001659,CUST00072,2023-11-18,2827.17
ORD001685,CUST00073,2023-11-18,1212.59
ORD002912,CUST00144,2023-11-18,1361.67
ORD003951,CUST00221,2023-11-18,1683.7
ORD004331,CUST00248,2023-11-18,1479.51
ORD004911,CUST00291,2023-11-18,1783.83
ORD005094,CUST00307,2023-11-18,1066.2
ORD006708,CUST00517,2023-11-18,1018.88
ORD006750,CUST00523,2023-11-18,1157.94
ORD007624,CUST00642,2023-11-18,1102.71
ORD007639,CUST00644,2023-11-18,1741.75
ORD007754,CUST00661,2023-11-18,1197.1
ORD008206,CUST00727,2023-11-18,1490.74
ORD008246,CUST00733,2023-11-18,888.81
ORD000342,CUST00015,2023-11-19,2241.31
ORD000902,CUST00040,2023-11-19,4418.73
ORD002014,CUST00087,2023-11-19,2886.04
ORD002062,CUST00089,2023-11-19,1835.29
ORD003979,CUST00223,2023-11-19,1971.44
ORD004076,CUST00229,2023-11-19,1479.67
ORD004087,CUST00230,2023-11-19,1678.06
ORD004682,CUST00273,2023-11-19,964.65
ORD005270,CUST00330,2023-11-19,1079.43
ORD005332,CUST00338,2023-11-19,1232.68
ORD007209,CUST00582,2023-11-19,1277.36
ORD007780,CUST00665,2023-11-19,1095.25
ORD008139,CUST00717,2023-11-19,1620.19
ORD008257,CUST00734,2023-11-19,1264.95
ORD000083,CUST00004,2023-11-20,3692.38
ORD000199,CUST00009,2023-11-20,1581.63
ORD000867,CUST00038,2023-11-20,1613.58
ORD002110,CUST00091,2023-11-20,3594.44
ORD002581,CUST00121,2023-11-20,1113.94
ORD003015,CUST00153,2023-11-20,1908.91
ORD004060,CUST00228,2023-11-20,1902.65
ORD004344,CUST00249,2023-11-20,1538.89
ORD004921,CUST00292,2023-11-20,1679.79
ORD006986,CUST00551,2023-11-20,1158.98
ORD007056,CUST00560,2023-11-20,518.62
ORD007157,CUST00575,2023-11-20,988.57
ORD007170,CUST00577,2023-11-20,1546.79
ORD007966,CUST00691,2023-11-20,1323.42
ORD008035,CUST00703,2023-11-20,1164.45
ORD008119,CUST00715,2023-11-20,1739.99
ORD000300,CUST00013,2023-11-21,2001.4
ORD000319,CUST00014,2023-11-21,2004.75
ORD000560,CUST00024,2023-11-21,3796.42
ORD001632,CUST00071,2023-11-21,2264.59
ORD002347,CUST00103,2023-11-21,2193.34
ORD002717,CUST00130,2023-11-21,897.32
ORD002780,CUST00135,2023-11-21,1525.52
ORD003231,CUST00168,2023-11-21,2125.45
ORD003679,CUST00201,2023-11-21,1853.68
ORD003775,CUST00209,2023-11-21,1074.41
ORD005033,CUST00300,2023-11-21,819.21
ORD005214,CUST00323,2023-11-21,1004.34
ORD005721,CUST00385,2023-11-21,675.46
ORD007238,CUST00586,2023-11-21,916.2
ORD007326,CUST00599,2023-11-21,683.8
ORD007410,CUST00611,2023-11-21,1713.7
ORD007469,CUST00621,2023-11-21,1493.17
ORD007651,CUST00646,2023-11-21,706.18
ORD007706,CUST00654,2023-11-21,757.11
ORD007950,CUST00689,2023-11-21,586.86
ORD008274,CUST00736,2023-11-21,552.56
ORD000580,CUST00025,2023-11-22,1343.1
ORD000598,CUST00026,2023-11-22,2565.58
ORD000663,CUST00029,2023-11-22,1490.83
ORD001944,CUST00084,2023-11-22,4436.21
ORD002083,CUST00090,2023-11-22,1350.21
ORD002252,CUST00098,2023-11-22,4255.34
ORD003145,CUST00163,2023-11-22,1696.91
ORD003732,CUST00205,2023-11-22,1069.52
ORD004253,CUST00242,2023-11-22,1092.04
ORD004316,CUST00247,2023-11-22,1202.06
ORD004366,CUST00251,2023-11-22,1353.77
ORD004419,CUST00254,2023-11-22,2022.5
ORD004842,CUST00286,2023-11-22,1912.67
ORD005110,CUST00309,2023-11-22,885.93
ORD005178,CUST00318,2023-11-22,1371.54
ORD005569,CUST00366,2023-11-22,517.21
ORD005626,CUST00374,2023-11-22,1202.73
ORD005736,CUST00387,2023-11-22,541.83
ORD006071,CUST00432,2023-11-22,437.0
ORD007225,CUST00584,2023-11-22,780.76
ORD007971,CUST00692,2023-11-22,1236.0
ORD008019,CUST00700,2023-11-22,1441.97
ORD008224,CUST00729,2023-11-22,1605.77
ORD000246,CUST00011,2023-11-23,3971.55
ORD001115,CUST00049,2023-11-23,3415.43
ORD001278,CUST00056,2023-11-23,2033.85
ORD001916,CUST00083,2023-11-23,3438.7
ORD002151,CUST00093,2023-11-23,3376.06
ORD002229,CUST00097,2023-11-23,1223.74
ORD002837,CUST00139,2023-11-23,1793.78
ORD004800,CUST00282,2023-11-23,724.95
ORD005863,CUST00403,2023-11-23,660.27
ORD006249,CUST00457,2023-11-23,647.4
ORD006354,CUST00472,2023-11-23,887.19
ORD007029,CUST00557,2023-11-23,1072.54
ORD007287,CUST00593,2023-11-23,624.62
ORD007564,CUST00634,2023-11-23,584.45
ORD008358,CUST00749,2023-11-23,1189.97
ORD000034,CUST00002,2023-11-24,1739.23
ORD000992,CUST00044,2023-11-24,2094.74
ORD001489,CUST00065,2023-11-24,3674.26
ORD002130,CUST00092,2023-11-24,4033.76
ORD002935,CUST00146,2023-11-24,1833.61
ORD003002,CUST00152,2023-11-24,1767.66
ORD003039,CUST00155,2023-11-24,1726.11
ORD003464,CUST00185,2023-11-24,1598.34
ORD004567,CUST00264,2023-11-24,1529.24
ORD004933,CUST00293,2023-11-24,795.25
ORD005959,CUST00416,2023-11-24,1018.64
ORD006228,CUST00454,2023-11-24,1213.87
ORD007620,CUST00641,2023-11-24,721.72
ORD007798,CUST00667,2023-11-24,892.67
ORD007908,CUST00683,2023-11-24,1271.46
ORD008187,CUST00724,2023-11-24,715.73
ORD008200,CUST00726,2023-11-24,1447.26
ORD001204,CUST00053,2023-11-25,4264.93
ORD001804,CUST00078,2023-11-25,3123.98
ORD001872,CUST00081,2023-11-25,3494.13
ORD001966,CUST00085,2023-11-25,1911.45
ORD003920,CUST00219,2023-11-25,1644.34
ORD004043,CUST00227,2023-11-25,935.55
ORD004615,CUST00267,2023-11-25,1190.71
ORD005262,CUST00329,2023-11-25,891.82
ORD005928,CUST00413,2023-11-25,834.06
ORD006757,CUST00524,2023-11-25,1093.72
ORD007015,CUST00555,2023-11-25,1312.91
ORD007294,CUST00594,2023-11-25,1181.03
ORD007921,CUST00685,2023-11-25,599.87
ORD008046,CUST00704,2023-11-25,1519.03
ORD008229,CUST00730,2023-11-25,1368.08
ORD000153,CUST00007,2023-11-26,2072.74
ORD000537,CUST00023,2023-11-26,4200.98
ORD001010,CUST00045,2023-11-26,2579.02
ORD001143,CUST00050,2023-11-26,2261.33
ORD002546,CUST00118,2023-11-26,816.9
ORD004027,CUST00226,2023-11-26,1877.33
ORD004457,CUST00257,2023-11-26,761.71
ORD005132,CUST00312,2023-11-26,451.66
ORD005710,CUST00384,2023-11-26,1048.62
ORD006673,CUST00512,2023-11-26,1150.86
ORD007549,CUST00632,2023-11-26,1675.9
ORD007844,CUST00674,2023-11-26,555.58
ORD008599,CUST00903,2023-11-26,1754.91
ORD000469,CUST00020,2023-11-27,3268.44
ORD001891,CUST00082,2023-11-27,4333.17
ORD003375,CUST00179,2023-11-27,1040.17
ORD003617,CUST00196,2023-11-27,1558.32
ORD004209,CUST00239,2023-11-27,1180.06
ORD004400,CUST00253,2023-11-27,872.78
ORD005143,CUST00313,2023-11-27,734.28
ORD006878,CUST00539,2023-11-27,1205.37
ORD007116,CUST00570,2023-11-27,1584.63
ORD007315,CUST00597,2023-11-27,1714.52
ORD007476,CUST00622,2023-11-27,759.23
ORD007484,CUST00624,2023-11-27,1247.59
ORD007991,CUST00695,2023-11-27,980.38
ORD008010,CUST00699,2023-11-27,862.08
ORD008069,CUST00707,2023-11-27,639.6
ORD008182,CUST00723,2023-11-27,1567.42
ORD000175,CUST00008,2023-11-28,4117.64
ORD000442,CUST00019,2023-11-28,2081.67
ORD000885,CUST00039,2023-11-28,3578.09
ORD001254,CUST00055,2023-11-28,2205.37
ORD001589,CUST00069,2023-11-28,2846.34
ORD003118,CUST00161,2023-11-28,1549.1
ORD003668,CUST00200,2023-11-28,1000.12
ORD003754,CUST00207,2023-11-28,1647.03
ORD005226,CUST00325,2023-11-28,682.04
ORD005307,CUST00335,2023-11-28,860.39
ORD006787,CUST00528,2023-11-28,569.12
ORD007279,CUST00592,2023-11-28,1586.46
ORD007427,CUST00614,2023-11-28,584.67
ORD007714,CUST00656,2023-11-28,921.05
ORD007760,CUST00662,2023-11-28,925.18
ORD000496,CUST00021,2023-11-29,4497.93
ORD000950,CUST00042,2023-11-29,2415.58
ORD001089,CUST00048,2023-11-29,4429.02
ORD001469,CUST00064,2023-11-29,2597.8
ORD001827,CUST00079,2023-11-29,1653.31
ORD002532,CUST00117,2023-11-29,1751.97
ORD002731,CUST00131,2023-11-29,2088.15
ORD003362,CUST00178,2023-11-29,1806.56
ORD004181,CUST00237,2023-11-29,1539.03
ORD005006,CUST00298,2023-11-29,1106.58
ORD005684,CUST00381,2023-11-29,608.66
ORD005800,CUST00395,2023-11-29,1113.2
ORD006115,CUST00439,2023-11-29,478.44
ORD007679,CUST00650,2023-11-29,1510.66
ORD007793,CUST00666,2023-11-29,569.6
ORD008158,CUST00721,2023-11-29,1594.53
ORD000055,CUST00003,2023-11-30,2459.34
ORD001346,CUST00059,2023-11-30,3978.55
ORD001534,CUST00067,2023-11-30,4409.45
ORD002329,CUST00102,2023-11-30,1619.17
ORD002515,CUST00116,2023-11-30,1985.24
ORD002682,CUST00127,2023-11-30,1113.82
ORD003889,CUST00217,2023-11-30,2136.1
ORD004157,CUST00235,2023-11-30,1928.69
ORD004169,CUST00236,2023-11-30,1791.8
ORD004856,CUST00287,2023-11-30,889.46
ORD006920,CUST00544,2023-11-30,1147.65
ORD007256,CUST00589,2023-11-30,1664.59
ORD008329,CUST00744,2023-11-30,861.22
ORD000394,CUST00017,2023-12-01,2851.56
ORD000776,CUST00034,2023-12-01,3169.24
ORD001329,CUST00058,2023-12-01,3217.32
ORD001847,CUST00080,2023-12-01,2229.9
ORD002753,CUST00133,2023-12-01,1645.97
ORD002957,CUST00148,2023-12-01,1153.18
ORD003162,CUST00164,2023-12-01,1210.09
ORD003968,CUST00222,2023-12-01,829.14
ORD004523,CUST00261,2023-12-01,980.04
ORD005076,CUST00305,2023-12-01,501.34
ORD005346,CUST00340,2023-12-01,1041.89
ORD005910,CUST00410,2023-12-01,631.53
ORD007127,CUST00571,2023-12-01,1358.55
ORD007309,CUST00596,2023-12-01,1072.91
ORD007946,CUST00688,2023-12-01,531.34
ORD000011,CUST00001,2023-12-02,2118.03
ORD000103,CUST00005,2023-12-02,3422.1
ORD000642,CUST00028,2023-12-02,1565.94
ORD002192,CUST00095,2023-12-02,2904.91
ORD003277,CUST00171,2023-12-02,2029.61
ORD003578,CUST00193,2023-12-02,1117.78
ORD005870,CUST00404,2023-12-02,600.35
ORD006028,CUST00426,2023-12-02,1098.34
ORD006612,CUST00504,2023-12-02,667.24
ORD007245,CUST00587,2023-12-02,1118.46
ORD007823,CUST00670,2023-12-02,557.36
ORD008027,CUST00702,2023-12-02,690.24
ORD008651,CUST00955,2023-12-02,509.68
ORD001411,CUST00062,2023-12-03,4473.07
ORD003418,CUST00182,2023-12-03,1507.62
ORD006469,CUST00487,2023-12-03,711.16
ORD006580,CUST00500,2023-12-03,579.52
ORD007385,CUST00607,2023-12-03,1134.68
ORD007697,CUST00652,2023-12-03,839.28
ORD001713,CUST00074,2023-12-04,1686.58
ORD003521,CUST00189,2023-12-04,1470.22
ORD003590,CUST00194,2023-12-04,1806.7
ORD003602,CUST00195,2023-12-04,1989.51
ORD003711,CUST00203,2023-12-04,2114.74
ORD004788,CUST00281,2023-12-04,2005.81
ORD005045,CUST00301,2023-12-04,413.9
ORD005512,CUST00359,2023-12-04,683.6
ORD006886,CUST00540,2023-12-04,1197.47
ORD007185,CUST00579,2023-12-04,1622.53
ORD007443,CUST00617,2023-12-04,1296.39
ORD007999,CUST00697,2023-12-04,1521.56
ORD008003,CUST00698,2023-12-04,1317.86
ORD008065,CUST00706,2023-12-04,624.39
ORD008078,CUST00708,2023-12-04,529.93
ORD000126,CUST00006,2023-12-05,2773.4
ORD000728,CUST00032,2023-12-05,1324.57
ORD000799,CUST00035,2023-12-05,1322.05
ORD001389,CUST00061,2023-12-05,2815.21
ORD001686,CUST00073,2023-12-05,2172.01
ORD001784,CUST00077,2023-12-05,4010.23
ORD002813,CUST00137,2023-12-05,1592.45
ORD002978,CUST00150,2023-12-05,792.22
ORD003091,CUST00159,2023-12-05,2076.57
ORD003215,CUST00167,2023-12-05,900.06
ORD003496,CUST00187,2023-12-05,1892.66
ORD003561,CUST00192,2023-12-05,1341.94
ORD003655,CUST00199,2023-12-05,1021.12
ORD003693,CUST00202,2023-12-05,924.94
ORD003863,CUST00215,2023-12-05,1779.65
ORD004715,CUST00276,2023-12-05,1354.45
ORD004756,CUST00279,2023-12-05,901.5
ORD006425,CUST00481,2023-12-05,782.46
ORD007341,CUST00601,2023-12-05,530.98
ORD007438,CUST00616,2023-12-05,1571.2
ORD000368,CUST00016,2023-12-06,1944.77
ORD000514,CUST00022,2023-12-06,2278.17
ORD000841,CUST00037,2023-12-06,1285.51
ORD002302,CUST00100,2023-12-06,2087.95
ORD002797,CUST00136,2023-12-06,1689.21
ORD003078,CUST00158,2023-12-06,1663.39
ORD004242,CUST00241,2023-12-06,1577.74
ORD005434,CUST00350,2023-12-06,720.19
ORD006681,CUST00513,2023-12-06,775.28
ORD007167,CUST00576,2023-12-06,1341.22
ORD007766,CUST00663,2023-12-06,1546.03
ORD007894,CUST00681,2023-12-06,1644.83
ORD008150,CUST00719,2023-12-06,1655.43
ORD008171,CUST00722,2023-12-06,1132.81
ORD008197,CUST00725,2023-12-06,1648.59
ORD008298,CUST00739,2023-12-06,773.71
ORD001305,CUST00057,2023-12-07,2919.68
ORD001440,CUST00063,2023-12-07,4037.88
ORD001988,CUST00086,2023-12-07,2186.41
ORD002557,CUST00119,2023-12-07,1340.61
ORD002632,CUST00124,2023-12-07,1335.31
ORD002946,CUST00147,2023-12-07,1195.49
ORD003792,CUST00210,2023-12-07,833.46
ORD004773,CUST00280,2023-12-07,710.84
ORD004831,CUST00285,2023-12-07,903.63
ORD004882,CUST00289,2023-12-07,2186.59
ORD005171,CUST00317,2023-12-07,1190.89
ORD006597,CUST00502,2023-12-07,511.67
ORD006851,CUST00536,2023-12-07,742.43
ORD007557,CUST00633,2023-12-07,1135.48
ORD007600,CUST00638,2023-12-07,1189.72
ORD007960,CUST00690,2023-12-07,1644.5
ORD008337,CUST00745,2023-12-07,932.27
ORD000903,CUST00040,2023-12-08,3710.19
ORD001561,CUST00068,2023-12-08,2894.42
ORD003178,CUST00165,2023-12-08,1917.67
ORD003934,CUST00220,2023-12-08,1578.35
ORD005116,CUST00310,2023-12-08,1220.61
ORD005967,CUST00417,2023-12-08,1324.17
ORD006742,CUST00522,2023-12-08,880.81
ORD007546,CUST00631,2023-12-08,669.84
ORD007883,CUST00680,2023-12-08,946.12
ORD000224,CUST00010,2023-12-09,3420.23
ORD000416,CUST00018,2023-12-09,4054.2
ORD000821,CUST00036,2023-12-09,1749.93
ORD000928,CUST00041,2023-12-09,1842.36
ORD001758,CUST00076,2023-12-09,4101.8
ORD002084,CUST00090,2023-12-09,2380.41
ORD003197,CUST00166,2023-12-09,1953.03
ORD003876,CUST00216,2023-12-09,1721.97
ORD004126,CUST00233,2023-12-09,822.92
ORD004487,CUST00259,2023-12-09,1296.26
ORD005424,CUST00349,2023-12-09,509.12
ORD005673,CUST00380,2023-12-09,882.71
ORD006461,CUST00486,2023-12-09,461.48
ORD006974,CUST00550,2023-12-09,780.42
ORD007538,CUST00630,2023-12-09,1136.49
ORD007669,CUST00649,2023-12-09,808.12
ORD008101,CUST00712,2023-12-09,1122.09
ORD000623,CUST00027,2023-12-10,1295.55
ORD000664,CUST00029,2023-12-10,2002.94
ORD000970,CUST00043,2023-12-10,2934.07
ORD001513,CUST00066,2023-12-10,4438.67
ORD002426,CUST00109,2023-12-10,1046.82
ORD003741,CUST00206,2023-12-10,1059.51
ORD006488,CUST00490,2023-12-10,1235.28
ORD007108,CUST00569,2023-12-10,1453.5
ORD007417,CUST00612,2023-12-10,1337.38
ORD000084,CUST00004,2023-12-11,3552.73
ORD001037,CUST00046,2023-12-11,1237.74
ORD001180,CUST00052,2023-12-11,1256.57
ORD001224,CUST00054,2023-12-11,3380.22
ORD001615,CUST00070,2023-12-11,4326.94
ORD001633,CUST00071,2023-12-11,3616.76
ORD002212,CUST00096,2023-12-11,2860.99
ORD003321,CUST00175,2023-12-11,1727.0
ORD003802,CUST00211,2023-12-11,1441.22
ORD005060,CUST00303,2023-12-11,737.96
ORD005366,CUST00342,2023-12-11,790.64
ORD006146,CUST00444,2023-12-11,1281.44
ORD007063,CUST00561,2023-12-11,1087.74
ORD007179,CUST00578,2023-12-11,947.26
ORD007481,CUST00623,2023-12-11,1001.76
ORD007607,CUST00639,2023-12-11,1376.25
ORD007872,CUST00678,2023-12-11,1735.14
ORD007876,CUST00679,2023-12-11,521.09
ORD008237,CUST00732,2023-12-11,1737.73
ORD008302,CUST00740,2023-12-11,663.94
ORD000750,CUST00033,2023-12-12,4008.85
ORD001162,CUST00051,2023-12-12,3640.66
ORD001279,CUST00056,2023-12-12,3560.28
ORD002152,CUST00093,2023-12-12,3628.54
ORD002925,CUST00145,2023-12-12,775.68
ORD004009,CUST00225,2023-12-12,2156.41
ORD004223,CUST00240,2023-12-12,1579.26
ORD004586,CUST00265,2023-12-12,942.05
ORD005154,CUST00314,2023-12-12,520.35
ORD005891,CUST00407,2023-12-12,551.4
ORD006172,CUST00447,2023-12-12,1073.91
ORD006436,CUST00482,2023-12-12,1104.26
ORD006963,CUST00549,2023-12-12,748.52
ORD006998,CUST00553,2023-12-12,857.13
ORD007434,CUST00615,2023-12-12,1003.79
ORD007583,CUST00636,2023-12-12,1420.71
ORD007721,CUST00657,2023-12-12,1705.03
ORD007831,CUST00672,2023-12-12,1216.33
ORD007866,CUST00677,2023-12-12,1332.61
ORD008284,CUST00737,2023-12-12,1296.56
ORD008678,CUST00982,2023-12-12,1383.23
ORD000270,CUST00012,2023-12-13,3589.8
ORD000443,CUST00019,2023-12-13,2133.37
ORD000561,CUST00024,2023-12-13,4463.11
ORD001061,CUST00047,2023-12-13,2658.07
ORD001917,CUST00083,2023-12-13,3217.37
ORD002015,CUST00087,2023-12-13,3486.69
ORD002131,CUST00092,2023-12-13,4141.28
ORD002173,CUST00094,2023-12-13,2806.64
ORD002765,CUST00134,2023-12-13,1519.61
ORD003393,CUST00180,2023-12-13,1500.46
ORD003450,CUST00184,2023-12-13,1435.88
ORD004300,CUST00246,2023-12-13,734.68
ORD004627,CUST00268,2023-12-13,2028.19
ORD004659,CUST00271,2023-12-13,759.41
ORD004725,CUST00277,2023-12-13,742.38
ORD004991,CUST00297,2023-12-13,864.99
ORD005451,CUST00352,2023-12-13,749.28
ORD005772,CUST00392,2023-12-13,1387.33
ORD005938,CUST00414,2023-12-13,1042.23
ORD006339,CUST00470,2023-12-13,668.14
ORD006735,CUST00521,2023-12-13,806.35
ORD007372,CUST00605,2023-12-13,796.88
ORD007452,CUST00618,2023-12-13,527.22
ORD007912,CUST00684,2023-12-13,1234.56
ORD000154,CUST00007,2023-12-14,3649.98
ORD000681,CUST00030,2023-12-14,3321.87
ORD002691,CUST00128,2023-12-14,1618.67
ORD002988,CUST00151,2023-12-14,1156.83
ORD003536,CUST00190,2023-12-14,1929.38
ORD003546,CUST00191,2023-12-14,2136.62
ORD004099,CUST00231,2023-12-14,735.13
ORD005698,CUST00383,2023-12-14,860.95
ORD006090,CUST00434,2023-12-14,1244.93
ORD006325,CUST00468,2023-12-14,732.44
ORD006648,CUST00509,2023-12-14,684.91
ORD007079,CUST00563,2023-12-14,1215.6
ORD007216,CUST00583,2023-12-14,1538.03
ORD007231,CUST00585,2023-12-14,1174.14
ORD007530,CUST00629,2023-12-14,916.91
ORD000301,CUST00013,2023-12-15,4005.97
ORD000868,CUST00038,2023-12-15,3319.72
ORD001660,CUST00072,2023-12-15,2359.06
ORD002362,CUST00104,2023-12-15,2144.67
ORD002615,CUST00123,2023-12-15,835.12
ORD002742,CUST00132,2023-12-15,1780.3
ORD003641,CUST00198,2023-12-15,1099.93
ORD004385,CUST00252,2023-12-15,2144.6
ORD006630,CUST00506,2023-12-15,781.91
ORD007689,CUST00651,2023-12-15,760.08
ORD007837,CUST00673,2023-12-15,1656.26
ORD008353,CUST00748,2023-12-15,1268.16
ORD000247,CUST00011,2023-12-16,3727.19
ORD000777,CUST00034,2023-12-16,3285.45
ORD001011,CUST00045,2023-12-16,4281.94
ORD001365,CUST00060,2023-12-16,3002.97
ORD001738,CUST00075,2023-12-16,3208.56
ORD001967,CUST00085,2023-12-16,3565.4
ORD002039,CUST00088,2023-12-16,3015.53
ORD002666,CUST00126,2023-12-16,861.84
ORD002718,CUST00130,2023-12-16,1843.67
ORD002913,CUST00144,2023-12-16,1108.98
ORD003996,CUST00224,2023-12-16,1354.35
ORD005581,CUST00367,2023-12-16,1091.6
ORD006375,CUST00475,2023-12-16,937.73
ORD007404,CUST00610,2023-12-16,1583.02
ORD007811,CUST00668,2023-12-16,1016.8
ORD000012,CUST00001,2023-12-17,3704.06
ORD000701,CUST00031,2023-12-17,4470.25
ORD000951,CUST00042,2023-12-17,4433.66
ORD001490,CUST00065,2023-12-17,3618.69
ORD002453,CUST00111,2023-12-17,2196.95
ORD002781,CUST00135,2023-12-17,1852.39
ORD002894,CUST00143,2023-12-17,1863.3
ORD004821,CUST00284,2023-12-17,1065.03
ORD005051,CUST00302,2023-12-17,1009.19
ORD005067,CUST00304,2023-12-17,1329.11
ORD005084,CUST00306,2023-12-17,936.43
ORD005440,CUST00351,2023-12-17,822.92
ORD005819,CUST00397,2023-12-17,496.04
ORD006418,CUST00480,2023-12-17,520.24
ORD006715,CUST00518,2023-12-17,490.97
ORD007268,CUST00590,2023-12-17,1638.76
ORD007353,CUST00602,2023-12-17,893.83
ORD007772,CUST00664,2023-12-17,570.68
ORD007827,CUST00671,2023-12-17,872.47
ORD002280,CUST00099,2023-12-18,1551.33
ORD003434,CUST00183,2023-12-18,945.69
ORD003510,CUST00188,2023-12-18,743.14
ORD004900,CUST00290,2023-12-18,1788.94
ORD005760,CUST00390,2023-12-18,919.31
ORD006840,CUST00535,2023-12-18,699.64
ORD006992,CUST00552,2023-12-18,902.98
ORD007201,CUST00581,2023-12-18,1747.1
ORD007630,CUST00643,2023-12-18,1321.85
ORD007739,CUST00659,2023-12-18,1486.09
ORD007985,CUST00694,2023-12-18,1278.67
ORD008322,CUST00743,2023-12-18,1236.54
ORD001535,CUST00067,2023-12-19,3548.45
ORD001848,CUST00080,2023-12-19,2465.72
ORD003249,CUST00169,2023-12-19,1625.23
ORD004288,CUST00245,2023-12-19,1294.13
ORD004475,CUST00258,2023-12-19,1111.7
ORD004960,CUST00295,2023-12-19,1501.15
ORD006189,CUST00449,2023-12-19,687.84
ORD007616,CUST00640,2023-12-19,1464.85
ORD008146,CUST00718,2023-12-19,676.68
ORD000320,CUST00014,2023-12-20,3080.5
ORD000538,CUST00023,2023-12-20,3342.49
ORD001144,CUST00050,2023-12-20,2456.18
ORD001205,CUST00053,2023-12-20,1251.67
ORD001828,CUST00079,2023-12-20,2330.81
ORD002063,CUST00089,2023-12-20,1471.74
ORD002111,CUST00091,2023-12-20,4340.08
ORD002253,CUST00098,2023-12-20,1490.86
ORD002569,CUST00120,2023-12-20,1020.89
ORD002651,CUST00125,2023-12-20,1507.01
ORD003108,CUST00160,2023-12-20,1029.12
ORD003846,CUST00214,2023-12-20,1619.4
ORD004332,CUST00248,2023-12-20,2115.32
ORD004912,CUST00291,2023-12-20,750.99
ORD005126,CUST00311,2023-12-20,490.94
ORD005493,CUST00357,2023-12-20,1034.11
ORD005744,CUST00388,2023-12-20,872.57
ORD006062,CUST00431,2023-12-20,794.6
ORD006312,CUST00466,2023-12-20,829.53
ORD006641,CUST00508,2023-12-20,643.75
ORD007008,CUST00554,2023-12-20,704.73
ORD007710,CUST00655,2023-12-20,924.5
ORD000035,CUST00002,2023-12-21,2090.83
ORD000343,CUST00015,2023-12-21,4337.9
ORD000599,CUST00026,2023-12-21,2515.81
ORD002597,CUST00122,2023-12-21,756.06
ORD004683,CUST00273,2023-12-21,1154.65
ORD005754,CUST00389,2023-12-21,653.54
ORD006403,CUST00478,2023-12-21,723.34
ORD006660,CUST00510,2023-12-21,728.75
ORD007096,CUST00566,2023-12-21,1324.61
ORD007938,CUST00687,2023-12-21,1325.28
ORD002436,CUST00110,2023-12-22,1726.96
ORD002823,CUST00138,2023-12-22,1989.11
ORD003049,CUST00156,2023-12-22,2084.3
ORD004443,CUST00256,2023-12-22,1424.95
ORD004507,CUST00260,2023-12-22,1580.43
ORD004637,CUST00269,2023-12-22,899.4
ORD006497,CUST00491,2023-12-22,1349.67
ORD006524,CUST00494,2023-12-22,834.97
ORD006547,CUST00496,2023-12-22,584.59
ORD006556,CUST00497,2023-12-22,1106.22
ORD006929,CUST00545,2023-12-22,1190.14
ORD007226,CUST00584,2023-12-22,885.83
ORD007461,CUST00620,2023-12-22,972.63
ORD007490,CUST00625,2023-12-22,1189.76
ORD007511,CUST00627,2023-12-22,1768.96
ORD008083,CUST00709,2023-12-22,1589.68
ORD000200,CUST00009,2023-12-23,1827.26
ORD000581,CUST00025,2023-12-23,2195.38
ORD002855,CUST00140,2023-12-23,1553.38
ORD003818,CUST00212,2023-12-23,899.81
ORD003829,CUST00213,2023-12-23,768.27
ORD004077,CUST00229,2023-12-23,1328.96
ORD005474,CUST00355,2023-12-23,946.09
ORD006008,CUST00423,2023-12-23,878.7
ORD007595,CUST00637,2023-12-23,711.15
ORD008129,CUST00716,2023-12-23,1489.12
ORD000417,CUST00018,2023-12-24,3370.28
ORD001116,CUST00049,2023-12-24,2251.82
ORD001441,CUST00063,2023-12-24,4158.76
ORD001759,CUST00076,2023-12-24,1773.33
ORD002408,CUST00108,2023-12-24,1508.93
ORD003363,CUST00178,2023-12-24,1137.28
ORD003764,CUST00208,2023-12-24,1091.46
ORD004139,CUST00234,2023-12-24,1766.73
ORD004345,CUST00249,2023-12-24,1974.89
ORD004743,CUST00278,2023-12-24,1791.48
ORD004843,CUST00286,2023-12-24,1088.64
ORD005024,CUST00299,2023-12-24,2179.37
ORD005298,CUST00334,2023-12-24,1176.59
ORD005324,CUST00337,2023-12-24,1348.77
ORD006666,CUST00511,2023-12-24,570.01
ORD006945,CUST00547,2023-12-24,1220.21
ORD007143,CUST00573,2023-12-24,1752.22
ORD007321,CUST00598,2023-12-24,938.62
ORD007391,CUST00608,2023-12-24,1528.55
ORD008024,CUST00701,2023-12-24,987.5
ORD008207,CUST00727,2023-12-24,621.15
ORD008359,CUST00749,2023-12-24,788.34
ORD001255,CUST00055,2023-12-25,2296.32
ORD002501,CUST00115,2023-12-25,1759.94
ORD003146,CUST00163,2023-12-25,927.41
ORD003733,CUST00205,2023-12-25,2019.15
ORD004434,CUST00255,2023-12-25,1433.49
ORD004809,CUST00283,2023-12-25,2057.8
ORD004978,CUST00296,2023-12-25,1338.02
ORD005947,CUST00415,2023-12-25,917.25
ORD007295,CUST00594,2023-12-25,1643.09
ORD007502,CUST00626,2023-12-25,1414.68
ORD007997,CUST00696,2023-12-25,1164.87
ORD008218,CUST00728,2023-12-25,1523.12
ORD008247,CUST00733,2023-12-25,711.18
ORD008350,CUST00747,2023-12-25,1641.7
ORD000176,CUST00008,2023-12-26,4413.66
ORD000800,CUST00035,2023-12-26,1344.56
ORD000842,CUST00037,2023-12-26,2846.85
ORD000993,CUST00044,2023-12-26,3497.37
ORD001470,CUST00064,2023-12-26,1472.01
ORD002683,CUST00127,2023-12-26,1638.69
ORD002868,CUST00141,2023-12-26,1717.3
ORD004866,CUST00288,2023-12-26,751.52
ORD004922,CUST00292,2023-12-26,717.4
ORD005650,CUST00377,2023-12-26,447.83
ORD005991,CUST00421,2023-12-26,826.83
ORD006776,CUST00526,2023-12-26,428.0
ORD006953,CUST00548,2023-12-26,932.36
ORD007422,CUST00613,2023-12-26,532.9
ORD007665,CUST00648,2023-12-26,1250.39
ORD007746,CUST00660,2023-12-26,1406.26
ORD008054,CUST00705,2023-12-26,1241.8
ORD008316,CUST00742,2023-12-26,1102.56
ORD000470,CUST00020,2023-12-27,4078.86
ORD001945,CUST00084,2023-12-27,1258.64
ORD002303,CUST00100,2023-12-27,2846.7
ORD002547,CUST00118,2023-12-27,2140.88
ORD002754,CUST00133,2023-12-27,984.78
ORD003301,CUST00173,2023-12-27,718.63
ORD003311,CUST00174,2023-12-27,1308.04
ORD003952,CUST00221,2023-12-27,1737.71
ORD003980,CUST00223,2023-12-27,2169.23
ORD004170,CUST00236,2023-12-27,1899.72
ORD004264,CUST00243,2023-12-27,1433.47
ORD004541,CUST00262,2023-12-27,1727.25
ORD005007,CUST00298,2023-12-27,2044.86
ORD005810,CUST00396,2023-12-27,963.91
ORD006300,CUST00464,2023-12-27,1162.39
ORD006385,CUST00476,2023-12-27,803.27
ORD006412,CUST00479,2023-12-27,1283.29
ORD008188,CUST00724,2023-12-27,689.72
ORD001090,CUST00048,2023-12-28,3422.55
ORD001225,CUST00054,2023-12-28,3748.15
ORD001805,CUST00078,2023-12-28,3892.85
ORD001892,CUST00082,2023-12-28,1447.66
ORD002230,CUST00097,2023-12-28,1877.88
ORD002701,CUST00129,2023-12-28,2047.96
ORD004061,CUST00228,2023-12-28,2077.03
ORD004191,CUST00238,2023-12-28,1958.38
ORD004524,CUST00261,2023-12-28,2067.02
ORD005728,CUST00386,2023-12-28,996.31
ORD006179,CUST00448,2023-12-28,979.83
ORD007038,CUST00558,2023-12-28,755.17
ORD007135,CUST00572,2023-12-28,718.99
ORD007280,CUST00592,2023-12-28,1344.23
ORD000056,CUST00003,2023-12-29,2946.08
ORD000497,CUST00021,2023-12-29,1551.96
ORD002016,CUST00087,2023-12-29,4257.4
ORD002193,CUST00095,2023-12-29,3177.88
ORD002213,CUST00096,2023-12-29,1507.53
ORD003680,CUST00201,2023-12-29,2101.95
ORD004044,CUST00227,2023-12-29,1762.25
ORD004112,CUST00232,2023-12-29,1818.64
ORD004801,CUST00282,2023-12-29,2010.15
ORD005878,CUST00405,2023-12-29,857.08
ORD007117,CUST00570,2023-12-29,794.2
ORD007972,CUST00692,2023-12-29,1315.02
ORD008293,CUST00738,2023-12-29,966.38
ORD000729,CUST00032,2023-12-30,4092.1
ORD001590,CUST00069,2023-12-30,2780.8
ORD001873,CUST00081,2023-12-30,1230.71
ORD003465,CUST00185,2023-12-30,1571.6
ORD003522,CUST00189,2023-12-30,1403.62
ORD003694,CUST00202,2023-12-30,1068.38
ORD004182,CUST00237,2023-12-30,2132.75
ORD004568,CUST00264,2023-12-30,814.8
ORD006159,CUST00445,2023-12-30,736.81
ORD006235,CUST00455,2023-12-30,578.12
ORD007093,CUST00565,2023-12-30,799.55
ORD008639,CUST00943,2023-12-30,2122.76
ORD000225,CUST00010,2023-12-31,3861.66
ORD000395,CUST00017,2023-12-31,2644.6
ORD001412,CUST00062,2023-12-31,1867.65
ORD003003,CUST00152,2023-12-31,1272.35
ORD003025,CUST00154,2023-12-31,1452.59
ORD003064,CUST00157,2023-12-31,926.7
ORD004401,CUST00253,2023-12-31,1360.61
ORD004696,CUST00274,2023-12-31,1150.35
ORD006083,CUST00433,2023-12-31,514.45
ORD006393,CUST00477,2023-12-31,730.16
ORD006455,CUST00485,2023-12-31,1248.23
ORD007086,CUST00564,2023-12-31,753.34
ORD007105,CUST00568,2023-12-31,1719.59
ORD007781,CUST00665,2023-12-31,1282.36
ORD008258,CUST00734,2023-12-31,1059.14
ORD008340,CUST00746,2023-12-31,1296.2
ORD008689,CUST00993,2023-12-31,2098.27
ORD000886,CUST00039,2024-01-01,2314.14
ORD001012,CUST00045,2024-01-01,4490.67
ORD001562,CUST00068,2024-01-01,2058.55
ORD002379,CUST00105,2024-01-01,1101.21
ORD002463,CUST00112,2024-01-01,1073.44
ORD002533,CUST00117,2024-01-01,773.63
ORD002582,CUST00121,2024-01-01,1466.91
ORD003133,CUST00162,2024-01-01,1001.0
ORD003482,CUST00186,2024-01-01,841.76
ORD004599,CUST00266,2024-01-01,1690.06
ORD005359,CUST00341,2024-01-01,1376.66
ORD005737,CUST00387,2024-01-01,1066.03
ORD007049,CUST00559,2024-01-01,846.74
ORD007272,CUST00591,2024-01-01,568.86
ORD007799,CUST00667,2024-01-01,1094.01
ORD008090,CUST00710,2024-01-01,800.16
ORD008159,CUST00721,2024-01-01,1285.71
ORD008308,CUST00741,2024-01-01,1373.13
ORD000155,CUST00007,2024-01-02,2098.75
ORD000624,CUST00027,2024-01-02,3518.91
ORD001306,CUST00057,2024-01-02,2771.34
ORD001714,CUST00074,2024-01-02,1770.5
ORD002040,CUST00088,2024-01-02,3787.3
ORD002330,CUST00102,2024-01-02,980.73
ORD002488,CUST00114,2024-01-02,1627.97
ORD002838,CUST00139,2024-01-02,1438.76
ORD002936,CUST00146,2024-01-02,1551.68
ORD003345,CUST00177,2024-01-02,1499.28
ORD003376,CUST00179,2024-01-02,2156.09
ORD005254,CUST00328,2024-01-02,911.54
ORD005560,CUST00365,2024-01-02,1195.44
ORD006206,CUST00452,2024-01-02,1106.32
ORD007715,CUST00656,2024-01-02,924.59
ORD007947,CUST00688,2024-01-02,1241.55
ORD008036,CUST00703,2024-01-02,758.95
ORD000515,CUST00022,2024-01-03,1779.61
ORD001062,CUST00047,2024-01-03,3565.83
ORD001330,CUST00058,2024-01-03,1576.97
ORD001347,CUST00059,2024-01-03,1376.92
ORD001785,CUST00077,2024-01-03,2031.6
ORD001968,CUST00085,2024-01-03,3698.59
ORD002132,CUST00092,2024-01-03,2068.67
ORD003864,CUST00215,2024-01-03,885.48
ORD006872,CUST00538,2024-01-03,1229.23
ORD006912,CUST00543,2024-01-03,1111.4
ORD007072,CUST00562,2024-01-03,625.45
ORD007288,CUST00593,2024-01-03,730.63
ORD007301,CUST00595,2024-01-03,1676.69
ORD007367,CUST00604,2024-01-03,1396.21
ORD007470,CUST00621,2024-01-03,987.26
ORD008070,CUST00707,2024-01-03,1372.51
ORD008153,CUST00720,2024-01-03,1026.76
ORD000643,CUST00028,2024-01-04,2805.89
ORD000971,CUST00043,2024-01-04,4357.06
ORD001491,CUST00065,2024-01-04,3745.72
ORD002281,CUST00099,2024-01-04,2860.46
ORD002427,CUST00109,2024-01-04,1522.32
ORD002558,CUST00119,2024-01-04,950.21
ORD003669,CUST00200,2024-01-04,1076.9
ORD004127,CUST00233,2024-01-04,1337.33
ORD004210,CUST00239,2024-01-04,2039.52
ORD004668,CUST00272,2024-01-04,1033.67
ORD005416,CUST00348,2024-01-04,644.82
ORD005851,CUST00402,2024-01-04,1389.16
ORD006054,CUST00430,2024-01-04,968.3
ORD006728,CUST00520,2024-01-04,1196.75
ORD007640,CUST00644,2024-01-04,860.97
ORD007794,CUST00666,2024-01-04,1339.5
ORD000127,CUST00006,2024-01-05,1719.53
ORD000751,CUST00033,2024-01-05,1476.79
ORD001536,CUST00067,2024-01-05,1344.87
ORD002979,CUST00150,2024-01-05,1925.55
ORD003040,CUST00155,2024-01-05,1897.15
ORD003198,CUST00166,2024-01-05,1926.7
ORD003232,CUST00168,2024-01-05,1939.73
ORD003921,CUST00219,2024-01-05,825.96
ORD004088,CUST00230,2024-01-05,1217.88
ORD004553,CUST00263,2024-01-05,1914.98
ORD005386,CUST00344,2024-01-05,1255.95
ORD005468,CUST00354,2024-01-05,403.68
ORD006709,CUST00517,2024-01-05,1009.71
ORD007158,CUST00575,2024-01-05,1631.51
ORD007646,CUST00645,2024-01-05,920.27
ORD007761,CUST00662,2024-01-05,1010.42
ORD007897,CUST00682,2024-01-05,612.88
ORD008330,CUST00744,2024-01-05,1437.02
ORD000013,CUST00001,2024-01-06,3503.86
ORD000104,CUST00005,2024-01-06,1524.78
ORD000369,CUST00016,2024-01-06,2455.25
ORD000444,CUST00019,2024-01-06,3963.67
ORD001514,CUST00066,2024-01-06,1427.46
ORD003618,CUST00196,2024-01-06,1543.38
ORD004458,CUST00257,2024-01-06,1631.69
ORD004616,CUST00267,2024-01-06,1640.18
ORD005233,CUST00326,2024-01-06,926.78
ORD005978,CUST00419,2024-01-06,441.74
ORD006332,CUST00469,2024-01-06,1239.65
ORD006346,CUST00471,2024-01-06,481.43
ORD006571,CUST00499,2024-01-06,1314.59
ORD007022,CUST00556,2024-01-06,1278.06
ORD007380,CUST00606,2024-01-06,1349.34
ORD007477,CUST00622,2024-01-06,1217.2
ORD007698,CUST00652,2024-01-06,884.93
ORD007730,CUST00658,2024-01-06,1014.79
ORD007967,CUST00691,2024-01-06,1616.3
ORD007979,CUST00693,2024-01-06,985.79
ORD000085,CUST00004,2024-01-07,4483.99
ORD000539,CUST00023,2024-01-07,1661.26
ORD000822,CUST00036,2024-01-07,2360.11
ORD001390,CUST00061,2024-01-07,3286.93
ORD002064,CUST00089,2024-01-07,1752.4
ORD003656,CUST00199,2024-01-07,771.3
ORD003776,CUST00209,2024-01-07,2154.5
ORD003905,CUST00218,2024-01-07,1165.15
ORD004716,CUST00276,2024-01-07,1856.91
ORD005160,CUST00315,2024-01-07,874.2
ORD005271,CUST00330,2024-01-07,1293.12
ORD007342,CUST00601,2024-01-07,917.97
ORD007399,CUST00609,2024-01-07,1649.23
ORD007550,CUST00632,2024-01-07,1004.92
ORD008000,CUST00697,2024-01-07,1110.13
ORD008266,CUST00735,2024-01-07,620.01
ORD000201,CUST00009,2024-01-08,3538.99
ORD000600,CUST00026,2024-01-08,2231.41
ORD000904,CUST00040,2024-01-08,3053.45
ORD001181,CUST00052,2024-01-08,3860.35
ORD001280,CUST00056,2024-01-08,1444.08
ORD001634,CUST00071,2024-01-08,3813.08
ORD001918,CUST00083,2024-01-08,3217.48
ORD001989,CUST00086,2024-01-08,4040.33
ORD002472,CUST00113,2024-01-08,763.28
ORD005034,CUST00300,2024-01-08,1060.06
ORD005243,CUST00327,2024-01-08,506.34
ORD006318,CUST00467,2024-01-08,793.65
ORD006604,CUST00503,2024-01-08,1272.21
ORD007992,CUST00695,2024-01-08,865.08
ORD001687,CUST00073,2024-01-09,3180.71
ORD002085,CUST00090,2024-01-09,1550.25
ORD002958,CUST00148,2024-01-09,1301.22
ORD003287,CUST00172,2024-01-09,1342.17
ORD004158,CUST00235,2024-01-09,703.13
ORD004224,CUST00240,2024-01-09,1069.47
ORD004706,CUST00275,2024-01-09,1788.02
ORD005203,CUST00321,2024-01-09,1298.34
ORD006794,CUST00529,2024-01-09,1189.27
ORD007057,CUST00560,2024-01-09,544.35
ORD007128,CUST00571,2024-01-09,1568.91
ORD007522,CUST00628,2024-01-09,1373.29
ORD007573,CUST00635,2024-01-09,1364.42
ORD007922,CUST00685,2024-01-09,1132.12
ORD000344,CUST00015,2024-01-10,1832.09
ORD000929,CUST00041,2024-01-10,2152.39
ORD001163,CUST00051,2024-01-10,1755.17
ORD001206,CUST00053,2024-01-10,3137.22
ORD003394,CUST00180,2024-01-10,2080.65
ORD004254,CUST00242,2024-01-10,1761.63
ORD004488,CUST00259,2024-01-10,1785.0
ORD004789,CUST00281,2024-01-10,1787.83
ORD005615,CUST00372,2024-01-10,967.47
ORD006921,CUST00544,2024-01-10,540.27
ORD007565,CUST00634,2024-01-10,1541.89
ORD007652,CUST00646,2024-01-10,903.8
ORD007961,CUST00690,2024-01-10,915.39
ORD008600,CUST00904,2024-01-10,2107.47
ORD000271,CUST00012,2024-01-11,4234.49
ORD001661,CUST00072,2024-01-11,1534.71
ORD002153,CUST00093,2024-01-11,4299.28
ORD003016,CUST00153,2024-01-11,1384.04
ORD003419,CUST00182,2024-01-11,1715.6
ORD004010,CUST00225,2024-01-11,1632.76
ORD005179,CUST00318,2024-01-11,837.74
ORD005263,CUST00329,2024-01-11,624.52
ORD006621,CUST00505,2024-01-11,893.45
ORD006816,CUST00533,2024-01-11,1230.69
ORD007845,CUST00674,2024-01-11,1693.79
ORD008095,CUST00711,2024-01-11,528.44
ORD008201,CUST00726,2024-01-11,1157.73
ORD000471,CUST00020,2024-01-12,3237.62
ORD000665,CUST00029,2024-01-12,2521.48
ORD001442,CUST00063,2024-01-12,3683.07
ORD001739,CUST00075,2024-01-12,1327.98
ORD002174,CUST00094,2024-01-12,4127.67
ORD002254,CUST00098,2024-01-12,1931.84
ORD002348,CUST00103,2024-01-12,1645.98
ORD002633,CUST00124,2024-01-12,985.73
ORD003803,CUST00211,2024-01-12,1770.35
ORD003890,CUST00217,2024-01-12,893.98
ORD005133,CUST00312,2024-01-12,669.25
ORD006116,CUST00439,2024-01-12,1358.63
ORD006902,CUST00542,2024-01-12,1132.45
ORD007171,CUST00577,2024-01-12,1510.92
ORD000869,CUST00038,2024-01-13,2737.25
ORD001366,CUST00060,2024-01-13,1537.97
ORD001616,CUST00070,2024-01-13,1668.94
ORD002399,CUST00107,2024-01-13,1126.26
ORD003547,CUST00191,2024-01-13,1952.11
ORD003722,CUST00204,2024-01-13,1284.93
ORD005144,CUST00313,2024-01-13,496.89
ORD005215,CUST00323,2024-01-13,1216.85
ORD005663,CUST00379,2024-01-13,669.91
ORD006588,CUST00501,2024-01-13,854.69
ORD007428,CUST00614,2024-01-13,1194.56
ORD008102,CUST00712,2024-01-13,784.88
ORD008183,CUST00723,2024-01-13,1120.24
ORD000177,CUST00008,2024-01-14,4255.02
ORD000994,CUST00044,2024-01-14,1560.45
ORD001760,CUST00076,2024-01-14,3962.02
ORD002798,CUST00136,2024-01-14,1315.23
ORD002968,CUST00149,2024-01-14,2096.29
ORD004028,CUST00226,2024-01-14,770.01
ORD004317,CUST00247,2024-01-14,1557.73
ORD004420,CUST00254,2024-01-14,1766.41
ORD004757,CUST00279,2024-01-14,972.98
ORD005397,CUST00345,2024-01-14,569.72
ORD007257,CUST00589,2024-01-14,1627.85
ORD007444,CUST00617,2024-01-14,1774.17
ORD007558,CUST00633,2024-01-14,608.3
ORD007862,CUST00676,2024-01-14,1013.45
ORD007909,CUST00683,2024-01-14,1515.09
ORD008140,CUST00717,2024-01-14,977.35
ORD000562,CUST00024,2024-01-15,1877.18
ORD001038,CUST00046,2024-01-15,2386.52
ORD001893,CUST00082,2024-01-15,4185.77
ORD002112,CUST00091,2024-01-15,1623.11
ORD002363,CUST00104,2024-01-15,1565.28
ORD002895,CUST00143,2024-01-15,1854.22
ORD002914,CUST00144,2024-01-15,1110.46
ORD003278,CUST00171,2024-01-15,935.18
ORD003603,CUST00195,2024-01-15,726.51
ORD003627,CUST00197,2024-01-15,1575.95
ORD003793,CUST00210,2024-01-15,997.4
ORD003997,CUST00224,2024-01-15,1132.02
ORD004857,CUST00287,2024-01-15,1602.43
ORD006110,CUST00438,2024-01-15,908.18
ORD006270,CUST00460,2024-01-15,606.2
ORD006700,CUST00516,2024-01-15,556.97
ORD006767,CUST00525,2024-01-15,963.54
ORD006829,CUST00534,2024-01-15,969.33
ORD007625,CUST00642,2024-01-15,1103.71
ORD007722,CUST00657,2024-01-15,697.04
ORD007832,CUST00672,2024-01-15,916.92
ORD007951,CUST00689,2024-01-15,1353.14
ORD008011,CUST00699,2024-01-15,1051.0
ORD000248,CUST00011,2024-01-16,2799.17
ORD000321,CUST00014,2024-01-16,2310.11
ORD000801,CUST00035,2024-01-16,4123.11
ORD001591,CUST00069,2024-01-16,2123.26
ORD002388,CUST00106,2024-01-16,1751.05
ORD003497,CUST00187,2024-01-16,1620.14
ORD004243,CUST00241,2024-01-16,1121.97
ORD004367,CUST00251,2024-01-16,1677.56
ORD004822,CUST00284,2024-01-16,1829.88
ORD005341,CUST00339,2024-01-16,1019.04
ORD007064,CUST00561,2024-01-16,1089.15
ORD007210,CUST00582,2024-01-16,1362.15
ORD007755,CUST00661,2024-01-16,1315.98
ORD000682,CUST00030,2024-01-17,2266.59
ORD000702,CUST00031,2024-01-17,2925.07
ORD002214,CUST00096,2024-01-17,4176.55
ORD002304,CUST00100,2024-01-17,1975.04
ORD004934,CUST00293,2024-01-17,1993.32
ORD004961,CUST00295,2024-01-17,1565.61
ORD005435,CUST00350,2024-01-17,1387.81
ORD005782,CUST00393,2024-01-17,1192.34
ORD005801,CUST00395,2024-01-17,1395.91
ORD006262,CUST00459,2024-01-17,717.62
ORD000302,CUST00013,2024-01-18,3858.24
ORD000778,CUST00034,2024-01-18,1998.4
ORD002516,CUST00116,2024-01-18,1630.3
ORD002926,CUST00145,2024-01-18,780.7
ORD003579,CUST00193,2024-01-18,1848.96
ORD004832,CUST00285,2024-01-18,1650.32
ORD004883,CUST00289,2024-01-18,1288.43
ORD005598,CUST00370,2024-01-18,829.31
ORD007828,CUST00671,2024-01-18,1277.46
ORD007884,CUST00680,2024-01-18,770.98
ORD008275,CUST00736,2024-01-18,902.7
ORD008624,CUST00928,2024-01-18,2205.8
ORD000226,CUST00010,2024-01-19,1280.6
ORD000952,CUST00042,2024-01-19,2215.34
ORD001413,CUST00062,2024-01-19,4111.09
ORD001492,CUST00065,2024-01-19,2305.54
ORD001969,CUST00085,2024-01-19,4257.87
ORD002667,CUST00126,2024-01-19,2001.12
ORD002766,CUST00134,2024-01-19,1320.34
ORD003092,CUST00159,2024-01-19,1230.74
ORD003969,CUST00222,2024-01-19,1395.14
ORD004774,CUST00280,2024-01-19,1883.81
ORD006993,CUST00552,2024-01-19,1064.39
ORD007030,CUST00557,2024-01-19,1284.25
ORD007168,CUST00576,2024-01-19,1607.9
ORD007439,CUST00616,2024-01-19,1718.37
ORD007877,CUST00679,2024-01-19,657.4
ORD008120,CUST00715,2024-01-19,1463.42
ORD008172,CUST00722,2024-01-19,1426.76
ORD008238,CUST00732,2024-01-19,1542.18
ORD008299,CUST00739,2024-01-19,693.34
ORD002318,CUST00101,2024-01-20,1565.0
ORD002652,CUST00125,2024-01-20,1519.64
ORD003364,CUST00178,2024-01-20,733.05
ORD003755,CUST00207,2024-01-20,1918.37
ORD003765,CUST00208,2024-01-20,1227.78
ORD004628,CUST00268,2024-01-20,1152.3
ORD004744,CUST00278,2024-01-20,863.91
ORD005505,CUST00358,2024-01-20,514.5
ORD005845,CUST00401,2024-01-20,453.02
ORD006513,CUST00493,2024-01-20,988.39
ORD007327,CUST00599,2024-01-20,1562.86
ORD007405,CUST00610,2024-01-20,608.69
ORD008230,CUST00730,2024-01-20,1431.53
ORD001117,CUST00049,2024-01-21,2547.26
ORD001145,CUST00050,2024-01-21,3340.78
ORD001226,CUST00054,2024-01-21,3833.58
ORD001563,CUST00068,2024-01-21,1302.57
ORD001849,CUST00080,2024-01-21,2210.18
ORD002743,CUST00132,2024-01-21,1617.26
ORD003163,CUST00164,2024-01-21,1389.46
ORD003712,CUST00203,2024-01-21,1964.13
ORD003742,CUST00206,2024-01-21,1277.04
ORD004638,CUST00269,2024-01-21,1653.03
ORD004913,CUST00291,2024-01-21,1294.97
ORD004943,CUST00294,2024-01-21,1011.2
ORD005483,CUST00356,2024-01-21,1399.05
ORD006286,CUST00462,2024-01-21,1133.33
ORD007386,CUST00607,2024-01-21,513.56
ORD000516,CUST00022,2024-01-22,3795.49
ORD000843,CUST00037,2024-01-22,4214.69
ORD001715,CUST00074,2024-01-22,4408.14
ORD001806,CUST00078,2024-01-22,3597.61
ORD001829,CUST00079,2024-01-22,4146.39
ORD002231,CUST00097,2024-01-22,2549.19
ORD002616,CUST00123,2024-01-22,1134.67
ORD003119,CUST00161,2024-01-22,977.15
ORD003403,CUST00181,2024-01-22,2171.03
ORD004140,CUST00234,2024-01-22,2152.05
ORD005188,CUST00319,2024-01-22,658.83
ORD005570,CUST00366,2024-01-22,1393.74
ORD007080,CUST00563,2024-01-22,664.19
ORD007354,CUST00602,2024-01-22,957.3
ORD008597,CUST00901,2024-01-22,818.76
ORD008658,CUST00962,2024-01-22,1339.0
ORD000202,CUST00009,2024-01-23,2915.74
ORD000540,CUST00023,2024-01-23,2204.4
ORD000823,CUST00036,2024-01-23,3598.49
ORD001946,CUST00084,2024-01-23,2560.72
ORD002732,CUST00131,2024-01-23,1319.57
ORD003109,CUST00160,2024-01-23,1077.84
ORD004923,CUST00292,2024-01-23,823.96
ORD005674,CUST00380,2024-01-23,663.81
ORD006072,CUST00432,2024-01-23,880.21
ORD006649,CUST00509,2024-01-23,807.18
ORD007186,CUST00579,2024-01-23,918.45
ORD007680,CUST00650,2024-01-23,1500.93
ORD007939,CUST00687,2024-01-23,1044.21
ORD008047,CUST00704,2024-01-23,1465.93
ORD002548,CUST00118,2024-01-24,851.84
ORD002814,CUST00137,2024-01-24,1543.27
ORD003079,CUST00158,2024-01-24,1929.3
ORD003216,CUST00167,2024-01-24,1971.05
ORD003322,CUST00175,2024-01-24,2021.27
ORD003591,CUST00194,2024-01-24,802.34
ORD003877,CUST00216,2024-01-24,882.99
ORD004647,CUST00270,2024-01-24,2045.17
ORD004992,CUST00297,2024-01-24,1310.17
ORD007009,CUST00554,2024-01-24,727.03
ORD000036,CUST00002,2024-01-25,3470.93
ORD000418,CUST00018,2024-01-25,2724.52
ORD000498,CUST00021,2024-01-25,3087.34
ORD000752,CUST00033,2024-01-25,2100.21
ORD002017,CUST00087,2024-01-25,2574.67
ORD002437,CUST00110,2024-01-25,1672.69
ORD002454,CUST00111,2024-01-25,1745.4
ORD003830,CUST00213,2024-01-25,1456.81
ORD005046,CUST00301,2024-01-25,1310.89
ORD005793,CUST00394,2024-01-25,705.82
ORD006426,CUST00481,2024-01-25,1333.19
ORD006536,CUST00495,2024-01-25,1365.24
ORD006964,CUST00549,2024-01-25,727.46
ORD007232,CUST00585,2024-01-25,1315.43
ORD007296,CUST00594,2024-01-25,1776.61
ORD007392,CUST00608,2024-01-25,738.37
ORD007867,CUST00677,2024-01-25,702.41
ORD000625,CUST00027,2024-01-26,4241.07
ORD002824,CUST00138,2024-01-26,1490.58
ORD003562,CUST00192,2024-01-26,804.41
ORD003935,CUST00220,2024-01-26,1455.17
ORD005008,CUST00298,2024-01-26,1176.99
ORD005172,CUST00317,2024-01-26,999.15
ORD005227,CUST00325,2024-01-26,562.92
ORD005605,CUST00371,2024-01-26,1350.38
ORD006361,CUST00473,2024-01-26,1050.22
ORD007584,CUST00636,2024-01-26,1287.1
ORD007601,CUST00638,2024-01-26,1657.72
ORD007986,CUST00694,2024-01-26,1146.27
ORD000582,CUST00025,2024-01-27,4381.29
ORD001471,CUST00064,2024-01-27,2974.26
ORD001537,CUST00067,2024-01-27,4161.05
ORD001874,CUST00081,2024-01-27,3383.49
ORD001919,CUST00083,2024-01-27,2794.16
ORD002041,CUST00088,2024-01-27,2933.8
ORD002154,CUST00093,2024-01-27,1922.1
ORD002175,CUST00094,2024-01-27,2856.06
ORD003819,CUST00212,2024-01-27,2161.6
ORD004569,CUST00264,2024-01-27,1456.59
ORD004844,CUST00286,2024-01-27,831.52
ORD005095,CUST00307,2024-01-27,1359.7
ORD006598,CUST00502,2024-01-27,1380.73
ORD007310,CUST00596,2024-01-27,1643.57
ORD007812,CUST00668,2024-01-27,538.87
ORD008079,CUST00708,2024-01-27,853.24
ORD008147,CUST00718,2024-01-27,1099.0
ORD000644,CUST00028,2024-01-28,1349.88
ORD001013,CUST00045,2024-01-28,3800.27
ORD001182,CUST00052,2024-01-28,1553.15
ORD001256,CUST00055,2024-01-28,2453.64
ORD002692,CUST00128,2024-01-28,1729.78
ORD002947,CUST00147,2024-01-28,2023.61
ORD004386,CUST00252,2024-01-28,1149.45
ORD004726,CUST00277,2024-01-28,1668.0
ORD005592,CUST00369,2024-01-28,987.58
ORD008354,CUST00748,2024-01-28,844.11
ORD000666,CUST00029,2024-01-29,2506.03
ORD001091,CUST00048,2024-01-29,2599.62
ORD001331,CUST00058,2024-01-29,3990.21
ORD001348,CUST00059,2024-01-29,4341.08
ORD002255,CUST00098,2024-01-29,3209.8
ORD002282,CUST00099,2024-01-29,4325.15
ORD002719,CUST00130,2024-01-29,1625.42
ORD002937,CUST00146,2024-01-29,1919.28
ORD003147,CUST00163,2024-01-29,2056.93
ORD004273,CUST00244,2024-01-29,1917.8
ORD004301,CUST00246,2024-01-29,1716.6
ORD004542,CUST00262,2024-01-29,1002.55
ORD004600,CUST00266,2024-01-29,1285.93
ORD005117,CUST00310,2024-01-29,873.89
ORD005291,CUST00333,2024-01-29,733.47
ORD005425,CUST00349,2024-01-29,1131.78
ORD005699,CUST00383,2024-01-29,1145.03
ORD006250,CUST00457,2024-01-29,515.82
ORD006613,CUST00504,2024-01-29,756.89
ORD007435,CUST00615,2024-01-29,655.53
ORD007631,CUST00643,2024-01-29,975.42
ORD000057,CUST00003,2024-01-30,4040.57
ORD001688,CUST00073,2024-01-30,1520.06
ORD003865,CUST00215,2024-01-30,1005.6
ORD004346,CUST00249,2024-01-30,843.75
ORD004867,CUST00288,2024-01-30,1163.34
ORD004901,CUST00290,2024-01-30,852.92
ORD005379,CUST00343,2024-01-30,1054.22
ORD005538,CUST00363,2024-01-30,993.29
ORD006462,CUST00486,2024-01-30,1225.05
ORD007106,CUST00568,2024-01-30,597.33
ORD000014,CUST00001,2024-01-31,2116.98
ORD001307,CUST00057,2024-01-31,3582.58
ORD002194,CUST00095,2024-01-31,3304.15
ORD003642,CUST00198,2024-01-31,1404.55
ORD005745,CUST00388,2024-01-31,1218.93
ORD006293,CUST00463,2024-01-31,1088.07
ORD006999,CUST00553,2024-01-31,1666.53
ORD007462,CUST00620,2024-01-31,1364.99
ORD007482,CUST00623,2024-01-31,724.04
ORD008219,CUST00728,2024-01-31,1108.8
ORD001786,CUST00077,2024-02-01,2197.08
ORD002839,CUST00139,2024-02-01,2025.5
ORD003179,CUST00165,2024-02-01,2193.75
ORD003331,CUST00176,2024-02-01,1007.07
ORD003537,CUST00190,2024-02-01,720.98
ORD004587,CUST00265,2024-02-01,727.1
ORD004660,CUST00271,2024-02-01,2166.35
ORD005127,CUST00311,2024-02-01,780.35
ORD005627,CUST00374,2024-02-01,446.79
ORD006147,CUST00444,2024-02-01,1299.87
ORD006505,CUST00492,2024-02-01,668.95
ORD006642,CUST00508,2024-02-01,774.24
ORD007217,CUST00583,2024-02-01,1241.14
ORD008004,CUST00698,2024-02-01,852.63
ORD000105,CUST00005,2024-02-02,3603.1
ORD000601,CUST00026,2024-02-02,3394.86
ORD000730,CUST00032,2024-02-02,1632.46
ORD000905,CUST00040,2024-02-02,1997.73
ORD000972,CUST00043,2024-02-02,4210.01
ORD001063,CUST00047,2024-02-02,1500.11
ORD002086,CUST00090,2024-02-02,3201.67
ORD002534,CUST00117,2024-02-02,1608.93
ORD003199,CUST00166,2024-02-02,871.27
ORD003451,CUST00184,2024-02-02,1939.37
ORD004128,CUST00233,2024-02-02,1414.38
ORD004265,CUST00243,2024-02-02,1507.2
ORD004684,CUST00273,2024-02-02,1372.41
ORD005582,CUST00367,2024-02-02,667.59
ORD005901,CUST00409,2024-02-02,1058.91
ORD006139,CUST00443,2024-02-02,1309.27
ORD006218,CUST00453,2024-02-02,714.81
ORD006404,CUST00478,2024-02-02,536.97
ORD006674,CUST00512,2024-02-02,1074.5
ORD006758,CUST00524,2024-02-02,1299.2
ORD006862,CUST00537,2024-02-02,571.78
ORD007503,CUST00626,2024-02-02,894.21
ORD007617,CUST00640,2024-02-02,981.58
ORD008037,CUST00703,2024-02-02,1776.05
ORD008055,CUST00705,2024-02-02,1706.21
ORD008303,CUST00740,2024-02-02,595.47
ORD000396,CUST00017,2024-02-03,1331.54
ORD000472,CUST00020,2024-02-03,3282.83
ORD000887,CUST00039,2024-02-03,1335.94
ORD001617,CUST00070,2024-02-03,3961.1
ORD002559,CUST00119,2024-02-03,1524.95
ORD003260,CUST00170,2024-02-03,865.2
ORD004508,CUST00260,2024-02-03,1878.04
ORD004525,CUST00261,2024-02-03,1125.73
ORD005347,CUST00340,2024-02-03,564.82
ORD006129,CUST00441,2024-02-03,1372.4
ORD006688,CUST00514,2024-02-03,1384.38
ORD006751,CUST00523,2024-02-03,1153.58
ORD007039,CUST00558,2024-02-03,1169.15
ORD007670,CUST00649,2024-02-03,823.83
ORD007711,CUST00655,2024-02-03,979.47
ORD000370,CUST00016,2024-02-04,2181.27
ORD001515,CUST00066,2024-02-04,4057.91
ORD001592,CUST00069,2024-02-04,2583.47
ORD002331,CUST00102,2024-02-04,1055.71
ORD002428,CUST00109,2024-02-04,1317.6
ORD002755,CUST00133,2024-02-04,1297.06
ORD003435,CUST00183,2024-02-04,2155.54
ORD004476,CUST00258,2024-02-04,1606.05
ORD004554,CUST00263,2024-02-04,1322.58
ORD005035,CUST00300,2024-02-04,947.67
ORD005549,CUST00364,2024-02-04,778.11
ORD005651,CUST00377,2024-02-04,538.73
ORD006340,CUST00470,2024-02-04,1155.04
ORD006879,CUST00539,2024-02-04,1167.05
ORD006892,CUST00541,2024-02-04,1059.42
ORD007666,CUST00648,2024-02-04,1407.83
ORD007782,CUST00665,2024-02-04,1697.06
ORD007838,CUST00673,2024-02-04,1204.95
ORD008208,CUST00727,2024-02-04,858.49
ORD000128,CUST00006,2024-02-05,1464.37
ORD000156,CUST00007,2024-02-05,1895.08
ORD000178,CUST00008,2024-02-05,4053.2
ORD001164,CUST00051,2024-02-05,1758.58
ORD001761,CUST00076,2024-02-05,1309.13
ORD002409,CUST00108,2024-02-05,1596.38
ORD002502,CUST00115,2024-02-05,1142.07
ORD002879,CUST00142,2024-02-05,1827.31
ORD003346,CUST00177,2024-02-05,1377.97
ORD003619,CUST00196,2024-02-05,1460.03
ORD004100,CUST00231,2024-02-05,1894.9
ORD004354,CUST00250,2024-02-05,738.96
ORD005827,CUST00398,2024-02-05,820.92
ORD006489,CUST00490,2024-02-05,1283.57
ORD007144,CUST00573,2024-02-05,573.65
ORD007539,CUST00630,2024-02-05,716.95
ORD007547,CUST00631,2024-02-05,1311.42
ORD007699,CUST00652,2024-02-05,1347.13
ORD007773,CUST00664,2024-02-05,798.75
ORD000703,CUST00031,2024-02-06,2400.86
ORD000779,CUST00034,2024-02-06,2161.2
ORD000930,CUST00041,2024-02-06,2864.04
ORD001039,CUST00046,2024-02-06,1405.01
ORD001207,CUST00053,2024-02-06,4265.29
ORD001740,CUST00075,2024-02-06,3478.7
ORD002869,CUST00141,2024-02-06,1503.83
ORD004211,CUST00239,2024-02-06,1263.27
ORD005532,CUST00362,2024-02-06,792.01
ORD005633,CUST00375,2024-02-06,1256.1
ORD005929,CUST00413,2024-02-06,1208.67
ORD005960,CUST00416,2024-02-06,1097.52
ORD006581,CUST00500,2024-02-06,1082.34
ORD007322,CUST00598,2024-02-06,1707.19
ORD007453,CUST00618,2024-02-06,889.81
ORD007913,CUST00684,2024-02-06,1702.47
ORD008259,CUST00734,2024-02-06,872.41
ORD000249,CUST00011,2024-02-07,2106.17
ORD001227,CUST00054,2024-02-07,1470.73
ORD001635,CUST00071,2024-02-07,3342.29
ORD001850,CUST00080,2024-02-07,3918.68
ORD002133,CUST00092,2024-02-07,1452.33
ORD002570,CUST00120,2024-02-07,1525.36
ORD002989,CUST00151,2024-02-07,2105.01
ORD003026,CUST00154,2024-02-07,2089.85
ORD003134,CUST00162,2024-02-07,967.66
ORD003511,CUST00188,2024-02-07,877.9
ORD003847,CUST00214,2024-02-07,2090.08
ORD004333,CUST00248,2024-02-07,1599.95
ORD006437,CUST00482,2024-02-07,1025.27
ORD007608,CUST00639,2024-02-07,1430.94
ORD007968,CUST00691,2024-02-07,689.95
ORD000445,CUST00019,2024-02-08,4496.38
ORD002065,CUST00089,2024-02-08,2959.58
ORD002305,CUST00100,2024-02-08,4080.05
ORD003041,CUST00155,2024-02-08,1619.56
ORD003050,CUST00156,2024-02-08,1156.11
ORD003065,CUST00157,2024-02-08,1254.65
ORD003233,CUST00168,2024-02-08,1221.78
ORD004318,CUST00247,2024-02-08,2185.4
ORD005722,CUST00385,2024-02-08,1099.51
ORD006009,CUST00423,2024-02-08,1056.59
ORD006799,CUST00530,2024-02-08,924.12
ORD007097,CUST00566,2024-02-08,794.13
ORD007423,CUST00613,2024-02-08,590.2
ORD007690,CUST00651,2024-02-08,1339.59
ORD007923,CUST00685,2024-02-08,1003.49
ORD008248,CUST00733,2024-02-08,1733.04
ORD008323,CUST00743,2024-02-08,739.15
ORD000345,CUST00015,2024-02-09,2112.45
ORD000844,CUST00037,2024-02-09,2063.86
ORD001990,CUST00086,2024-02-09,3287.52
ORD002232,CUST00097,2024-02-09,1710.77
ORD002598,CUST00122,2024-02-09,1564.43
ORD002782,CUST00135,2024-02-09,1202.79
ORD002915,CUST00144,2024-02-09,2137.45
ORD004192,CUST00238,2024-02-09,1366.34
ORD004289,CUST00245,2024-02-09,1116.02
ORD005948,CUST00415,2024-02-09,517.93
ORD006021,CUST00425,2024-02-09,1350.56
ORD006049,CUST00429,2024-02-09,1152.4
ORD006788,CUST00528,2024-02-09,882.05
ORD007641,CUST00644,2024-02-09,1132.5
ORD007731,CUST00658,2024-02-09,1212.53
ORD008084,CUST00709,2024-02-09,767.11
ORD008679,CUST00983,2024-02-09,1257.82
ORD000227,CUST00010,2024-02-10,4446.99
ORD000419,CUST00018,2024-02-10,1819.02
ORD000802,CUST00035,2024-02-10,4280.12
ORD001662,CUST00072,2024-02-10,3802.81
ORD002799,CUST00136,2024-02-10,1601.82
ORD003250,CUST00169,2024-02-10,1837.61
ORD004113,CUST00232,2024-02-10,1548.4
ORD004183,CUST00237,2024-02-10,1565.28
ORD004489,CUST00259,2024-02-10,1411.66
ORD004979,CUST00296,2024-02-10,914.87
ORD005077,CUST00305,2024-02-10,597.54
ORD005333,CUST00338,2024-02-10,1348.24
ORD005462,CUST00353,2024-02-10,1133.13
ORD005527,CUST00361,2024-02-10,573.72
ORD005864,CUST00403,2024-02-10,1081.32
ORD005871,CUST00404,2024-02-10,690.04
ORD007373,CUST00605,2024-02-10,1589.12
ORD007478,CUST00622,2024-02-10,1357.55
ORD007491,CUST00625,2024-02-10,1638.69
ORD007973,CUST00692,2024-02-10,1591.7
ORD008154,CUST00720,2024-02-10,1180.51
ORD000086,CUST00004,2024-02-11,2432.29
ORD001281,CUST00056,2024-02-11,2781.47
ORD001391,CUST00061,2024-02-11,2566.94
ORD003004,CUST00152,2024-02-11,1016.82
ORD003466,CUST00185,2024-02-11,1354.1
ORD004171,CUST00236,2024-02-11,1635.38
ORD004421,CUST00254,2024-02-11,916.65
ORD004435,CUST00255,2024-02-11,822.11
ORD004697,CUST00274,2024-02-11,929.2
ORD004810,CUST00283,2024-02-11,1277.29
ORD005308,CUST00335,2024-02-11,1371.82
ORD005367,CUST00342,2024-02-11,1373.85
ORD005441,CUST00351,2024-02-11,1035.69
ORD005475,CUST00355,2024-02-11,1000.94
ORD006084,CUST00433,2024-02-11,584.26
ORD007512,CUST00627,2024-02-11,1729.02
ORD007596,CUST00637,2024-02-11,1586.85
ORD007747,CUST00660,2024-02-11,588.35
ORD000583,CUST00025,2024-02-12,4495.34
ORD001414,CUST00062,2024-02-12,1724.63
ORD001716,CUST00074,2024-02-12,1616.41
ORD002389,CUST00106,2024-02-12,1015.86
ORD002896,CUST00143,2024-02-12,1933.21
ORD003804,CUST00211,2024-02-12,2119.08
ORD004255,CUST00242,2024-02-12,1068.89
ORD005025,CUST00299,2024-02-12,1403.0
ORD005085,CUST00306,2024-02-12,508.69
ORD005992,CUST00421,2024-02-12,515.58
ORD006313,CUST00466,2024-02-12,1366.89
ORD007898,CUST00682,2024-02-12,1206.86
ORD008684,CUST00988,2024-02-12,2099.98
ORD000870,CUST00038,2024-02-13,2336.9
ORD001807,CUST00078,2024-02-13,3464.85
ORD002583,CUST00121,2024-02-13,2088.88
ORD003302,CUST00173,2024-02-13,1309.93
ORD003922,CUST00219,2024-02-13,1356.03
ORD004459,CUST00257,2024-02-13,1376.73
ORD005277,CUST00331,2024-02-13,476.37
ORD005852,CUST00402,2024-02-13,1205.62
ORD006121,CUST00440,2024-02-13,451.43
ORD006548,CUST00496,2024-02-13,836.55
ORD006935,CUST00546,2024-02-13,913.5
ORD008160,CUST00721,2024-02-13,997.34
ORD008294,CUST00738,2024-02-13,898.32
ORD000058,CUST00003,2024-02-14,3444.94
ORD000272,CUST00012,2024-02-14,2962.61
ORD001118,CUST00049,2024-02-14,2442.32
ORD001146,CUST00050,2024-02-14,2063.15
ORD001443,CUST00063,2024-02-14,3609.03
ORD003670,CUST00200,2024-02-14,1379.84
ORD004011,CUST00225,2024-02-14,1736.05
ORD004078,CUST00229,2024-02-14,1721.31
ORD004402,CUST00253,2024-02-14,1578.53
ORD004775,CUST00280,2024-02-14,845.26
ORD005685,CUST00381,2024-02-14,1161.6
ORD006091,CUST00434,2024-02-14,940.44
ORD006477,CUST00488,2024-02-14,569.34
ORD008130,CUST00716,2024-02-14,732.6
ORD000322,CUST00014,2024-02-15,4008.14
ORD001183,CUST00052,2024-02-15,2930.47
ORD001472,CUST00064,2024-02-15,2115.64
ORD002176,CUST00094,2024-02-15,2651.67
ORD002319,CUST00101,2024-02-15,1488.6
ORD002380,CUST00105,2024-02-15,1293.18
ORD003312,CUST00174,2024-02-15,2007.33
ORD003681,CUST00201,2024-02-15,1640.14
ORD003998,CUST00224,2024-02-15,1403.86
ORD004244,CUST00241,2024-02-15,1808.77
ORD004444,CUST00256,2024-02-15,1442.19
ORD006376,CUST00475,2024-02-15,494.71
ORD006975,CUST00550,2024-02-15,838.55
ORD007289,CUST00593,2024-02-15,1642.78
ORD008071,CUST00707,2024-02-15,1253.53
ORD000037,CUST00002,2024-02-16,3459.23
ORD000563,CUST00024,2024-02-16,1883.62
ORD000995,CUST00044,2024-02-16,1989.63
ORD001493,CUST00065,2024-02-16,2097.54
ORD002042,CUST00088,2024-02-16,2918.0
ORD002856,CUST00140,2024-02-16,743.68
ORD002959,CUST00148,2024-02-16,1057.86
ORD003395,CUST00180,2024-02-16,2096.6
ORD004045,CUST00227,2024-02-16,1458.84
ORD004858,CUST00287,2024-02-16,859.88
ORD006470,CUST00487,2024-02-16,750.68
ORD007740,CUST00659,2024-02-16,698.42
ORD007962,CUST00690,2024-02-16,1618.76
ORD000517,CUST00022,2024-02-17,2951.81
ORD001014,CUST00045,2024-02-17,4290.81
ORD001367,CUST00060,2024-02-17,3679.44
ORD001564,CUST00068,2024-02-17,4020.18
ORD002634,CUST00124,2024-02-17,1590.82
ORD002684,CUST00127,2024-02-17,1280.76
ORD003734,CUST00205,2024-02-17,917.37
ORD003953,CUST00221,2024-02-17,1686.58
ORD003981,CUST00223,2024-02-17,1443.55
ORD004802,CUST00282,2024-02-17,1803.72
ORD005452,CUST00352,2024-02-17,881.63
ORD005979,CUST00419,2024-02-17,896.6
ORD006777,CUST00526,2024-02-17,983.23
ORD007258,CUST00589,2024-02-17,582.91
ORD008189,CUST00724,2024-02-17,1230.07
ORD008331,CUST00744,2024-02-17,549.98
ORD000824,CUST00036,2024-02-18,3229.01
ORD000888,CUST00039,2024-02-18,1468.04
ORD002215,CUST00096,2024-02-18,3930.82
ORD003110,CUST00160,2024-02-18,735.55
ORD004707,CUST00275,2024-02-18,1306.83
ORD005111,CUST00309,2024-02-18,828.95
ORD006207,CUST00452,2024-02-18,844.41
ORD006229,CUST00454,2024-02-18,896.73
ORD006355,CUST00472,2024-02-18,1274.22
ORD006413,CUST00479,2024-02-18,1355.36
ORD006682,CUST00513,2024-02-18,531.7
ORD006716,CUST00518,2024-02-18,422.72
ORD007136,CUST00572,2024-02-18,1398.87
ORD007626,CUST00642,2024-02-18,684.71
ORD008341,CUST00746,2024-02-18,755.66
ORD008360,CUST00749,2024-02-18,1084.02
ORD001894,CUST00082,2024-02-19,1962.83
ORD002018,CUST00087,2024-02-19,4387.25
ORD002113,CUST00091,2024-02-19,1973.96
ORD002464,CUST00112,2024-02-19,2162.46
ORD003080,CUST00158,2024-02-19,951.4
ORD003120,CUST00161,2024-02-19,1743.48
ORD003483,CUST00186,2024-02-19,950.7
ORD003548,CUST00191,2024-02-19,1336.14
ORD003657,CUST00199,2024-02-19,1303.04
ORD003695,CUST00202,2024-02-19,1165.81
ORD004062,CUST00228,2024-02-19,1388.13
ORD004617,CUST00267,2024-02-19,1010.68
ORD006173,CUST00447,2024-02-19,779.37
ORD007523,CUST00628,2024-02-19,1651.29
ORD007980,CUST00693,2024-02-19,1288.37
ORD008091,CUST00710,2024-02-19,1641.05
ORD000106,CUST00005,2024-02-20,2020.57
ORD000303,CUST00013,2024-02-20,3782.7
ORD000906,CUST00040,2024-02-20,2082.66
ORD001689,CUST00073,2024-02-20,1763.75
ORD001830,CUST00079,2024-02-20,1672.64
ORD002455,CUST00111,2024-02-20,1195.37
ORD002702,CUST00129,2024-02-20,902.88
ORD003377,CUST00179,2024-02-20,1968.27
ORD004159,CUST00235,2024-02-20,1222.97
ORD004225,CUST00240,2024-02-20,1677.33
ORD005711,CUST00384,2024-02-20,1328.02
ORD005985,CUST00420,2024-02-20,596.17
ORD007227,CUST00584,2024-02-20,527.01
ORD007302,CUST00595,2024-02-20,987.29
ORD008276,CUST00736,2024-02-20,550.62
ORD000015,CUST00001,2024-02-21,4358.8
ORD000626,CUST00027,2024-02-21,1220.15
ORD000683,CUST00030,2024-02-21,2243.26
ORD000780,CUST00034,2024-02-21,3228.87
ORD001762,CUST00076,2024-02-21,4229.5
ORD001970,CUST00085,2024-02-21,1606.62
ORD004368,CUST00251,2024-02-21,1166.78
ORD006029,CUST00426,2024-02-21,1164.19
ORD006347,CUST00471,2024-02-21,825.7
ORD006386,CUST00476,2024-02-21,961.11
ORD006887,CUST00540,2024-02-21,902.94
ORD007343,CUST00601,2024-02-21,1292.56
ORD000541,CUST00023,2024-02-22,1583.2
ORD000667,CUST00029,2024-02-22,3661.16
ORD001257,CUST00055,2024-02-22,2652.74
ORD001741,CUST00075,2024-02-22,3660.97
ORD002517,CUST00116,2024-02-22,1781.51
ORD003523,CUST00189,2024-02-22,1079.52
ORD003713,CUST00203,2024-02-22,867.9
ORD003906,CUST00218,2024-02-22,1605.27
ORD005145,CUST00313,2024-02-22,1082.96
ORD005283,CUST00332,2024-02-22,467.31
ORD005656,CUST00378,2024-02-22,1302.88
ORD005939,CUST00414,2024-02-22,590.14
ORD006419,CUST00480,2024-02-22,1052.09
ORD007948,CUST00688,2024-02-22,755.47
ORD008300,CUST00739,2024-02-22,547.84
ORD008351,CUST00747,2024-02-22,1102.61
ORD008670,CUST00974,2024-02-22,675.32
ORD000953,CUST00042,2024-02-23,1287.94
ORD002349,CUST00103,2024-02-23,1780.84
ORD003936,CUST00220,2024-02-23,1810.77
ORD004274,CUST00244,2024-02-23,887.15
ORD004845,CUST00286,2024-02-23,1210.36
ORD006661,CUST00510,2024-02-23,875.6
ORD007065,CUST00561,2024-02-23,1209.64
ORD007878,CUST00679,2024-02-23,1575.95
ORD007940,CUST00687,2024-02-23,862.57
ORD008309,CUST00741,2024-02-23,1263.97
ORD000203,CUST00009,2024-02-24,3466.63
ORD000250,CUST00011,2024-02-24,3554.7
ORD000645,CUST00028,2024-02-24,4448.67
ORD001040,CUST00046,2024-02-24,2735.8
ORD001947,CUST00084,2024-02-24,3012.03
ORD002134,CUST00092,2024-02-24,4143.95
ORD002195,CUST00095,2024-02-24,4325.94
ORD004089,CUST00230,2024-02-24,1872.34
ORD004914,CUST00291,2024-02-24,1731.98
ORD005513,CUST00359,2024-02-24,664.5
ORD005773,CUST00392,2024-02-24,574.95
ORD006736,CUST00521,2024-02-24,1395.53
ORD006817,CUST00533,2024-02-24,1306.14
ORD007273,CUST00591,2024-02-24,965.85
ORD007762,CUST00662,2024-02-24,871.0
ORD008317,CUST00742,2024-02-24,1016.74
ORD000129,CUST00006,2024-02-25,1426.12
ORD000179,CUST00008,2024-02-25,4108.67
ORD000753,CUST00033,2024-02-25,1686.25
ORD001092,CUST00048,2024-02-25,3917.09
ORD002256,CUST00098,2024-02-25,4271.26
ORD002489,CUST00114,2024-02-25,2154.48
ORD002549,CUST00118,2024-02-25,1497.49
ORD002927,CUST00145,2024-02-25,1287.88
ORD003643,CUST00198,2024-02-25,2178.65
ORD004669,CUST00272,2024-02-25,1272.23
ORD004717,CUST00276,2024-02-25,1783.37
ORD004884,CUST00289,2024-02-25,1716.85
ORD006525,CUST00494,2024-02-25,873.57
ORD007087,CUST00564,2024-02-25,1384.75
ORD007129,CUST00571,2024-02-25,1465.79
ORD007159,CUST00575,2024-02-25,997.36
ORD007297,CUST00594,2024-02-25,1387.52
ORD007328,CUST00599,2024-02-25,1532.27
ORD008604,CUST00908,2024-02-25,1659.8
ORD001228,CUST00054,2024-02-26,2454.0
ORD001920,CUST00083,2024-02-26,1572.69
ORD002087,CUST00090,2024-02-26,3725.4
ORD002155,CUST00093,2024-02-26,1964.77
ORD002969,CUST00149,2024-02-26,1955.12
ORD006667,CUST00511,2024-02-26,655.69
ORD008239,CUST00732,2024-02-26,638.45
ORD000473,CUST00020,2024-02-27,4491.51
ORD000499,CUST00021,2024-02-27,2176.38
ORD000973,CUST00043,2024-02-27,3002.7
ORD001538,CUST00067,2024-02-27,2563.09
ORD001636,CUST00071,2024-02-27,3533.7
ORD001875,CUST00081,2024-02-27,2090.92
ORD002400,CUST00107,2024-02-27,889.62
ORD002767,CUST00134,2024-02-27,737.37
ORD002980,CUST00150,2024-02-27,1571.15
ORD003180,CUST00165,2024-02-27,1208.93
ORD003777,CUST00209,2024-02-27,1673.77
ORD004543,CUST00262,2024-02-27,1368.6
ORD004648,CUST00270,2024-02-27,1054.59
ORD004833,CUST00285,2024-02-27,835.66
ORD005155,CUST00314,2024-02-27,1368.33
ORD007118,CUST00570,2024-02-27,859.08
ORD007559,CUST00633,2024-02-27,1694.41
ORD007574,CUST00635,2024-02-27,658.57
ORD007716,CUST00656,2024-02-27,1488.69
ORD007987,CUST00694,2024-02-27,1062.56
ORD007993,CUST00695,2024-02-27,1548.85
ORD008121,CUST00715,2024-02-27,1212.32
ORD000602,CUST00026,2024-02-28,4346.86
ORD001349,CUST00059,2024-02-28,1650.56
ORD001516,CUST00066,2024-02-28,2280.09
ORD002617,CUST00123,2024-02-28,922.02
ORD003970,CUST00222,2024-02-28,1332.82
ORD004935,CUST00293,2024-02-28,977.33
ORD004993,CUST00297,2024-02-28,1660.27
ORD005755,CUST00389,2024-02-28,413.56
ORD005820,CUST00397,2024-02-28,841.9
ORD005911,CUST00410,2024-02-28,1208.56
ORD005968,CUST00417,2024-02-28,1312.32
ORD006190,CUST00449,2024-02-28,838.92
ORD006852,CUST00536,2024-02-28,938.59
ORD007551,CUST00632,2024-02-28,1373.48
ORD007653,CUST00646,2024-02-28,1057.7
ORD008096,CUST00711,2024-02-28,948.74
ORD000731,CUST00032,2024-02-29,1709.03
ORD001308,CUST00057,2024-02-29,2252.4
ORD002283,CUST00099,2024-02-29,4357.14
ORD002306,CUST00100,2024-02-29,1956.38
ORD002364,CUST00104,2024-02-29,1673.7
ORD002535,CUST00117,2024-02-29,719.63
ORD003878,CUST00216,2024-02-29,1585.51
ORD004588,CUST00265,2024-02-29,965.85
ORD005640,CUST00376,2024-02-29,1202.51
ORD006097,CUST00435,2024-02-29,1222.69
ORD006160,CUST00445,2024-02-29,991.48
ORD006456,CUST00485,2024-02-29,1297.74
ORD006946,CUST00547,2024-02-29,1289.4
ORD007073,CUST00562,2024-02-29,945.09
ORD007800,CUST00667,2024-02-29,1653.57
ORD008173,CUST00722,2024-02-29,1647.1
ORD008656,CUST00960,2024-02-29,1509.43
ORD000157,CUST00007,2024-03-01,1871.87
ORD000704,CUST00031,2024-03-01,2478.47
ORD001208,CUST00053,2024-03-01,1736.09
ORD001991,CUST00086,2024-03-01,1892.05
ORD003017,CUST00153,2024-03-01,1743.09
ORD003288,CUST00172,2024-03-01,1069.98
ORD003580,CUST00193,2024-03-01,1109.46
ORD003723,CUST00204,2024-03-01,1815.94
ORD004727,CUST00277,2024-03-01,1608.15
ORD005036,CUST00300,2024-03-01,826.88
ORD006287,CUST00462,2024-03-01,436.07
ORD006841,CUST00535,2024-03-01,649.02
ORD006903,CUST00542,2024-03-01,1273.95
ORD007585,CUST00636,2024-03-01,1109.97
ORD007723,CUST00657,2024-03-01,712.4
ORD007846,CUST00674,2024-03-01,688.57
ORD007885,CUST00680,2024-03-01,1305.04
ORD008103,CUST00712,2024-03-01,1338.51
ORD008661,CUST00965,2024-03-01,2241.02
ORD000397,CUST00017,2024-03-02,3623.96
ORD001851,CUST00080,2024-03-02,4329.93
ORD002473,CUST00113,2024-03-02,1524.37
ORD003794,CUST00210,2024-03-02,1977.75
ORD003831,CUST00213,2024-03-02,1153.76
ORD004823,CUST00284,2024-03-02,1749.86
ORD005892,CUST00407,2024-03-02,1119.21
ORD006301,CUST00464,2024-03-02,420.15
ORD006514,CUST00493,2024-03-02,722.37
ORD006930,CUST00545,2024-03-02,682.65
ORD007000,CUST00553,2024-03-02,682.96
ORD007311,CUST00596,2024-03-02,1159.53
ORD007429,CUST00614,2024-03-02,1436.63
ORD008267,CUST00735,2024-03-02,1550.53
ORD000038,CUST00002,2024-03-03,1955.86
ORD000059,CUST00003,2024-03-03,3449.64
ORD000845,CUST00037,2024-03-03,3523.32
ORD000996,CUST00044,2024-03-03,3410.45
ORD001332,CUST00058,2024-03-03,1769.34
ORD001787,CUST00077,2024-03-03,3920.23
ORD003538,CUST00190,2024-03-03,1773.72
ORD004141,CUST00234,2024-03-03,1994.91
ORD004387,CUST00252,2024-03-03,943.42
ORD004601,CUST00266,2024-03-03,1365.98
ORD004745,CUST00278,2024-03-03,1865.04
ORD004790,CUST00281,2024-03-03,2087.56
ORD004924,CUST00292,2024-03-03,1662.11
ORD005061,CUST00303,2024-03-03,649.77
ORD005325,CUST00337,2024-03-03,811.52
ORD005664,CUST00379,2024-03-03,1324.86
ORD006326,CUST00468,2024-03-03,1375.82
ORD006743,CUST00522,2024-03-03,459.79
ORD006873,CUST00538,2024-03-03,849.71
ORD006913,CUST00543,2024-03-03,1357.2
ORD007081,CUST00563,2024-03-03,899.14
ORD007172,CUST00577,2024-03-03,1680.51
ORD007952,CUST00689,2024-03-03,1037.23
ORD001064,CUST00047,2024-03-04,2670.09
ORD001494,CUST00065,2024-03-04,2067.73
ORD001618,CUST00070,2024-03-04,2989.01
ORD002668,CUST00126,2024-03-04,1279.78
ORD002840,CUST00139,2024-03-04,1762.88
ORD003234,CUST00168,2024-03-04,1536.57
ORD003604,CUST00195,2024-03-04,747.4
ORD003628,CUST00197,2024-03-04,2037.01
ORD003766,CUST00208,2024-03-04,1793.85
ORD003820,CUST00212,2024-03-04,1730.28
ORD003866,CUST00215,2024-03-04,970.98
ORD003891,CUST00217,2024-03-04,773.02
ORD004477,CUST00258,2024-03-04,2197.61
ORD004629,CUST00268,2024-03-04,1449.36
ORD004962,CUST00295,2024-03-04,1169.4
ORD005052,CUST00302,2024-03-04,848.65
ORD006180,CUST00448,2024-03-04,685.26
ORD006650,CUST00509,2024-03-04,1182.05
ORD007058,CUST00560,2024-03-04,809.18
ORD007218,CUST00583,2024-03-04,920.99
ORD007445,CUST00617,2024-03-04,1091.48
ORD008674,CUST00978,2024-03-04,502.89
ORD003279,CUST00171,2024-03-05,1657.0
ORD003404,CUST00181,2024-03-05,1700.33
ORD003756,CUST00207,2024-03-05,1309.43
ORD004555,CUST00263,2024-03-05,2049.95
ORD005837,CUST00400,2024-03-05,454.35
ORD006196,CUST00450,2024-03-05,908.7
ORD006236,CUST00455,2024-03-05,1087.98
ORD006427,CUST00481,2024-03-05,595.84
ORD007187,CUST00579,2024-03-05,1479.31
ORD007393,CUST00608,2024-03-05,717.58
ORD007463,CUST00620,2024-03-05,1440.3
ORD008619,CUST00923,2024-03-05,1110.16
ORD000323,CUST00014,2024-03-06,2808.91
ORD001415,CUST00062,2024-03-06,1508.02
ORD002019,CUST00087,2024-03-06,1242.79
ORD002693,CUST00128,2024-03-06,1060.54
ORD002800,CUST00136,2024-03-06,1067.07
ORD003261,CUST00170,2024-03-06,847.1
ORD003420,CUST00182,2024-03-06,831.07
ORD003743,CUST00206,2024-03-06,2137.73
ORD004526,CUST00261,2024-03-06,1136.66
ORD005518,CUST00360,2024-03-06,1216.71
ORD006117,CUST00439,2024-03-06,965.4
ORD006241,CUST00456,2024-03-06,631.89
ORD006255,CUST00458,2024-03-06,1204.72
ORD006701,CUST00516,2024-03-06,800.05
ORD007436,CUST00615,2024-03-06,1490.83
ORD008012,CUST00699,2024-03-06,744.86
ORD008220,CUST00728,2024-03-06,1702.27
ORD000420,CUST00018,2024-03-07,3254.69
ORD002438,CUST00110,2024-03-07,1913.21
ORD002599,CUST00122,2024-03-07,1870.18
ORD002825,CUST00138,2024-03-07,1014.77
ORD002948,CUST00147,2024-03-07,1431.26
ORD003251,CUST00169,2024-03-07,856.63
ORD003332,CUST00176,2024-03-07,1057.95
ORD003498,CUST00187,2024-03-07,2128.74
ORD003512,CUST00188,2024-03-07,1985.22
ORD004029,CUST00226,2024-03-07,1535.53
ORD004184,CUST00237,2024-03-07,2135.94
ORD004944,CUST00294,2024-03-07,2046.4
ORD005068,CUST00304,2024-03-07,915.53
ORD005204,CUST00321,2024-03-07,724.64
ORD005216,CUST00323,2024-03-07,724.26
ORD005761,CUST00390,2024-03-07,420.73
ORD007400,CUST00609,2024-03-07,612.45
ORD000371,CUST00016,2024-03-08,4467.1
ORD000564,CUST00024,2024-03-08,3883.07
ORD001165,CUST00051,2024-03-08,2811.44
ORD001184,CUST00052,2024-03-08,1833.38
ORD002177,CUST00094,2024-03-08,1454.39
ORD002870,CUST00141,2024-03-08,1566.1
ORD003217,CUST00167,2024-03-08,1264.2
ORD005255,CUST00328,2024-03-08,541.84
ORD005561,CUST00365,2024-03-08,473.58
ORD005738,CUST00387,2024-03-08,734.05
ORD006063,CUST00431,2024-03-08,674.27
ORD006498,CUST00491,2024-03-08,785.68
ORD006622,CUST00505,2024-03-08,745.39
ORD007454,CUST00618,2024-03-08,1097.91
ORD007609,CUST00639,2024-03-08,1770.32
ORD000446,CUST00019,2024-03-09,4055.36
ORD000931,CUST00041,2024-03-09,2123.08
ORD001282,CUST00056,2024-03-09,2963.41
ORD002653,CUST00125,2024-03-09,1087.99
ORD002744,CUST00132,2024-03-09,1557.9
ORD002756,CUST00133,2024-03-09,1860.52
ORD003066,CUST00157,2024-03-09,1091.88
ORD004758,CUST00279,2024-03-09,865.36
ORD005134,CUST00312,2024-03-09,1343.0
ORD005264,CUST00329,2024-03-09,757.31
ORD005802,CUST00395,2024-03-09,832.05
ORD006805,CUST00531,2024-03-09,1141.26
ORD007031,CUST00557,2024-03-09,500.94
ORD000584,CUST00025,2024-03-10,2606.7
ORD001473,CUST00064,2024-03-10,1460.77
ORD001593,CUST00069,2024-03-10,4119.35
ORD003164,CUST00164,2024-03-10,1134.94
ORD003365,CUST00178,2024-03-10,1048.49
ORD003592,CUST00194,2024-03-10,740.12
ORD005342,CUST00339,2024-03-10,792.29
ORD005616,CUST00372,2024-03-10,1298.74
ORD006614,CUST00504,2024-03-10,846.77
ORD006631,CUST00506,2024-03-10,478.76
ORD000180,CUST00008,2024-03-11,1791.89
ORD000518,CUST00022,2024-03-11,3940.56
ORD000627,CUST00027,2024-03-11,3068.86
ORD000646,CUST00028,2024-03-11,1225.37
ORD001392,CUST00061,2024-03-11,1449.2
ORD001444,CUST00063,2024-03-11,4378.72
ORD001717,CUST00074,2024-03-11,1458.62
ORD001831,CUST00079,2024-03-11,3770.51
ORD002733,CUST00131,2024-03-11,1707.01
ORD003093,CUST00159,2024-03-11,1347.68
ORD004319,CUST00247,2024-03-11,2167.14
ORD005539,CUST00363,2024-03-11,1018.1
ORD006319,CUST00467,2024-03-11,1162.7
ORD008005,CUST00698,2024-03-11,1272.76
ORD008202,CUST00726,2024-03-11,699.33
ORD000107,CUST00005,2024-03-12,2969.74
ORD000273,CUST00012,2024-03-12,3153.25
ORD000803,CUST00035,2024-03-12,2514.14
ORD001015,CUST00045,2024-03-12,4093.25
ORD001368,CUST00060,2024-03-12,4086.87
ORD001948,CUST00084,2024-03-12,3812.88
ORD003005,CUST00152,2024-03-12,1412.31
ORD003148,CUST00163,2024-03-12,705.56
ORD003323,CUST00175,2024-03-12,2098.36
ORD003347,CUST00177,2024-03-12,1899.86
ORD004012,CUST00225,2024-03-12,1700.58
ORD004129,CUST00233,2024-03-12,817.11
ORD004859,CUST00287,2024-03-12,1507.44
ORD004980,CUST00296,2024-03-12,805.84
ORD005165,CUST00316,2024-03-12,1246.09
ORD005387,CUST00344,2024-03-12,440.01
ORD005398,CUST00345,2024-03-12,561.47
ORD007374,CUST00605,2024-03-12,702.71
ORD007406,CUST00610,2024-03-12,1548.33
ORD007618,CUST00640,2024-03-12,1492.44
ORD007632,CUST00643,2024-03-12,1528.79
ORD007732,CUST00658,2024-03-12,1558.67
ORD008184,CUST00723,2024-03-12,1775.76
ORD008209,CUST00727,2024-03-12,554.46
ORD000087,CUST00004,2024-03-13,2689.9
ORD000130,CUST00006,2024-03-13,3428.2
ORD000346,CUST00015,2024-03-13,4422.8
ORD000907,CUST00040,2024-03-13,1664.9
ORD001763,CUST00076,2024-03-13,2104.13
ORD002584,CUST00121,2024-03-13,841.43
ORD002635,CUST00124,2024-03-13,1854.52
ORD002720,CUST00130,2024-03-13,1550.56
ORD003436,CUST00183,2024-03-13,1792.91
ORD003620,CUST00196,2024-03-13,1095.09
ORD004302,CUST00246,2024-03-13,1079.38
ORD005469,CUST00354,2024-03-13,1343.32
ORD005494,CUST00357,2024-03-13,1020.38
ORD005846,CUST00401,2024-03-13,916.26
ORD006294,CUST00463,2024-03-13,672.46
ORD006729,CUST00520,2024-03-13,900.21
ORD007211,CUST00582,2024-03-13,842.38
ORD007387,CUST00607,2024-03-13,1014.11
ORD000781,CUST00034,2024-03-14,3083.19
ORD001663,CUST00072,2024-03-14,3348.2
ORD001895,CUST00082,2024-03-14,2071.61
ORD002066,CUST00089,2024-03-14,1416.06
ORD002114,CUST00091,2024-03-14,3244.4
ORD004639,CUST00269,2024-03-14,1731.44
ORD005879,CUST00405,2024-03-14,789.43
ORD006675,CUST00512,2024-03-14,555.9
ORD007712,CUST00655,2024-03-14,1581.35
ORD008056,CUST00705,2024-03-14,1593.0
ORD008085,CUST00709,2024-03-14,1414.49
ORD000228,CUST00010,2024-03-15,4004.13
ORD000474,CUST00020,2024-03-15,2632.11
ORD000542,CUST00023,2024-03-15,4127.96
ORD000668,CUST00029,2024-03-15,2299.13
ORD001041,CUST00046,2024-03-15,2537.87
ORD001690,CUST00073,2024-03-15,4424.29
ORD002233,CUST00097,2024-03-15,3131.72
ORD002332,CUST00102,2024-03-15,2137.79
ORD002560,CUST00119,2024-03-15,1206.27
ORD003303,CUST00173,2024-03-15,899.07
ORD003467,CUST00185,2024-03-15,1641.99
ORD005009,CUST00298,2024-03-15,1284.34
ORD005407,CUST00347,2024-03-15,686.63
ORD005783,CUST00393,2024-03-15,510.19
ORD006219,CUST00453,2024-03-15,833.38
ORD006306,CUST00465,2024-03-15,712.19
ORD006362,CUST00473,2024-03-15,690.2
ORD006605,CUST00503,2024-03-15,448.54
ORD006811,CUST00532,2024-03-15,645.09
ORD007681,CUST00650,2024-03-15,686.01
ORD007899,CUST00682,2024-03-15,819.01
ORD000204,CUST00009,2024-03-16,2401.93
ORD000871,CUST00038,2024-03-16,3311.32
ORD001147,CUST00050,2024-03-16,4113.28
ORD001742,CUST00075,2024-03-16,4160.2
ORD002196,CUST00095,2024-03-16,2682.37
ORD003111,CUST00160,2024-03-16,785.32
ORD004570,CUST00264,2024-03-16,1189.02
ORD005189,CUST00319,2024-03-16,696.36
ORD006880,CUST00539,2024-03-16,1218.53
ORD006954,CUST00548,2024-03-16,1065.4
ORD007424,CUST00613,2024-03-16,1282.16
ORD007839,CUST00673,2024-03-16,1749.8
ORD000016,CUST00001,2024-03-17,1537.29
ORD000251,CUST00011,2024-03-17,2096.66
ORD000304,CUST00013,2024-03-17,2958.06
ORD000825,CUST00036,2024-03-17,2106.03
ORD001119,CUST00049,2024-03-17,2762.61
ORD002429,CUST00109,2024-03-17,1355.66
ORD002857,CUST00140,2024-03-17,991.02
ORD003200,CUST00166,2024-03-17,1898.76
ORD003563,CUST00192,2024-03-17,1903.65
ORD004334,CUST00248,2024-03-17,1846.15
ORD004355,CUST00250,2024-03-17,1192.29
ORD004661,CUST00271,2024-03-17,1919.07
ORD004868,CUST00288,2024-03-17,885.2
ORD005026,CUST00299,2024-03-17,1113.73
ORD005228,CUST00325,2024-03-17,1217.5
ORD005360,CUST00341,2024-03-17,444.87
ORD005634,CUST00375,2024-03-17,1311.64
ORD006035,CUST00427,2024-03-17,782.59
ORD006055,CUST00430,2024-03-17,660.1
ORD006710,CUST00517,2024-03-17,1398.91
ORD007868,CUST00677,2024-03-17,1663.8
ORD001093,CUST00048,2024-03-18,2720.06
ORD002043,CUST00088,2024-03-18,1725.92
ORD003135,CUST00162,2024-03-18,862.65
ORD004256,CUST00242,2024-03-18,1212.44
ORD004685,CUST00273,2024-03-18,1002.1
ORD005593,CUST00369,2024-03-18,1194.1
ORD007748,CUST00660,2024-03-18,1266.57
ORD008332,CUST00744,2024-03-18,1321.0
ORD000039,CUST00002,2024-03-19,3856.65
ORD001808,CUST00078,2024-03-19,3790.16
ORD002815,CUST00137,2024-03-19,1383.01
ORD002960,CUST00148,2024-03-19,1521.92
ORD003848,CUST00214,2024-03-19,1169.52
ORD004101,CUST00231,2024-03-19,1088.04
ORD004172,CUST00236,2024-03-19,1049.23
ORD004347,CUST00249,2024-03-19,1316.66
ORD004445,CUST00256,2024-03-19,1571.78
ORD005417,CUST00348,2024-03-19,407.94
ORD005811,CUST00396,2024-03-19,1275.93
ORD006557,CUST00497,2024-03-19,1316.95
ORD008190,CUST00724,2024-03-19,532.09
ORD000732,CUST00032,2024-03-20,3943.44
ORD001065,CUST00047,2024-03-20,2696.33
ORD001565,CUST00068,2024-03-20,3668.66
ORD002156,CUST00093,2024-03-20,2419.14
ORD002390,CUST00106,2024-03-20,854.51
ORD003378,CUST00179,2024-03-20,1229.68
ORD003524,CUST00189,2024-03-20,1152.47
ORD004226,CUST00240,2024-03-20,1156.92
ORD004902,CUST00290,2024-03-20,2182.73
ORD005299,CUST00334,2024-03-20,619.33
ORD007783,CUST00665,2024-03-20,1229.08
ORD000684,CUST00030,2024-03-21,1425.34
ORD001258,CUST00055,2024-03-21,3891.07
ORD001971,CUST00085,2024-03-21,2709.38
ORD002410,CUST00108,2024-03-21,1823.37
ORD003027,CUST00154,2024-03-21,1250.46
ORD004290,CUST00245,2024-03-21,1441.02
ORD005463,CUST00353,2024-03-21,550.51
ORD005675,CUST00380,2024-03-21,1111.38
ORD006447,CUST00484,2024-03-21,1250.94
ORD006752,CUST00523,2024-03-21,1121.99
ORD000500,CUST00021,2024-03-22,1272.4
ORD002307,CUST00100,2024-03-22,3959.9
ORD002465,CUST00112,2024-03-22,1806.43
ORD002916,CUST00144,2024-03-22,1471.09
ORD003658,CUST00199,2024-03-22,1636.86
ORD004436,CUST00255,2024-03-22,1886.5
ORD004460,CUST00257,2024-03-22,1313.43
ORD004490,CUST00259,2024-03-22,1580.51
ORD006263,CUST00459,2024-03-22,1209.03
ORD006562,CUST00498,2024-03-22,824.59
ORD007524,CUST00628,2024-03-22,1652.44
ORD007671,CUST00649,2024-03-22,1110.68
ORD007974,CUST00692,2024-03-22,1718.89
ORD001209,CUST00053,2024-03-23,3070.1
ORD002257,CUST00098,2024-03-23,3226.09
ORD002503,CUST00115,2024-03-23,1435.14
ORD002880,CUST00142,2024-03-23,1986.73
ORD002938,CUST00146,2024-03-23,1747.9
ORD003121,CUST00161,2024-03-23,1141.85
ORD004266,CUST00243,2024-03-23,2015.08
ORD005180,CUST00318,2024-03-23,784.15
ORD005195,CUST00320,2024-03-23,1190.62
ORD005729,CUST00386,2024-03-23,403.11
ORD006010,CUST00423,2024-03-23,650.2
ORD006442,CUST00483,2024-03-23,1047.55
ORD006582,CUST00500,2024-03-23,864.92
ORD006721,CUST00519,2024-03-23,639.32
ORD006863,CUST00537,2024-03-23,1010.12
ORD007233,CUST00585,2024-03-23,1673.05
ORD007303,CUST00595,2024-03-23,1742.43
ORD008038,CUST00703,2024-03-23,1776.21
ORD008161,CUST00721,2024-03-23,985.71
ORD000754,CUST00033,2024-03-24,1502.65
ORD000846,CUST00037,2024-03-24,4488.0
ORD000889,CUST00039,2024-03-24,3744.37
ORD000954,CUST00042,2024-03-24,2076.25
ORD001309,CUST00057,2024-03-24,1347.45
ORD001539,CUST00067,2024-03-24,2712.91
ORD001619,CUST00070,2024-03-24,2818.44
ORD002216,CUST00096,2024-03-24,2623.94
ORD002320,CUST00101,2024-03-24,1417.48
ORD003452,CUST00184,2024-03-24,1577.81
ORD005096,CUST00307,2024-03-24,518.79
ORD005278,CUST00331,2024-03-24,1261.71
ORD005700,CUST00383,2024-03-24,416.59
ORD005961,CUST00416,2024-03-24,982.77
ORD006589,CUST00501,2024-03-24,1053.82
ORD007323,CUST00598,2024-03-24,1581.3
ORD008155,CUST00720,2024-03-24,716.96
ORD001921,CUST00083,2024-03-25,2654.27
ORD001992,CUST00086,2024-03-25,3465.82
ORD002970,CUST00149,2024-03-25,1588.24
ORD002990,CUST00151,2024-03-25,2173.87
ORD003484,CUST00186,2024-03-25,2008.66
ORD003999,CUST00224,2024-03-25,1048.15
ORD005832,CUST00399,2024-03-25,693.34
ORD006478,CUST00488,2024-03-25,617.53
ORD006965,CUST00549,2024-03-25,1328.47
ORD007763,CUST00662,2024-03-25,1079.21
ORD008080,CUST00708,2024-03-25,1375.3
ORD000705,CUST00031,2024-03-26,3440.36
ORD001350,CUST00059,2024-03-26,4380.64
ORD002088,CUST00090,2024-03-26,2458.66
ORD002135,CUST00092,2024-03-26,3284.37
ORD002571,CUST00120,2024-03-26,1081.13
ORD004776,CUST00280,2024-03-26,1887.68
ORD004811,CUST00283,2024-03-26,992.62
ORD006050,CUST00429,2024-03-26,953.29
ORD007540,CUST00630,2024-03-26,810.45
ORD008355,CUST00748,2024-03-26,1347.67
ORD000274,CUST00012,2024-03-27,1477.03
ORD001016,CUST00045,2024-03-27,2184.69
ORD001333,CUST00058,2024-03-27,4231.65
ORD002550,CUST00118,2024-03-27,989.68
ORD003081,CUST00158,2024-03-27,1414.35
ORD003682,CUST00201,2024-03-27,1000.97
ORD003778,CUST00209,2024-03-27,1970.44
ORD003971,CUST00222,2024-03-27,949.16
ORD004079,CUST00229,2024-03-27,2010.32
ORD004708,CUST00275,2024-03-27,2110.43
ORD005100,CUST00308,2024-03-27,799.88
ORD005442,CUST00351,2024-03-27,541.74
ORD005484,CUST00356,2024-03-27,810.39
ORD006092,CUST00434,2024-03-27,1000.58
ORD006490,CUST00490,2024-03-27,1379.28
ORD006572,CUST00499,2024-03-27,630.07
ORD007066,CUST00561,2024-03-27,1468.45
ORD007329,CUST00599,2024-03-27,965.82
ORD008304,CUST00740,2024-03-27,932.55
ORD000585,CUST00025,2024-03-28,2817.89
ORD001369,CUST00060,2024-03-28,2684.12
ORD001393,CUST00061,2024-03-28,2529.41
ORD003735,CUST00205,2024-03-28,1773.51
ORD003795,CUST00210,2024-03-28,1301.55
ORD004212,CUST00239,2024-03-28,2049.25
ORD004509,CUST00260,2024-03-28,908.7
ORD004589,CUST00265,2024-03-28,1501.98
ORD004791,CUST00281,2024-03-28,1602.86
ORD006636,CUST00507,2024-03-28,479.28
ORD006694,CUST00515,2024-03-28,1086.84
ORD007274,CUST00591,2024-03-28,1507.01
ORD007504,CUST00626,2024-03-28,1230.45
ORD000603,CUST00026,2024-03-29,1421.54
ORD000908,CUST00040,2024-03-29,2157.7
ORD002020,CUST00087,2024-03-29,1870.19
ORD003051,CUST00156,2024-03-29,1545.56
ORD003907,CUST00218,2024-03-29,1698.28
ORD004245,CUST00241,2024-03-29,804.9
ORD005628,CUST00374,2024-03-29,821.24
ORD005902,CUST00409,2024-03-29,529.42
ORD005930,CUST00413,2024-03-29,486.02
ORD006394,CUST00477,2024-03-29,1253.4
ORD006936,CUST00546,2024-03-29,973.93
ORD007040,CUST00558,2024-03-29,1724.98
ORD007259,CUST00589,2024-03-29,585.04
ORD007298,CUST00594,2024-03-29,719.07
ORD000565,CUST00024,2024-03-30,2284.25
ORD001637,CUST00071,2024-03-30,3488.75
ORD001788,CUST00077,2024-03-30,3128.81
ORD001896,CUST00082,2024-03-30,1529.37
ORD002365,CUST00104,2024-03-30,2169.06
ORD002474,CUST00113,2024-03-30,1079.97
ORD003696,CUST00202,2024-03-30,1539.74
ORD004193,CUST00238,2024-03-30,1500.32
ORD004275,CUST00244,2024-03-30,2104.37
ORD004698,CUST00274,2024-03-30,963.55
ORD004824,CUST00284,2024-03-30,1352.34
ORD005272,CUST00330,2024-03-30,701.56
ORD005506,CUST00358,2024-03-30,1350.55
ORD005993,CUST00421,2024-03-30,1297.15
ORD005999,CUST00422,2024-03-30,1207.74
ORD006795,CUST00529,2024-03-30,596.94
ORD007700,CUST00652,2024-03-30,1047.85
ORD008249,CUST00733,2024-03-30,586.22
ORD000108,CUST00005,2024-03-31,2592.21
ORD001474,CUST00064,2024-03-31,4415.23
ORD001517,CUST00066,2024-03-31,2707.26
ORD001743,CUST00075,2024-03-31,2314.96
ORD001852,CUST00080,2024-03-31,3601.85
ORD003313,CUST00174,2024-03-31,1396.44
ORD003549,CUST00191,2024-03-31,1041.33
ORD003757,CUST00207,2024-03-31,1111.05
ORD003982,CUST00223,2024-03-31,1593.76
ORD004142,CUST00234,2024-03-31,1741.71
ORD004670,CUST00272,2024-03-31,975.32
ORD005550,CUST00364,2024-03-31,1059.26
ORD006922,CUST00544,2024-03-31,810.78
ORD007290,CUST00593,2024-03-31,617.95
ORD007344,CUST00601,2024-03-31,1146.9
ORD008240,CUST00732,2024-03-31,1221.52
ORD008361,CUST00749,2024-03-31,502.93
ORD000229,CUST00010,2024-04-01,2702.87
ORD000324,CUST00014,2024-04-01,3832.85
ORD000372,CUST00016,2024-04-01,3076.48
ORD001229,CUST00054,2024-04-01,1709.11
ORD001416,CUST00062,2024-04-01,2026.28
ORD001876,CUST00081,2024-04-01,3512.4
ORD002284,CUST00099,2024-04-01,3883.39
ORD002783,CUST00135,2024-04-01,1689.3
ORD003042,CUST00155,2024-04-01,1215.32
ORD004090,CUST00230,2024-04-01,1863.1
ORD004618,CUST00267,2024-04-01,1292.6
ORD004630,CUST00268,2024-04-01,1768.8
ORD004885,CUST00289,2024-04-01,1836.57
ORD005234,CUST00326,2024-04-01,1150.44
ORD005571,CUST00366,2024-04-01,1394.92
ORD005794,CUST00394,2024-04-01,752.26
ORD006111,CUST00438,2024-04-01,1112.84
ORD006830,CUST00534,2024-04-01,829.76
ORD007492,CUST00625,2024-04-01,626.18
ORD007654,CUST00646,2024-04-01,1278.85
ORD007924,CUST00685,2024-04-01,1548.84
ORD008131,CUST00716,2024-04-01,1711.8
ORD000205,CUST00009,2024-04-02,4331.29
ORD000475,CUST00020,2024-04-02,3709.22
ORD000826,CUST00036,2024-04-02,1447.64
ORD000974,CUST00043,2024-04-02,3852.05
ORD003181,CUST00165,2024-04-02,1881.67
ORD003252,CUST00169,2024-04-02,2087.29
ORD003644,CUST00198,2024-04-02,1555.53
ORD003937,CUST00220,2024-04-02,969.33
ORD005657,CUST00378,2024-04-02,1334.11
ORD006800,CUST00530,2024-04-02,1141.38
ORD007642,CUST00644,2024-04-02,1148.88
ORD007667,CUST00648,2024-04-02,665.27
ORD000519,CUST00022,2024-04-03,4216.36
ORD000543,CUST00023,2024-04-03,2482.53
ORD000782,CUST00034,2024-04-03,3392.43
ORD000997,CUST00044,2024-04-03,1944.72
ORD002618,CUST00123,2024-04-03,823.82
ORD002949,CUST00147,2024-04-03,1413.0
ORD003671,CUST00200,2024-04-03,1521.34
ORD003805,CUST00211,2024-04-03,1873.18
ORD003867,CUST00215,2024-04-03,1824.9
ORD004114,CUST00232,2024-04-03,2106.31
ORD004403,CUST00253,2024-04-03,1239.86
ORD004803,CUST00282,2024-04-03,1366.46
ORD005426,CUST00349,2024-04-03,1168.22
ORD005599,CUST00370,2024-04-03,752.92
ORD005949,CUST00415,2024-04-03,451.48
ORD006333,CUST00469,2024-04-03,632.43
ORD007774,CUST00664,2024-04-03,1649.69
ORD000060,CUST00003,2024-04-04,3677.9
ORD000088,CUST00004,2024-04-04,1941.5
ORD000131,CUST00006,2024-04-04,2532.46
ORD000647,CUST00028,2024-04-04,4319.57
ORD000669,CUST00029,2024-04-04,1452.05
ORD002115,CUST00091,2024-04-04,2248.69
ORD002694,CUST00128,2024-04-04,1339.7
ORD002841,CUST00139,2024-04-04,702.37
ORD003235,CUST00168,2024-04-04,876.26
ORD003333,CUST00176,2024-04-04,1673.56
ORD004046,CUST00227,2024-04-04,2005.74
ORD004994,CUST00297,2024-04-04,2063.87
ORD005037,CUST00300,2024-04-04,1531.24
ORD005161,CUST00315,2024-04-04,602.0
ORD005244,CUST00327,2024-04-04,1218.26
ORD005476,CUST00355,2024-04-04,748.09
ORD005652,CUST00377,2024-04-04,1261.39
ORD006271,CUST00460,2024-04-04,510.32
ORD008072,CUST00707,2024-04-04,1604.47
ORD000158,CUST00007,2024-04-05,4014.61
ORD000181,CUST00008,2024-04-05,3781.88
ORD000398,CUST00017,2024-04-05,2026.21
ORD000872,CUST00038,2024-04-05,3733.68
ORD001445,CUST00063,2024-04-05,3810.55
ORD001664,CUST00072,2024-04-05,1736.77
ORD002157,CUST00093,2024-04-05,3406.33
ORD003289,CUST00172,2024-04-05,1351.37
ORD003396,CUST00180,2024-04-05,918.08
ORD003513,CUST00188,2024-04-05,1732.07
ORD003954,CUST00221,2024-04-05,1602.83
ORD004422,CUST00254,2024-04-05,896.19
ORD004649,CUST00270,2024-04-05,1835.87
ORD006348,CUST00471,2024-04-05,775.69
ORD006782,CUST00527,2024-04-05,570.41
ORD000421,CUST00018,2024-04-06,3263.85
ORD001094,CUST00048,2024-04-06,2109.64
ORD001283,CUST00056,2024-04-06,2994.03
ORD001495,CUST00065,2024-04-06,3270.86
ORD002768,CUST00134,2024-04-06,1585.47
ORD004718,CUST00276,2024-04-06,1763.69
ORD004846,CUST00286,2024-04-06,2105.82
ORD004945,CUST00294,2024-04-06,1993.01
ORD005221,CUST00324,2024-04-06,879.01
ORD005348,CUST00340,2024-04-06,1046.65
ORD006230,CUST00454,2024-04-06,598.57
ORD006778,CUST00526,2024-04-06,984.23
ORD000447,CUST00019,2024-04-07,2977.32
ORD000628,CUST00027,2024-04-07,1429.63
ORD002234,CUST00097,2024-04-07,4021.42
ORD002826,CUST00138,2024-04-07,1618.08
ORD002897,CUST00143,2024-04-07,1474.22
ORD003218,CUST00167,2024-04-07,723.45
ORD003923,CUST00219,2024-04-07,1902.32
ORD006073,CUST00432,2024-04-07,617.84
ORD006251,CUST00457,2024-04-07,1356.32
ORD006537,CUST00495,2024-04-07,598.46
ORD006976,CUST00550,2024-04-07,605.63
ORD007098,CUST00566,2024-04-07,1476.44
ORD008673,CUST00977,2024-04-07,1037.42
ORD001120,CUST00049,2024-04-08,2192.43
ORD001185,CUST00052,2024-04-08,2032.98
ORD001718,CUST00074,2024-04-08,1866.33
ORD002381,CUST00105,2024-04-08,1367.35
ORD002401,CUST00107,2024-04-08,1957.78
ORD002518,CUST00116,2024-04-08,2150.74
ORD002685,CUST00127,2024-04-08,2185.54
ORD003629,CUST00197,2024-04-08,1270.86
ORD003832,CUST00213,2024-04-08,1706.89
ORD004746,CUST00278,2024-04-08,1921.34
ORD005606,CUST00371,2024-04-08,752.25
ORD006030,CUST00426,2024-04-08,421.29
ORD006668,CUST00511,2024-04-08,1060.7
ORD006689,CUST00514,2024-04-08,950.07
ORD007001,CUST00553,2024-04-08,730.57
ORD007173,CUST00577,2024-04-08,1237.01
ORD008277,CUST00736,2024-04-08,607.05
ORD001166,CUST00051,2024-04-09,4468.07
ORD003593,CUST00194,2024-04-09,1273.95
ORD006768,CUST00525,2024-04-09,691.22
ORD007130,CUST00571,2024-04-09,699.78
ORD007228,CUST00584,2024-04-09,1128.26
ORD001540,CUST00067,2024-04-10,3116.54
ORD001594,CUST00069,2024-04-10,2022.19
ORD001620,CUST00070,2024-04-10,1385.35
ORD001832,CUST00079,2024-04-10,2297.68
ORD002089,CUST00090,2024-04-10,2764.16
ORD002669,CUST00126,2024-04-10,1462.81
ORD003165,CUST00164,2024-04-10,964.93
ORD003714,CUST00203,2024-04-10,1450.37
ORD004013,CUST00225,2024-04-10,959.94
ORD005528,CUST00361,2024-04-10,917.28
ORD006148,CUST00444,2024-04-10,415.51
ORD006405,CUST00478,2024-04-10,825.41
ORD006599,CUST00502,2024-04-10,1159.61
ORD007219,CUST00583,2024-04-10,1075.3
ORD007464,CUST00620,2024-04-10,819.81
ORD007513,CUST00627,2024-04-10,1078.38
ORD007847,CUST00674,2024-04-10,1202.27
ORD007941,CUST00687,2024-04-10,1412.66
ORD008097,CUST00711,2024-04-10,526.64
ORD000252,CUST00011,2024-04-11,4146.99
ORD000706,CUST00031,2024-04-11,3804.45
ORD001310,CUST00057,2024-04-11,1274.53
ORD001566,CUST00068,2024-04-11,1512.59
ORD001764,CUST00076,2024-04-11,2866.92
ORD001922,CUST00083,2024-04-11,2063.32
ORD002456,CUST00111,2024-04-11,1825.85
ORD002734,CUST00131,2024-04-11,1836.66
ORD003605,CUST00195,2024-04-11,2020.19
ORD003744,CUST00206,2024-04-11,2054.74
ORD004063,CUST00228,2024-04-11,1474.23
ORD004388,CUST00252,2024-04-11,2014.16
ORD005969,CUST00417,2024-04-11,635.62
ORD005980,CUST00419,2024-04-11,1050.34
ORD006164,CUST00446,2024-04-11,808.87
ORD006288,CUST00462,2024-04-11,1155.12
ORD006463,CUST00486,2024-04-11,547.51
ORD006643,CUST00508,2024-04-11,615.21
ORD007963,CUST00690,2024-04-11,777.63
ORD008686,CUST00990,2024-04-11,1004.83
ORD000305,CUST00013,2024-04-12,1427.56
ORD000932,CUST00041,2024-04-12,3445.32
ORD002178,CUST00094,2024-04-12,2126.67
ORD002636,CUST00124,2024-04-12,2181.48
ORD002757,CUST00133,2024-04-12,1392.02
ORD002871,CUST00141,2024-04-12,1899.3
ORD002928,CUST00145,2024-04-12,1594.18
ORD003006,CUST00152,2024-04-12,1533.13
ORD004160,CUST00235,2024-04-12,767.02
ORD005583,CUST00367,2024-04-12,599.24
ORD005712,CUST00384,2024-04-12,694.01
ORD006277,CUST00461,2024-04-12,752.7
ORD006818,CUST00533,2024-04-12,922.56
ORD008342,CUST00746,2024-04-12,1734.76
ORD000017,CUST00001,2024-04-13,1519.16
ORD000347,CUST00015,2024-04-13,3169.41
ORD000804,CUST00035,2024-04-13,2762.22
ORD001993,CUST00086,2024-04-13,4438.41
ORD002350,CUST00103,2024-04-13,1429.93
ORD005690,CUST00382,2024-04-13,530.06
ORD005723,CUST00385,2024-04-13,791.91
ORD006134,CUST00442,2024-04-13,762.3
ORD006420,CUST00480,2024-04-13,425.3
ORD006506,CUST00492,2024-04-13,1173.41
ORD006759,CUST00524,2024-04-13,1152.5
ORD007137,CUST00572,2024-04-13,1133.5
ORD007741,CUST00659,2024-04-13,678.98
ORD008174,CUST00722,2024-04-13,669.54
ORD001148,CUST00050,2024-04-14,1525.41
ORD001691,CUST00073,2024-04-14,3984.44
ORD001789,CUST00077,2024-04-14,2888.0
ORD001809,CUST00078,2024-04-14,2874.14
ORD002439,CUST00110,2024-04-14,982.0
ORD002490,CUST00114,2024-04-14,1637.7
ORD002561,CUST00119,2024-04-14,1500.85
ORD002703,CUST00129,2024-04-14,2163.67
ORD002721,CUST00130,2024-04-14,1594.54
ORD003525,CUST00189,2024-04-14,1831.83
ORD004369,CUST00251,2024-04-14,1511.72
ORD004834,CUST00285,2024-04-14,1199.2
ORD005128,CUST00311,2024-04-14,706.45
ORD005897,CUST00408,2024-04-14,1239.33
ORD007160,CUST00575,2024-04-14,640.14
ORD007879,CUST00679,2024-04-14,592.74
ORD000040,CUST00002,2024-04-15,2083.54
ORD000604,CUST00026,2024-04-15,1507.66
ORD000755,CUST00033,2024-04-15,3895.12
ORD001042,CUST00046,2024-04-15,4246.25
ORD001949,CUST00084,2024-04-15,3303.88
ORD002197,CUST00095,2024-04-15,4062.1
ORD003767,CUST00208,2024-04-15,1806.68
ORD005436,CUST00350,2024-04-15,780.28
ORD005940,CUST00414,2024-04-15,970.37
ORD006702,CUST00516,2024-04-15,932.67
ORD007082,CUST00563,2024-04-15,1219.29
ORD000890,CUST00039,2024-04-16,3348.73
ORD002391,CUST00106,2024-04-16,2105.19
ORD002981,CUST00150,2024-04-16,1654.2
ORD003028,CUST00154,2024-04-16,1552.22
ORD003421,CUST00182,2024-04-16,1291.64
ORD004527,CUST00261,2024-04-16,804.97
ORD004602,CUST00266,2024-04-16,707.0
ORD005746,CUST00388,2024-04-16,1080.05
ORD007981,CUST00693,2024-04-16,792.14
ORD000373,CUST00016,2024-04-17,3211.78
ORD000847,CUST00037,2024-04-17,3490.14
ORD002308,CUST00100,2024-04-17,1714.79
ORD002466,CUST00112,2024-04-17,998.77
ORD002801,CUST00136,2024-04-17,1117.17
ORD004185,CUST00237,2024-04-17,984.09
ORD004356,CUST00250,2024-04-17,862.01
ORD005309,CUST00335,2024-04-17,642.5
ORD005588,CUST00368,2024-04-17,593.05
ORD005838,CUST00400,2024-04-17,670.17
ORD005916,CUST00411,2024-04-17,464.37
ORD005921,CUST00412,2024-04-17,574.07
ORD006471,CUST00487,2024-04-17,866.25
ORD006515,CUST00493,2024-04-17,1029.47
ORD007717,CUST00656,2024-04-17,867.78
ORD008057,CUST00705,2024-04-17,529.84
ORD000501,CUST00021,2024-04-18,2105.79
ORD000566,CUST00024,2024-04-18,3802.52
ORD002067,CUST00089,2024-04-18,3752.82
ORD002430,CUST00109,2024-04-18,944.9
ORD002654,CUST00125,2024-04-18,1634.56
ORD003201,CUST00166,2024-04-18,794.67
ORD003280,CUST00171,2024-04-18,2058.37
ORD003304,CUST00173,2024-04-18,1058.59
ORD003892,CUST00217,2024-04-18,1124.43
ORD004320,CUST00247,2024-04-18,2136.66
ORD004544,CUST00262,2024-04-18,1298.86
ORD004903,CUST00290,2024-04-18,1264.83
ORD005069,CUST00304,2024-04-18,1335.41
ORD006191,CUST00449,2024-04-18,688.48
ORD006327,CUST00468,2024-04-18,960.89
ORD006888,CUST00540,2024-04-18,506.83
ORD007407,CUST00610,2024-04-18,1066.73
ORD000685,CUST00030,2024-04-19,3283.57
ORD001210,CUST00053,2024-04-19,3434.22
ORD001475,CUST00064,2024-04-19,2970.09
ORD001897,CUST00082,2024-04-19,4084.66
ORD002044,CUST00088,2024-04-19,2972.22
ORD002333,CUST00102,2024-04-19,1248.89
ORD004915,CUST00291,2024-04-19,958.73
ORD004936,CUST00293,2024-04-19,1751.11
ORD005173,CUST00317,2024-04-19,1367.49
ORD005205,CUST00321,2024-04-19,1025.96
ORD005292,CUST00333,2024-04-19,1321.6
ORD005334,CUST00338,2024-04-19,954.16
ORD006457,CUST00485,2024-04-19,1305.72
ORD006789,CUST00528,2024-04-19,1297.13
ORD006853,CUST00536,2024-04-19,593.6
ORD007088,CUST00564,2024-04-19,521.74
ORD007575,CUST00635,2024-04-19,680.33
ORD008092,CUST00710,2024-04-19,531.56
ORD000476,CUST00020,2024-04-20,2664.14
ORD000783,CUST00034,2024-04-20,2927.5
ORD001066,CUST00047,2024-04-20,2570.9
ORD001394,CUST00061,2024-04-20,3492.52
ORD002745,CUST00132,2024-04-20,1487.85
ORD002939,CUST00146,2024-04-20,1383.38
ORD003437,CUST00183,2024-04-20,909.35
ORD003581,CUST00193,2024-04-20,1901.48
ORD003821,CUST00212,2024-04-20,1275.24
ORD004860,CUST00287,2024-04-20,1173.89
ORD005010,CUST00298,2024-04-20,1909.13
ORD005086,CUST00306,2024-04-20,1056.28
ORD006022,CUST00425,2024-04-20,679.78
ORD006526,CUST00494,2024-04-20,652.57
ORD007552,CUST00632,2024-04-20,987.68
ORD008221,CUST00728,2024-04-20,648.51
ORD002217,CUST00096,2024-04-21,2422.25
ORD002585,CUST00121,2024-04-21,1233.48
ORD004759,CUST00279,2024-04-21,1921.56
ORD005047,CUST00301,2024-04-21,407.29
ORD006106,CUST00437,2024-04-21,550.06
ORD007672,CUST00649,2024-04-21,907.5
ORD000399,CUST00017,2024-04-22,1955.45
ORD000422,CUST00018,2024-04-22,1871.74
ORD001665,CUST00072,2024-04-22,3837.34
ORD002917,CUST00144,2024-04-22,1513.79
ORD003324,CUST00175,2024-04-22,2117.98
ORD004478,CUST00258,2024-04-22,1774.28
ORD004556,CUST00263,2024-04-22,1348.11
ORD007724,CUST00657,2024-04-22,805.52
ORD007869,CUST00677,2024-04-22,1431.06
ORD000109,CUST00005,2024-04-23,2726.67
ORD000648,CUST00028,2024-04-23,3721.73
ORD000733,CUST00032,2024-04-23,3869.84
ORD001370,CUST00060,2024-04-23,4045.26
ORD001972,CUST00085,2024-04-23,4355.43
ORD002258,CUST00098,2024-04-23,2145.35
ORD002536,CUST00117,2024-04-23,1013.11
ORD003262,CUST00170,2024-04-23,1318.89
ORD004213,CUST00239,2024-04-23,1003.84
ORD005053,CUST00302,2024-04-23,1074.52
ORD005078,CUST00305,2024-04-23,914.32
ORD005803,CUST00395,2024-04-23,690.8
ORD006085,CUST00433,2024-04-23,1260.57
ORD006122,CUST00440,2024-04-23,1059.2
ORD006438,CUST00482,2024-04-23,1223.33
ORD006806,CUST00531,2024-04-23,1370.44
ORD007032,CUST00557,2024-04-23,1110.33
ORD007525,CUST00628,2024-04-23,730.41
ORD007586,CUST00636,2024-04-23,1379.01
ORD000275,CUST00012,2024-04-24,1647.81
ORD000873,CUST00038,2024-04-24,2627.64
ORD001095,CUST00048,2024-04-24,1306.32
ORD001744,CUST00075,2024-04-24,2226.13
ORD003018,CUST00153,2024-04-24,1338.56
ORD003052,CUST00156,2024-04-24,1643.95
ORD003405,CUST00181,2024-04-24,1547.85
ORD003468,CUST00185,2024-04-24,2161.39
ORD003724,CUST00204,2024-04-24,1334.3
ORD003879,CUST00216,2024-04-24,859.1
ORD004303,CUST00246,2024-04-24,2024.65
ORD004571,CUST00264,2024-04-24,947.26
ORD004812,CUST00283,2024-04-24,2004.79
ORD005027,CUST00299,2024-04-24,1480.89
ORD005784,CUST00393,2024-04-24,898.93
ORD006041,CUST00428,2024-04-24,425.99
ORD006197,CUST00450,2024-04-24,427.35
ORD006356,CUST00472,2024-04-24,799.41
ORD006367,CUST00474,2024-04-24,730.18
ORD007425,CUST00613,2024-04-24,1223.91
ORD007801,CUST00667,2024-04-24,1688.94
ORD008191,CUST00724,2024-04-24,1319.88
ORD000909,CUST00040,2024-04-25,4051.74
ORD000975,CUST00043,2024-04-25,3213.25
ORD000998,CUST00044,2024-04-25,1373.22
ORD001167,CUST00051,2024-04-25,2929.02
ORD001259,CUST00055,2024-04-25,4414.94
ORD003067,CUST00157,2024-04-25,1054.29
ORD003621,CUST00196,2024-04-25,2156.31
ORD003972,CUST00222,2024-04-25,1808.17
ORD004173,CUST00236,2024-04-25,1208.5
ORD004246,CUST00241,2024-04-25,1292.96
ORD004728,CUST00277,2024-04-25,1721.6
ORD005210,CUST00322,2024-04-25,1180.51
ORD006140,CUST00443,2024-04-25,984.76
ORD006208,CUST00452,2024-04-25,893.26
ORD007119,CUST00570,2024-04-25,1021.87
ORD007733,CUST00658,2024-04-25,706.78
ORD000325,CUST00014,2024-04-26,2122.87
ORD000586,CUST00025,2024-04-26,1442.52
ORD001351,CUST00059,2024-04-26,3355.13
ORD001518,CUST00066,2024-04-26,1862.21
ORD004000,CUST00224,2024-04-26,1581.49
ORD004257,CUST00242,2024-04-26,2138.49
ORD004925,CUST00292,2024-04-26,1464.62
ORD005686,CUST00381,2024-04-26,1258.46
ORD007994,CUST00695,2024-04-26,943.93
ORD008356,CUST00748,2024-04-26,1561.76
ORD000206,CUST00009,2024-04-27,3256.41
ORD001121,CUST00049,2024-04-27,3859.06
ORD001417,CUST00062,2024-04-27,3392.88
ORD001446,CUST00063,2024-04-27,2113.99
ORD002021,CUST00087,2024-04-27,3938.95
ORD003539,CUST00190,2024-04-27,1122.79
ORD003758,CUST00207,2024-04-27,1934.8
ORD004130,CUST00233,2024-04-27,1489.38
ORD004227,CUST00240,2024-04-27,1368.97
ORD004963,CUST00295,2024-04-27,2179.03
ORD006015,CUST00424,2024-04-27,766.93
ORD006130,CUST00441,2024-04-27,641.05
ORD006174,CUST00447,2024-04-27,576.72
ORD006202,CUST00451,2024-04-27,1347.88
ORD006314,CUST00466,2024-04-27,678.56
ORD006482,CUST00489,2024-04-27,1301.48
ORD006842,CUST00535,2024-04-27,1077.84
ORD007312,CUST00596,2024-04-27,1564.69
ORD007394,CUST00608,2024-04-27,833.45
ORD008122,CUST00715,2024-04-27,1050.24
ORD000253,CUST00011,2024-04-28,1656.63
ORD000955,CUST00042,2024-04-28,3783.58
ORD001230,CUST00054,2024-04-28,2245.04
ORD002136,CUST00092,2024-04-28,3110.37
ORD002961,CUST00148,2024-04-28,1275.72
ORD003149,CUST00163,2024-04-28,2109.87
ORD003182,CUST00165,2024-04-28,1308.26
ORD003379,CUST00179,2024-04-28,2134.32
ORD003499,CUST00187,2024-04-28,1498.14
ORD003550,CUST00191,2024-04-28,1842.11
ORD004404,CUST00253,2024-04-28,998.68
ORD005118,CUST00310,2024-04-28,1209.95
ORD005380,CUST00343,2024-04-28,1118.55
ORD005495,CUST00357,2024-04-28,1395.36
ORD005739,CUST00387,2024-04-28,1374.37
ORD005821,CUST00397,2024-04-28,903.82
ORD006737,CUST00521,2024-04-28,470.37
ORD006893,CUST00541,2024-04-28,1359.73
ORD007304,CUST00595,2024-04-28,1327.43
ORD007784,CUST00665,2024-04-28,1533.5
ORD000089,CUST00004,2024-04-29,1269.41
ORD000544,CUST00023,2024-04-29,3412.6
ORD000805,CUST00035,2024-04-29,3685.86
ORD001334,CUST00058,2024-04-29,1479.68
ORD001567,CUST00068,2024-04-29,3852.86
ORD001877,CUST00081,2024-04-29,3941.15
ORD002842,CUST00139,2024-04-29,1397.33
ORD003112,CUST00160,2024-04-29,1684.91
ORD003136,CUST00162,2024-04-29,1853.06
ORD004030,CUST00226,2024-04-29,926.77
ORD004981,CUST00296,2024-04-29,1104.1
ORD005217,CUST00323,2024-04-29,981.66
ORD005621,CUST00373,2024-04-29,1283.36
ORD006295,CUST00463,2024-04-29,1213.0
ORD006730,CUST00520,2024-04-29,1203.69
ORD007275,CUST00591,2024-04-29,1298.01
ORD007886,CUST00680,2024-04-29,1121.97
ORD000933,CUST00041,2024-04-30,1624.59
ORD001017,CUST00045,2024-04-30,1554.09
ORD001833,CUST00079,2024-04-30,2234.27
ORD002600,CUST00122,2024-04-30,1856.35
ORD002784,CUST00135,2024-04-30,943.19
ORD002991,CUST00151,2024-04-30,2185.43
ORD005470,CUST00354,2024-04-30,1034.29
ORD005756,CUST00389,2024-04-30,701.13
ORD007375,CUST00605,2024-04-30,820.03
ORD008611,CUST00915,2024-04-30,2237.0
ORD000348,CUST00015,2024-05-01,3947.67
ORD002179,CUST00094,2024-05-01,1816.79
ORD002816,CUST00137,2024-05-01,1240.28
ORD004335,CUST00248,2024-05-01,1369.68
ORD005256,CUST00328,2024-05-01,424.0
ORD005453,CUST00352,2024-05-01,1088.83
ORD005974,CUST00418,2024-05-01,816.24
ORD001284,CUST00056,2024-05-02,3515.39
ORD003253,CUST00169,2024-05-02,937.07
ORD003938,CUST00220,2024-05-02,1964.36
ORD004291,CUST00245,2024-05-02,990.66
ORD004777,CUST00280,2024-05-02,1604.48
ORD005853,CUST00402,2024-05-02,1087.77
ORD005865,CUST00403,2024-05-02,1017.16
ORD005872,CUST00404,2024-05-02,500.02
ORD005893,CUST00407,2024-05-02,859.48
ORD006931,CUST00545,2024-05-02,1034.37
ORD008162,CUST00721,2024-05-02,1133.39
ORD000182,CUST00008,2024-05-03,3847.38
ORD000448,CUST00019,2024-05-03,2297.05
ORD000520,CUST00022,2024-05-03,4392.37
ORD000605,CUST00026,2024-05-03,3657.14
ORD001638,CUST00071,2024-05-03,3797.07
ORD002116,CUST00091,2024-05-03,2283.54
ORD002366,CUST00104,2024-05-03,1232.66
ORD002402,CUST00107,2024-05-03,752.73
ORD002971,CUST00149,2024-05-03,1188.07
ORD003453,CUST00184,2024-05-03,1538.92
ORD004047,CUST00227,2024-05-03,1670.64
ORD004446,CUST00256,2024-05-03,2081.78
ORD004491,CUST00259,2024-05-03,1836.43
ORD005326,CUST00337,2024-05-03,843.97
ORD005828,CUST00398,2024-05-03,540.59
ORD006242,CUST00456,2024-05-03,1067.98
ORD007493,CUST00625,2024-05-03,611.48
ORD001186,CUST00052,2024-05-04,2082.17
ORD001810,CUST00078,2024-05-04,3974.11
ORD001853,CUST00080,2024-05-04,2929.59
ORD002285,CUST00099,2024-05-04,2025.47
ORD003094,CUST00159,2024-05-04,1678.1
ORD003366,CUST00178,2024-05-04,1479.43
ORD004194,CUST00238,2024-05-04,1302.7
ORD004590,CUST00265,2024-05-04,952.68
ORD005300,CUST00334,2024-05-04,635.19
ORD005418,CUST00348,2024-05-04,690.66
ORD005533,CUST00362,2024-05-04,1027.32
ORD006064,CUST00431,2024-05-04,1059.23
ORD006341,CUST00470,2024-05-04,888.73
ORD006377,CUST00475,2024-05-04,868.69
ORD006947,CUST00547,2024-05-04,974.74
ORD007212,CUST00582,2024-05-04,942.21
ORD007234,CUST00585,2024-05-04,1470.83
ORD000374,CUST00016,2024-05-05,4327.05
ORD002198,CUST00095,2024-05-05,1923.9
ORD002235,CUST00097,2024-05-05,3063.41
ORD002309,CUST00100,2024-05-05,1595.6
ORD002321,CUST00101,2024-05-05,748.84
ORD002504,CUST00115,2024-05-05,979.94
ORD002827,CUST00138,2024-05-05,1557.05
ORD003683,CUST00201,2024-05-05,921.62
ORD003796,CUST00210,2024-05-05,1600.59
ORD004437,CUST00255,2024-05-05,797.31
ORD004640,CUST00269,2024-05-05,1699.56
ORD004662,CUST00271,2024-05-05,735.54
ORD005368,CUST00342,2024-05-05,1074.69
ORD006098,CUST00435,2024-05-05,471.39
ORD006448,CUST00484,2024-05-05,819.57
ORD006914,CUST00543,2024-05-05,1305.1
ORD007041,CUST00558,2024-05-05,1356.97
ORD000041,CUST00002,2024-05-06,4213.35
ORD000159,CUST00007,2024-05-06,2812.16
ORD000230,CUST00010,2024-05-06,3099.71
ORD001311,CUST00057,2024-05-06,3338.3
ORD001496,CUST00065,2024-05-06,2702.15
ORD001923,CUST00083,2024-05-06,1240.79
ORD002045,CUST00088,2024-05-06,2353.03
ORD002158,CUST00093,2024-05-06,4195.5
ORD002898,CUST00143,2024-05-06,1007.78
ORD003082,CUST00158,2024-05-06,1819.23
ORD003166,CUST00164,2024-05-06,2151.27
ORD003348,CUST00177,2024-05-06,1739.83
ORD004423,CUST00254,2024-05-06,987.52
ORD004699,CUST00274,2024-05-06,1395.48
ORD006683,CUST00513,2024-05-06,1348.82
ORD006717,CUST00518,2024-05-06,1283.51
ORD008305,CUST00740,2024-05-06,1253.05
ORD000132,CUST00006,2024-05-07,2012.51
ORD000827,CUST00036,2024-05-07,2540.49
ORD002218,CUST00096,2024-05-07,3502.22
ORD002858,CUST00140,2024-05-07,1206.91
ORD003290,CUST00172,2024-05-07,2037.73
ORD003645,CUST00198,2024-05-07,1558.81
ORD003697,CUST00202,2024-05-07,1333.03
ORD003806,CUST00211,2024-05-07,1819.66
ORD003833,CUST00213,2024-05-07,2152.09
ORD004267,CUST00243,2024-05-07,816.28
ORD005112,CUST00309,2024-05-07,552.5
ORD005884,CUST00406,2024-05-07,539.3
ORD006181,CUST00448,2024-05-07,718.58
ORD006428,CUST00481,2024-05-07,926.0
ORD006583,CUST00500,2024-05-07,746.29
ORD006744,CUST00522,2024-05-07,1228.31
ORD006881,CUST00539,2024-05-07,608.61
ORD001666,CUST00072,2024-05-08,2173.2
ORD001692,CUST00073,2024-05-08,3790.09
ORD002695,CUST00128,2024-05-08,2064.6
ORD002735,CUST00131,2024-05-08,965.62
ORD003122,CUST00161,2024-05-08,2104.27
ORD003715,CUST00203,2024-05-08,1482.94
ORD004276,CUST00244,2024-05-08,714.04
ORD004869,CUST00288,2024-05-08,1759.78
ORD004886,CUST00289,2024-05-08,807.73
ORD005284,CUST00332,2024-05-08,827.45
ORD005399,CUST00345,2024-05-08,976.51
ORD005986,CUST00420,2024-05-08,1260.29
ORD006414,CUST00479,2024-05-08,1233.6
ORD006615,CUST00504,2024-05-08,1035.98
ORD006662,CUST00510,2024-05-08,412.57
ORD007174,CUST00577,2024-05-08,1319.68
ORD008132,CUST00716,2024-05-08,1522.98
ORD000018,CUST00001,2024-05-09,3192.3
ORD000061,CUST00003,2024-05-09,2322.58
ORD000670,CUST00029,2024-05-09,1576.29
ORD001043,CUST00046,2024-05-09,3477.96
ORD002881,CUST00142,2024-05-09,747.44
ORD002950,CUST00147,2024-05-09,1417.98
ORD003514,CUST00188,2024-05-09,888.02
ORD003606,CUST00195,2024-05-09,1275.44
ORD004102,CUST00231,2024-05-09,1861.24
ORD004143,CUST00234,2024-05-09,1410.03
ORD004619,CUST00267,2024-05-09,881.21
ORD004686,CUST00273,2024-05-09,1871.93
ORD005314,CUST00336,2024-05-09,824.71
ORD005931,CUST00413,2024-05-09,1029.12
ORD006549,CUST00496,2024-05-09,644.73
ORD006874,CUST00538,2024-05-09,963.29
ORD008278,CUST00736,2024-05-09,1298.67
ORD000110,CUST00005,2024-05-10,2662.33
ORD000874,CUST00038,2024-05-10,3943.59
ORD001371,CUST00060,2024-05-10,2648.93
ORD001790,CUST00077,2024-05-10,3052.81
ORD002457,CUST00111,2024-05-10,784.06
ORD002491,CUST00114,2024-05-10,1233.28
ORD004014,CUST00225,2024-05-10,1608.62
ORD004348,CUST00249,2024-05-10,1599.36
ORD007900,CUST00682,2024-05-10,1430.29
ORD000756,CUST00033,2024-05-11,4270.56
ORD001541,CUST00067,2024-05-11,1640.6
ORD002440,CUST00110,2024-05-11,973.61
ORD002982,CUST00150,2024-05-11,1835.62
ORD003564,CUST00192,2024-05-11,1718.7
ORD003849,CUST00214,2024-05-11,947.48
ORD003924,CUST00219,2024-05-11,922.91
ORD004461,CUST00257,2024-05-11,1446.31
ORD004747,CUST00278,2024-05-11,1823.1
ORD005235,CUST00326,2024-05-11,1003.29
ORD005795,CUST00394,2024-05-11,449.9
ORD007099,CUST00566,2024-05-11,1203.07
ORD007220,CUST00583,2024-05-11,819.67
ORD007775,CUST00664,2024-05-11,781.85
ORD008692,CUST00996,2024-05-11,1978.71
ORD000629,CUST00027,2024-05-12,4406.97
ORD000686,CUST00030,2024-05-12,3151.69
ORD001168,CUST00051,2024-05-12,4319.12
ORD001595,CUST00069,2024-05-12,3822.99
ORD001973,CUST00085,2024-05-12,4380.72
ORD002090,CUST00090,2024-05-12,1925.56
ORD002551,CUST00118,2024-05-12,1073.14
ORD003779,CUST00209,2024-05-12,1315.47
ORD003983,CUST00223,2024-05-12,2198.54
ORD004357,CUST00250,2024-05-12,1592.76
ORD004528,CUST00261,2024-05-12,1252.98
ORD005190,CUST00319,2024-05-12,952.15
ORD005279,CUST00331,2024-05-12,1177.78
ORD005762,CUST00390,2024-05-12,1256.27
ORD006387,CUST00476,2024-05-12,1059.37
ORD006606,CUST00503,2024-05-12,439.84
ORD006864,CUST00537,2024-05-12,725.68
ORD007942,CUST00687,2024-05-12,584.73
ORD000587,CUST00025,2024-05-13,2262.97
ORD000734,CUST00032,2024-05-13,3579.9
ORD001122,CUST00049,2024-05-13,3055.87
ORD001719,CUST00074,2024-05-13,1688.0
ORD001898,CUST00082,2024-05-13,2388.71
ORD002411,CUST00108,2024-05-13,1545.98
ORD002704,CUST00129,2024-05-13,1684.35
ORD004370,CUST00251,2024-05-13,921.11
ORD005730,CUST00386,2024-05-13,903.24
ORD005766,CUST00391,2024-05-13,830.72
ORD000477,CUST00020,2024-05-14,4181.3
ORD001149,CUST00050,2024-05-14,3713.38
ORD001260,CUST00055,2024-05-14,2191.44
ORD001447,CUST00063,2024-05-14,2018.95
ORD001621,CUST00070,2024-05-14,1922.07
ORD002475,CUST00113,2024-05-14,1148.22
ORD003397,CUST00180,2024-05-14,2091.72
ORD004080,CUST00229,2024-05-14,1814.05
ORD004709,CUST00275,2024-05-14,1259.72
ORD005038,CUST00300,2024-05-14,1912.52
ORD005635,CUST00375,2024-05-14,531.06
ORD006102,CUST00436,2024-05-14,808.14
ORD006307,CUST00465,2024-05-14,825.15
ORD000207,CUST00009,2024-05-15,3575.19
ORD003236,CUST00168,2024-05-15,2165.19
ORD003305,CUST00173,2024-05-15,723.9
ORD003314,CUST00174,2024-05-15,702.05
ORD003485,CUST00186,2024-05-15,1967.49
ORD003955,CUST00221,2024-05-15,1154.2
ORD004671,CUST00272,2024-05-15,709.06
ORD005403,CUST00346,2024-05-15,656.03
ORD005629,CUST00374,2024-05-15,852.79
ORD005658,CUST00378,2024-05-15,659.69
ORD007643,CUST00644,2024-05-15,1731.53
ORD000707,CUST00031,2024-05-16,2304.34
ORD000784,CUST00034,2024-05-16,1423.34
ORD000976,CUST00043,2024-05-16,4359.21
ORD001231,CUST00054,2024-05-16,1502.02
ORD001395,CUST00061,2024-05-16,2700.5
ORD001476,CUST00064,2024-05-16,3135.24
ORD001765,CUST00076,2024-05-16,4246.14
ORD001834,CUST00079,2024-05-16,1215.55
ORD001950,CUST00084,2024-05-16,3055.7
ORD002068,CUST00089,2024-05-16,3957.69
ORD002351,CUST00103,2024-05-16,1543.21
ORD002619,CUST00123,2024-05-16,1817.97
ORD002722,CUST00130,2024-05-16,1731.07
ORD003630,CUST00197,2024-05-16,1217.71
ORD003659,CUST00199,2024-05-16,837.94
ORD004825,CUST00284,2024-05-16,743.83
ORD004835,CUST00285,2024-05-16,2097.67
ORD005062,CUST00303,2024-05-16,1250.78
ORD006256,CUST00458,2024-05-16,1001.06
ORD006623,CUST00505,2024-05-16,1088.99
ORD007067,CUST00561,2024-05-16,1499.06
ORD000306,CUST00013,2024-05-17,2326.06
ORD000649,CUST00028,2024-05-17,2282.8
ORD000848,CUST00037,2024-05-17,1860.59
ORD001878,CUST00081,2024-05-17,2888.23
ORD002655,CUST00125,2024-05-17,1742.61
ORD003219,CUST00167,2024-05-17,821.08
ORD004804,CUST00282,2024-05-17,1426.8
ORD005774,CUST00392,2024-05-17,748.85
ORD006904,CUST00542,2024-05-17,698.86
ORD007655,CUST00646,2024-05-17,866.47
ORD007975,CUST00692,2024-05-17,841.21
ORD000934,CUST00041,2024-05-18,2499.88
ORD001335,CUST00058,2024-05-18,2233.51
ORD001568,CUST00068,2024-05-18,1600.8
ORD001994,CUST00086,2024-05-18,4418.09
ORD003736,CUST00205,2024-05-18,1162.26
ORD005156,CUST00314,2024-05-18,1217.41
ORD006161,CUST00445,2024-05-18,507.77
ORD006831,CUST00534,2024-05-18,1119.98
ORD007324,CUST00598,2024-05-18,1082.32
ORD000891,CUST00039,2024-05-19,2574.74
ORD003202,CUST00166,2024-05-19,1339.32
ORD003908,CUST00218,2024-05-19,1251.19
ORD004115,CUST00232,2024-05-19,1499.93
ORD004304,CUST00246,2024-05-19,2106.84
ORD004650,CUST00270,2024-05-19,819.08
ORD004792,CUST00281,2024-05-19,1495.94
ORD005607,CUST00371,2024-05-19,514.65
ORD005665,CUST00379,2024-05-19,860.69
ORD005962,CUST00416,2024-05-19,1053.23
ORD000254,CUST00011,2024-05-20,2464.02
ORD000806,CUST00035,2024-05-20,2144.17
ORD002572,CUST00120,2024-05-20,1378.61
ORD002586,CUST00121,2024-05-20,1097.48
ORD002758,CUST00133,2024-05-20,1141.63
ORD003043,CUST00155,2024-05-20,716.18
ORD005408,CUST00347,2024-05-20,1257.0
ORD006031,CUST00426,2024-05-20,670.3
ORD006056,CUST00430,2024-05-20,867.33
ORD006074,CUST00432,2024-05-20,979.57
ORD000502,CUST00021,2024-05-21,4054.72
ORD001211,CUST00053,2024-05-21,2294.71
ORD004174,CUST00236,2024-05-21,2137.12
ORD004631,CUST00268,2024-05-21,2185.8
ORD004719,CUST00276,2024-05-21,1732.73
ORD004760,CUST00279,2024-05-21,1001.41
ORD004926,CUST00292,2024-05-21,1580.28
ORD005146,CUST00313,2024-05-21,1261.97
ORD006118,CUST00439,2024-05-21,1030.32
ORD006231,CUST00454,2024-05-21,1350.83
ORD006499,CUST00491,2024-05-21,968.71
ORD007260,CUST00589,2024-05-21,858.92
ORD000160,CUST00007,2024-05-22,1504.58
ORD000567,CUST00024,2024-05-22,1209.36
ORD001096,CUST00048,2024-05-22,3229.25
ORD002310,CUST00100,2024-05-22,3430.18
ORD003334,CUST00176,2024-05-22,2108.72
ORD004161,CUST00235,2024-05-22,1559.59
ORD004510,CUST00260,2024-05-22,2191.39
ORD005676,CUST00380,2024-05-22,958.52
ORD006491,CUST00490,2024-05-22,1097.56
ORD006558,CUST00497,2024-05-22,528.5
ORD000276,CUST00012,2024-05-23,1799.71
ORD000910,CUST00040,2024-05-23,2019.29
ORD000999,CUST00044,2024-05-23,2289.97
ORD001067,CUST00047,2024-05-23,1390.53
ORD002769,CUST00134,2024-05-23,2043.69
ORD003725,CUST00204,2024-05-23,860.22
ORD004247,CUST00241,2024-05-23,1945.75
ORD004946,CUST00294,2024-05-23,969.91
ORD004995,CUST00297,2024-05-23,1109.88
ORD005443,CUST00351,2024-05-23,805.07
ORD006237,CUST00455,2024-05-23,780.29
ORD006753,CUST00523,2024-05-23,812.89
ORD007229,CUST00584,2024-05-23,1038.88
ORD000423,CUST00018,2024-05-24,1632.34
ORD001352,CUST00059,2024-05-24,3459.5
ORD001745,CUST00075,2024-05-24,4032.17
ORD003019,CUST00153,2024-05-24,1381.59
ORD003263,CUST00170,2024-05-24,1263.3
ORD003768,CUST00208,2024-05-24,1742.82
ORD003868,CUST00215,2024-05-24,1109.19
ORD004091,CUST00230,2024-05-24,1152.3
ORD004847,CUST00286,2024-05-24,2113.01
ORD005514,CUST00359,2024-05-24,1309.34
ORD005540,CUST00363,2024-05-24,1320.59
ORD005617,CUST00372,2024-05-24,466.24
ORD005912,CUST00410,2024-05-24,1195.6
ORD006036,CUST00427,2024-05-24,444.42
ORD006112,CUST00438,2024-05-24,778.84
ORD008659,CUST00963,2024-05-24,1904.37
ORD000019,CUST00001,2024-05-25,3608.11
ORD000183,CUST00008,2024-05-25,2080.46
ORD000349,CUST00015,2024-05-25,1950.69
ORD000400,CUST00017,2024-05-25,3137.51
ORD001018,CUST00045,2024-05-25,2139.05
ORD001639,CUST00071,2024-05-25,3396.25
ORD002929,CUST00145,2024-05-25,1644.21
ORD003068,CUST00157,2024-05-25,1899.06
ORD003594,CUST00194,2024-05-25,1190.43
ORD004572,CUST00264,2024-05-25,1459.1
ORD005427,CUST00349,2024-05-25,801.52
ORD005641,CUST00376,2024-05-25,701.0
ORD005970,CUST00417,2024-05-25,1205.66
ORD006651,CUST00509,2024-05-25,529.77
ORD006819,CUST00533,2024-05-25,607.73
ORD007330,CUST00599,2024-05-25,1777.05
ORD007345,CUST00601,2024-05-25,1501.96
ORD000375,CUST00016,2024-05-26,3264.2
ORD001312,CUST00057,2024-05-26,4268.74
ORD002392,CUST00106,2024-05-26,1522.65
ORD002637,CUST00124,2024-05-26,1932.38
ORD003422,CUST00182,2024-05-26,1176.64
ORD003672,CUST00200,2024-05-26,727.9
ORD004904,CUST00290,2024-05-26,1719.17
ORD004937,CUST00293,2024-05-26,1534.09
ORD005166,CUST00316,2024-05-26,1375.13
ORD005477,CUST00355,2024-05-26,1371.74
ORD006563,CUST00498,2024-05-26,934.12
ORD000521,CUST00022,2024-05-27,3663.65
ORD001974,CUST00085,2024-05-27,2950.2
ORD002046,CUST00088,2024-05-27,3389.0
ORD002117,CUST00091,2024-05-27,3488.41
ORD002180,CUST00094,2024-05-27,3186.67
ORD002259,CUST00098,2024-05-27,1389.63
ORD002670,CUST00126,2024-05-27,849.41
ORD002817,CUST00137,2024-05-27,839.69
ORD003254,CUST00169,2024-05-27,1427.59
ORD003745,CUST00206,2024-05-27,883.08
ORD004064,CUST00228,2024-05-27,1242.66
ORD004186,CUST00237,2024-05-27,1453.96
ORD005265,CUST00329,2024-05-27,733.72
ORD005273,CUST00330,2024-05-27,748.39
ORD005551,CUST00364,2024-05-27,482.96
ORD005562,CUST00365,2024-05-27,476.31
ORD005584,CUST00367,2024-05-27,748.55
ORD005847,CUST00401,2024-05-27,1140.42
ORD006149,CUST00444,2024-05-27,818.63
ORD006479,CUST00488,2024-05-27,860.35
ORD006516,CUST00493,2024-05-27,558.75
ORD007313,CUST00596,2024-05-27,1308.71
ORD007802,CUST00667,2024-05-27,1695.23
ORD008632,CUST00936,2024-05-27,2126.91
ORD008652,CUST00956,2024-05-27,2013.61
ORD001169,CUST00051,2024-05-28,3722.32
ORD001372,CUST00060,2024-05-28,3759.58
ORD002562,CUST00119,2024-05-28,1364.52
ORD003822,CUST00212,2024-05-28,1804.16
ORD003939,CUST00220,2024-05-28,824.94
ORD004729,CUST00277,2024-05-28,1071.12
ORD005349,CUST00340,2024-05-28,669.92
ORD005485,CUST00356,2024-05-28,1228.19
ORD005903,CUST00409,2024-05-28,988.85
ORD006093,CUST00434,2024-05-28,509.16
ORD006264,CUST00459,2024-05-28,798.68
ORD006302,CUST00464,2024-05-28,1230.25
ORD000606,CUST00026,2024-05-29,3878.84
ORD000630,CUST00027,2024-05-29,3662.17
ORD000735,CUST00032,2024-05-29,2555.83
ORD001519,CUST00066,2024-05-29,3788.87
ORD002334,CUST00102,2024-05-29,1335.91
ORD002519,CUST00116,2024-05-29,1281.24
ORD002785,CUST00135,2024-05-29,968.3
ORD003183,CUST00165,2024-05-29,1910.66
ORD003880,CUST00216,2024-05-29,930.66
ORD004336,CUST00248,2024-05-29,828.3
ORD004557,CUST00263,2024-05-29,2066.25
ORD005206,CUST00321,2024-05-29,1223.93
ORD005464,CUST00353,2024-05-29,1333.82
ORD005724,CUST00385,2024-05-29,619.89
ORD006632,CUST00506,2024-05-29,1149.27
ORD006790,CUST00528,2024-05-29,1068.74
ORD000326,CUST00014,2024-05-30,3513.91
ORD000478,CUST00020,2024-05-30,2270.44
ORD002382,CUST00105,2024-05-30,2108.15
ORD003137,CUST00162,2024-05-30,1620.95
ORD004195,CUST00238,2024-05-30,1437.21
ORD005880,CUST00405,2024-05-30,702.76
ORD006676,CUST00512,2024-05-30,566.73
ORD000090,CUST00004,2024-05-31,1959.38
ORD000545,CUST00023,2024-05-31,2583.12
ORD000956,CUST00042,2024-05-31,3106.19
ORD001187,CUST00052,2024-05-31,1460.76
ORD001766,CUST00076,2024-05-31,1998.4
ORD002137,CUST00092,2024-05-31,1902.11
ORD002972,CUST00149,2024-05-31,1933.03
ORD003281,CUST00171,2024-05-31,2155.2
ORD004258,CUST00242,2024-05-31,723.81
ORD005507,CUST00358,2024-05-31,1367.62
ORD007553,CUST00632,2024-05-31,1544.09
ORD000588,CUST00025,2024-06-01,1416.75
ORD000650,CUST00028,2024-06-01,2841.37
ORD001418,CUST00062,2024-06-01,1746.23
ORD001497,CUST00065,2024-06-01,1382.95
ORD001854,CUST00080,2024-06-01,4130.31
ORD002022,CUST00087,2024-06-01,3525.28
ORD002159,CUST00093,2024-06-01,2480.71
ORD002802,CUST00136,2024-06-01,1536.32
ORD002899,CUST00143,2024-06-01,1389.05
ORD004268,CUST00243,2024-06-01,2038.86
ORD004405,CUST00253,2024-06-01,961.22
ORD004641,CUST00269,2024-06-01,1202.66
ORD005519,CUST00360,2024-06-01,999.95
ORD005701,CUST00383,2024-06-01,587.03
ORD005994,CUST00421,2024-06-01,751.79
ORD006722,CUST00519,2024-06-01,1337.14
ORD006779,CUST00526,2024-06-01,764.16
ORD008672,CUST00976,2024-06-01,461.7
ORD000062,CUST00003,2024-06-02,2634.73
ORD000231,CUST00010,2024-06-02,2831.44
ORD001667,CUST00072,2024-06-02,2061.72
ORD002199,CUST00095,2024-06-02,3182.77
ORD002286,CUST00099,2024-06-02,4387.98
ORD002537,CUST00117,2024-06-02,2092.61
ORD002686,CUST00127,2024-06-02,1532.41
ORD002962,CUST00148,2024-06-02,1012.36
ORD003007,CUST00152,2024-06-02,2086.72
ORD003029,CUST00154,2024-06-02,1252.87
ORD003438,CUST00183,2024-06-02,1596.9
ORD003551,CUST00191,2024-06-02,885.42
ORD004964,CUST00295,2024-06-02,1609.26
ORD005135,CUST00312,2024-06-02,818.07
ORD005922,CUST00412,2024-06-02,1098.73
ORD001285,CUST00056,2024-06-03,3159.61
ORD001569,CUST00068,2024-06-03,3940.23
ORD002918,CUST00144,2024-06-03,1177.73
ORD003526,CUST00189,2024-06-03,885.69
ORD003684,CUST00201,2024-06-03,1819.65
ORD003797,CUST00210,2024-06-03,833.59
ORD003973,CUST00222,2024-06-03,2145.8
ORD004479,CUST00258,2024-06-03,2068.57
ORD005097,CUST00307,2024-06-03,950.12
ORD006637,CUST00507,2024-06-03,1365.16
ORD006711,CUST00517,2024-06-03,970.58
ORD000449,CUST00019,2024-06-04,2444.79
ORD002219,CUST00096,2024-06-04,1957.3
ORD002467,CUST00112,2024-06-04,1856.49
ORD002872,CUST00141,2024-06-04,1893.67
ORD004389,CUST00252,2024-06-04,763.29
ORD004603,CUST00266,2024-06-04,1266.09
ORD005804,CUST00395,2024-06-04,873.18
ORD005812,CUST00396,2024-06-04,539.18
ORD006320,CUST00467,2024-06-04,508.3
ORD006801,CUST00530,2024-06-04,1064.24
ORD006854,CUST00536,2024-06-04,1162.85
ORD006923,CUST00544,2024-06-04,1206.06
ORD007718,CUST00656,2024-06-04,1483.44
ORD008058,CUST00705,2024-06-04,911.73
ORD008192,CUST00724,2024-06-04,531.38
ORD000807,CUST00035,2024-06-05,4057.13
ORD000849,CUST00037,2024-06-05,4014.33
ORD001811,CUST00078,2024-06-05,1797.75
ORD002431,CUST00109,2024-06-05,1668.99
ORD002601,CUST00122,2024-06-05,2019.69
ORD002940,CUST00146,2024-06-05,1666.63
ORD004687,CUST00273,2024-06-05,2126.52
ORD005011,CUST00298,2024-06-05,2152.0
ORD005343,CUST00339,2024-06-05,1375.99
ORD005388,CUST00344,2024-06-05,1174.18
ORD006011,CUST00423,2024-06-05,605.86
ORD006198,CUST00450,2024-06-05,1359.86
ORD006443,CUST00483,2024-06-05,1207.43
ORD006807,CUST00531,2024-06-05,846.63
ORD008690,CUST00994,2024-06-05,1259.73
ORD000503,CUST00021,2024-06-06,4205.04
ORD001097,CUST00048,2024-06-06,1994.2
ORD001924,CUST00083,2024-06-06,3732.84
ORD002069,CUST00089,2024-06-06,2974.59
ORD003053,CUST00156,2024-06-06,953.62
ORD003095,CUST00159,2024-06-06,1202.45
ORD004529,CUST00261,2024-06-06,957.74
ORD004916,CUST00291,2024-06-06,1263.06
ORD006363,CUST00473,2024-06-06,604.46
ORD006573,CUST00499,2024-06-06,587.97
ORD006783,CUST00527,2024-06-06,1043.85
ORD006937,CUST00546,2024-06-06,1010.03
ORD000687,CUST00030,2024-06-07,2874.21
ORD000828,CUST00036,2024-06-07,3843.62
ORD001542,CUST00067,2024-06-07,1446.94
ORD001693,CUST00073,2024-06-07,2814.02
ORD001899,CUST00082,2024-06-07,2605.78
ORD001995,CUST00086,2024-06-07,2862.85
ORD003150,CUST00163,2024-06-07,1417.21
ORD003325,CUST00175,2024-06-07,1245.99
ORD003515,CUST00188,2024-06-07,2171.66
ORD003893,CUST00217,2024-06-07,783.3
ORD003984,CUST00223,2024-06-07,1431.24
ORD004015,CUST00225,2024-06-07,1890.22
ORD004048,CUST00227,2024-06-07,1928.74
ORD004545,CUST00262,2024-06-07,1070.26
ORD005589,CUST00368,2024-06-07,597.88
ORD006464,CUST00486,2024-06-07,483.97
ORD006812,CUST00532,2024-06-07,1117.38
ORD000042,CUST00002,2024-06-08,4092.01
ORD000208,CUST00009,2024-06-08,2873.5
ORD000255,CUST00011,2024-06-08,3531.18
ORD000757,CUST00033,2024-06-08,1375.75
ORD000977,CUST00043,2024-06-08,3041.69
ORD001150,CUST00050,2024-06-08,4217.29
ORD001596,CUST00069,2024-06-08,3780.32
ORD001835,CUST00079,2024-06-08,1890.96
ORD002091,CUST00090,2024-06-08,3829.34
ORD002236,CUST00097,2024-06-08,2109.35
ORD002403,CUST00107,2024-06-08,1990.55
ORD002492,CUST00114,2024-06-08,1751.99
ORD003367,CUST00178,2024-06-08,1317.54
ORD003622,CUST00196,2024-06-08,1714.73
ORD004358,CUST00250,2024-06-08,1589.33
ORD005039,CUST00300,2024-06-08,2143.25
ORD005229,CUST00325,2024-06-08,1007.82
ORD006220,CUST00453,2024-06-08,1194.2
ORD006507,CUST00492,2024-06-08,618.25
ORD000401,CUST00017,2024-06-09,4498.59
ORD000671,CUST00029,2024-06-09,1839.88
ORD001212,CUST00053,2024-06-09,3808.64
ORD001232,CUST00054,2024-06-09,2667.63
ORD001336,CUST00058,2024-06-09,2207.75
ORD003500,CUST00187,2024-06-09,1753.4
ORD003925,CUST00219,2024-06-09,1726.47
ORD004131,CUST00233,2024-06-09,1538.45
ORD004620,CUST00267,2024-06-09,858.83
ORD006209,CUST00452,2024-06-09,1264.5
ORD006690,CUST00514,2024-06-09,1151.28
ORD006796,CUST00529,2024-06-09,859.32
ORD000133,CUST00006,2024-06-10,1331.15
ORD000568,CUST00024,2024-06-10,4458.84
ORD000708,CUST00031,2024-06-10,1511.87
ORD000875,CUST00038,2024-06-10,1704.95
ORD001123,CUST00049,2024-06-10,3039.05
ORD002322,CUST00101,2024-06-10,1290.58
ORD002505,CUST00115,2024-06-10,1185.52
ORD003565,CUST00192,2024-06-10,719.18
ORD004861,CUST00287,2024-06-10,2114.33
ORD005028,CUST00299,2024-06-10,2022.08
ORD005211,CUST00322,2024-06-10,1122.6
ORD005310,CUST00335,2024-06-10,455.87
ORD006328,CUST00468,2024-06-10,1264.83
ORD006977,CUST00550,2024-06-10,990.22
ORD000111,CUST00005,2024-06-11,1523.1
ORD001746,CUST00075,2024-06-11,4409.24
ORD003220,CUST00167,2024-06-11,969.12
ORD003380,CUST00179,2024-06-11,2086.2
ORD003454,CUST00184,2024-06-11,1036.78
ORD004001,CUST00224,2024-06-11,1208.73
ORD004214,CUST00239,2024-06-11,1595.51
ORD004321,CUST00247,2024-06-11,1074.98
ORD005079,CUST00305,2024-06-11,810.72
ORD005740,CUST00387,2024-06-11,570.73
ORD000184,CUST00008,2024-06-12,2462.39
ORD000911,CUST00040,2024-06-12,3884.48
ORD000935,CUST00041,2024-06-12,3040.85
ORD001975,CUST00085,2024-06-12,3025.65
ORD002696,CUST00128,2024-06-12,1373.75
ORD002746,CUST00132,2024-06-12,1756.17
ORD002992,CUST00151,2024-06-12,712.18
ORD003398,CUST00180,2024-06-12,706.44
ORD004424,CUST00254,2024-06-12,1741.53
ORD005196,CUST00320,2024-06-12,1380.02
ORD005594,CUST00369,2024-06-12,887.83
ORD006000,CUST00422,2024-06-12,968.05
ORD006023,CUST00425,2024-06-12,1312.05
ORD006141,CUST00443,2024-06-12,1005.55
ORD006889,CUST00540,2024-06-12,560.42
ORD007305,CUST00595,2024-06-12,736.32
ORD001044,CUST00046,2024-06-13,4223.23
ORD001791,CUST00077,2024-06-13,3209.87
ORD003607,CUST00195,2024-06-13,1979.31
ORD003807,CUST00211,2024-06-13,895.3
ORD004462,CUST00257,2024-06-13,1273.56
ORD004982,CUST00296,2024-06-13,1745.2
ORD005301,CUST00334,2024-06-13,603.28
ORD005496,CUST00357,2024-06-13,489.64
ORD005747,CUST00388,2024-06-13,1235.36
ORD006192,CUST00449,2024-06-13,1388.81
ORD006948,CUST00547,2024-06-13,1023.69
ORD006955,CUST00548,2024-06-13,1221.52
ORD000307,CUST00013,2024-06-14,3913.69
ORD000350,CUST00015,2024-06-14,2197.48
ORD001622,CUST00070,2024-06-14,2777.36
ORD001640,CUST00071,2024-06-14,2448.67
ORD002181,CUST00094,2024-06-14,3381.66
ORD002441,CUST00110,2024-06-14,865.53
ORD003469,CUST00185,2024-06-14,879.38
ORD003582,CUST00193,2024-06-14,1300.35
ORD004700,CUST00274,2024-06-14,1124.84
ORD005335,CUST00338,2024-06-14,1319.15
ORD006590,CUST00501,2024-06-14,801.7
ORD007083,CUST00563,2024-06-14,607.86
ORD007982,CUST00693,2024-06-14,665.52
ORD000277,CUST00012,2024-06-15,2451.04
ORD000479,CUST00020,2024-06-15,2168.11
ORD001396,CUST00061,2024-06-15,2280.05
ORD002118,CUST00091,2024-06-15,3066.32
ORD004031,CUST00226,2024-06-15,2010.54
ORD004438,CUST00255,2024-06-15,1282.17
ORD004447,CUST00256,2024-06-15,1674.61
ORD005361,CUST00341,2024-06-15,883.81
ORD005691,CUST00382,2024-06-15,785.58
ORD006395,CUST00477,2024-06-15,677.24
ORD006421,CUST00480,2024-06-15,1255.37
ORD006703,CUST00516,2024-06-15,1162.93
ORD006966,CUST00549,2024-06-15,608.81
ORD007725,CUST00657,2024-06-15,968.41
ORD000785,CUST00034,2024-06-16,2995.47
ORD000957,CUST00042,2024-06-16,3125.63
ORD001720,CUST00074,2024-06-16,2051.02
ORD002138,CUST00092,2024-06-16,3020.26
ORD002260,CUST00098,2024-06-16,3312.96
ORD002882,CUST00142,2024-06-16,830.2
ORD004371,CUST00251,2024-06-16,1604.99
ORD004813,CUST00283,2024-06-16,1557.84
ORD005174,CUST00317,2024-06-16,445.45
ORD005222,CUST00324,2024-06-16,581.51
ORD005529,CUST00361,2024-06-16,630.97
ORD005713,CUST00384,2024-06-16,576.65
ORD005950,CUST00415,2024-06-16,730.92
ORD006429,CUST00481,2024-06-16,986.19
ORD006695,CUST00515,2024-06-16,1161.75
ORD000424,CUST00018,2024-06-17,2645.78
ORD001261,CUST00055,2024-06-17,4326.02
ORD001313,CUST00057,2024-06-17,2902.78
ORD001448,CUST00063,2024-06-17,3180.03
ORD003406,CUST00181,2024-06-17,2083.44
ORD004651,CUST00270,2024-06-17,1261.79
ORD004870,CUST00288,2024-06-17,1646.62
ORD005437,CUST00350,2024-06-17,1189.56
ORD005981,CUST00419,2024-06-17,877.59
ORD006644,CUST00508,2024-06-17,674.79
ORD007120,CUST00570,2024-06-17,1461.55
ORD007175,CUST00577,2024-06-17,628.45
ORD008133,CUST00716,2024-06-17,1612.03
ORD000376,CUST00016,2024-06-18,3379.41
ORD002367,CUST00104,2024-06-18,1465.67
ORD002843,CUST00139,2024-06-18,876.89
ORD003834,CUST00213,2024-06-18,761.69
ORD004228,CUST00240,2024-06-18,1653.7
ORD005572,CUST00366,2024-06-18,946.48
ORD005854,CUST00402,2024-06-18,467.14
ORD006165,CUST00446,2024-06-18,1140.7
ORD006483,CUST00489,2024-06-18,1147.41
ORD007785,CUST00665,2024-06-18,1614.57
ORD000161,CUST00007,2024-06-19,3936.85
ORD000546,CUST00023,2024-06-19,4121.87
ORD000631,CUST00027,2024-06-19,2441.44
ORD001373,CUST00060,2024-06-19,1892.6
ORD002476,CUST00113,2024-06-19,2031.28
ORD002828,CUST00138,2024-06-19,1493.42
ORD003113,CUST00160,2024-06-19,1025.24
ORD003291,CUST00172,2024-06-19,2119.38
ORD003540,CUST00190,2024-06-19,1831.03
ORD003909,CUST00218,2024-06-19,1434.43
ORD004092,CUST00230,2024-06-19,1506.15
ORD004292,CUST00245,2024-06-19,1548.56
ORD004591,CUST00265,2024-06-19,1845.38
ORD006406,CUST00478,2024-06-19,727.09
ORD000736,CUST00032,2024-06-20,4399.64
ORD001286,CUST00056,2024-06-20,1560.92
ORD001477,CUST00064,2024-06-20,3447.48
ORD001668,CUST00072,2024-06-20,1444.86
ORD001855,CUST00080,2024-06-20,2331.02
ORD001879,CUST00081,2024-06-20,1588.52
ORD001951,CUST00084,2024-06-20,3415.87
ORD002393,CUST00106,2024-06-20,1856.4
ORD004492,CUST00259,2024-06-20,1921.6
ORD005181,CUST00318,2024-06-20,790.25
ORD005454,CUST00352,2024-06-20,1365.59
ORD006051,CUST00429,2024-06-20,1332.47
ORD007376,CUST00605,2024-06-20,835.64
ORD000522,CUST00022,2024-06-21,3853.97
ORD001068,CUST00047,2024-06-21,3420.13
ORD001353,CUST00059,2024-06-21,3543.47
ORD002047,CUST00088,2024-06-21,2390.63
ORD002311,CUST00100,2024-06-21,3225.63
ORD002723,CUST00130,2024-06-21,819.21
ORD003167,CUST00164,2024-06-21,986.5
ORD003631,CUST00197,2024-06-21,1317.89
ORD003759,CUST00207,2024-06-21,1437.54
ORD004065,CUST00228,2024-06-21,1363.87
ORD004187,CUST00237,2024-06-21,880.42
ORD005101,CUST00308,2024-06-21,1323.56
ORD005315,CUST00336,2024-06-21,1101.4
ORD005833,CUST00399,2024-06-21,1245.11
ORD006357,CUST00472,2024-06-21,517.58
ORD006449,CUST00484,2024-06-21,456.05
ORD008653,CUST00957,2024-06-21,323.48
ORD008694,CUST00998,2024-06-21,938.88
ORD000091,CUST00004,2024-06-22,1223.73
ORD000327,CUST00014,2024-06-22,3034.11
ORD001000,CUST00044,2024-06-22,1531.8
ORD002859,CUST00140,2024-06-22,1418.66
ORD003123,CUST00161,2024-06-22,1380.17
ORD005293,CUST00333,2024-06-22,818.66
ORD005600,CUST00370,2024-06-22,1219.34
ORD006135,CUST00442,2024-06-22,1005.22
ORD006272,CUST00460,2024-06-22,1010.75
ORD006527,CUST00494,2024-06-22,1000.94
ORD006538,CUST00495,2024-06-22,1151.85
ORD006684,CUST00513,2024-06-22,496.98
ORD000892,CUST00039,2024-06-23,1299.94
ORD001098,CUST00048,2024-06-23,1532.96
ORD001812,CUST00078,2024-06-23,2753.58
ORD002412,CUST00108,2024-06-23,1659.68
ORD003726,CUST00204,2024-06-23,2154.89
ORD004710,CUST00275,2024-06-23,1161.72
ORD005419,CUST00348,2024-06-23,970.13
ORD005898,CUST00408,2024-06-23,776.52
ORD006289,CUST00462,2024-06-23,502.52
ORD006378,CUST00475,2024-06-23,466.77
ORD006669,CUST00511,2024-06-23,1367.72
ORD000232,CUST00010,2024-06-24,1686.99
ORD000589,CUST00025,2024-06-24,3260.25
ORD003083,CUST00158,2024-06-24,2083.69
ORD003255,CUST00169,2024-06-24,806.29
ORD004337,CUST00248,2024-06-24,2075.07
ORD005941,CUST00414,2024-06-24,900.85
ORD006315,CUST00466,2024-06-24,1307.67
ORD000256,CUST00011,2024-06-25,2569.06
ORD001170,CUST00051,2024-06-25,1653.72
ORD001570,CUST00068,2024-06-25,1631.36
ORD001900,CUST00082,2024-06-25,1513.49
ORD002705,CUST00129,2024-06-25,2075.67
ORD003264,CUST00170,2024-06-25,810.29
ORD003881,CUST00216,2024-06-25,1390.35
ORD004277,CUST00244,2024-06-25,729.67
ORD004349,CUST00249,2024-06-25,1636.01
ORD004887,CUST00289,2024-06-25,1124.56
ORD004905,CUST00290,2024-06-25,2088.98
ORD006388,CUST00476,2024-06-25,992.64
ORD008608,CUST00912,2024-06-25,2258.45
ORD008609,CUST00913,2024-06-25,875.54
ORD008620,CUST00924,2024-06-25,770.52
ORD000020,CUST00001,2024-06-26,1611.93
ORD001213,CUST00053,2024-06-26,2852.62
ORD002552,CUST00118,2024-06-26,2121.26
ORD002983,CUST00150,2024-06-26,923.82
ORD003646,CUST00198,2024-06-26,1432.54
ORD004103,CUST00231,2024-06-26,1334.12
ORD004144,CUST00234,2024-06-26,935.26
ORD004663,CUST00271,2024-06-26,1799.31
ORD004778,CUST00280,2024-06-26,1842.05
ORD008668,CUST00972,2024-06-26,1054.49
ORD000134,CUST00006,2024-06-27,2583.44
ORD000829,CUST00036,2024-06-27,4344.21
ORD001188,CUST00052,2024-06-27,2714.69
ORD002620,CUST00123,2024-06-27,1298.79
ORD003138,CUST00162,2024-06-27,2068.91
ORD005048,CUST00301,2024-06-27,1102.59
ORD005087,CUST00306,2024-06-27,561.83
ORD006182,CUST00448,2024-06-27,1353.51
ORD000185,CUST00008,2024-06-28,4033.36
ORD001419,CUST00062,2024-06-28,3264.49
ORD001836,CUST00079,2024-06-28,3101.72
ORD002352,CUST00103,2024-06-28,771.56
ORD002458,CUST00111,2024-06-28,1288.63
ORD003044,CUST00155,2024-06-28,1468.99
ORD003237,CUST00168,2024-06-28,1242.85
ORD003595,CUST00194,2024-06-28,1632.95
ORD003716,CUST00203,2024-06-28,1570.63
ORD003850,CUST00214,2024-06-28,2191.85
ORD004480,CUST00258,2024-06-28,1855.11
ORD004558,CUST00263,2024-06-28,1747.78
ORD005245,CUST00327,2024-06-28,484.97
ORD005796,CUST00394,2024-06-28,750.22
ORD006252,CUST00457,2024-06-28,513.54
ORD000450,CUST00019,2024-06-29,4069.69
ORD000651,CUST00028,2024-06-29,1779.79
ORD001019,CUST00045,2024-06-29,2992.89
ORD001124,CUST00049,2024-06-29,2481.78
ORD001337,CUST00058,2024-06-29,2431.91
ORD003315,CUST00174,2024-06-29,806.05
ORD003698,CUST00202,2024-06-29,755.51
ORD005162,CUST00315,2024-06-29,553.67
ORD005534,CUST00362,2024-06-29,1237.34
ORD005653,CUST00377,2024-06-29,835.68
ORD006731,CUST00520,2024-06-29,1272.09
ORD000607,CUST00026,2024-06-30,1397.94
ORD000808,CUST00035,2024-06-30,2101.61
ORD000876,CUST00038,2024-06-30,1734.49
ORD000978,CUST00043,2024-06-30,4306.9
ORD001397,CUST00061,2024-06-30,4067.4
ORD001694,CUST00073,2024-06-30,1500.75
ORD001767,CUST00076,2024-06-30,3160.34
ORD002160,CUST00093,2024-06-30,4109.12
ORD002818,CUST00137,2024-06-30,1184.23
ORD002951,CUST00147,2024-06-30,956.2
ORD002973,CUST00149,2024-06-30,1162.05
ORD003306,CUST00173,2024-06-30,1157.25
ORD003349,CUST00177,2024-06-30,2024.7
ORD003552,CUST00191,2024-06-30,1479.59
ORD003823,CUST00212,2024-06-30,809.58
ORD005280,CUST00331,2024-06-30,720.26
ORD005757,CUST00389,2024-06-30,1291.37
ORD005963,CUST00416,2024-06-30,738.05
ORD000063,CUST00003,2024-07-01,1210.71
ORD000688,CUST00030,2024-07-01,2723.75
ORD002671,CUST00126,2024-07-01,1426.99
ORD002873,CUST00141,2024-07-01,2154.42
ORD003020,CUST00153,2024-07-01,1528.08
ORD003439,CUST00183,2024-07-01,1011.68
ORD005191,CUST00319,2024-07-01,623.93
ORD005829,CUST00398,2024-07-01,1186.63
ORD006334,CUST00469,2024-07-01,893.42
ORD000308,CUST00013,2024-07-02,2630.63
ORD000402,CUST00017,2024-07-02,3101.62
ORD001233,CUST00054,2024-07-02,1537.36
ORD001520,CUST00066,2024-07-02,2000.53
ORD002656,CUST00125,2024-07-02,727.58
ORD002736,CUST00131,2024-07-02,2178.44
ORD002919,CUST00144,2024-07-02,2114.92
ORD003054,CUST00156,2024-07-02,1684.48
ORD003737,CUST00205,2024-07-02,2150.21
ORD004116,CUST00232,2024-07-02,1050.76
ORD005063,CUST00303,2024-07-02,690.06
ORD006296,CUST00463,2024-07-02,1055.28
ORD006349,CUST00471,2024-07-02,413.62
ORD006600,CUST00502,2024-07-02,480.01
ORD008676,CUST00980,2024-07-02,2369.47
ORD000043,CUST00002,2024-07-03,1901.67
ORD001721,CUST00074,2024-07-03,1487.19
ORD001747,CUST00075,2024-07-03,1643.47
ORD002563,CUST00119,2024-07-03,2053.73
ORD003326,CUST00175,2024-07-03,866.45
ORD004305,CUST00246,2024-07-03,1709.65
ORD004573,CUST00264,2024-07-03,740.08
ORD004927,CUST00292,2024-07-03,1419.25
ORD005129,CUST00311,2024-07-03,1380.12
ORD006203,CUST00451,2024-07-03,1132.09
ORD006738,CUST00521,2024-07-03,1357.57
ORD006769,CUST00525,2024-07-03,558.3
ORD000850,CUST00037,2024-07-04,1769.77
ORD001151,CUST00050,2024-07-04,2232.64
ORD001498,CUST00065,2024-07-04,1750.71
ORD001597,CUST00069,2024-07-04,2782.96
ORD002070,CUST00089,2024-07-04,3333.65
ORD002220,CUST00096,2024-07-04,3805.53
ORD003335,CUST00176,2024-07-04,2006.7
ORD003486,CUST00186,2024-07-04,1151.61
ORD003894,CUST00217,2024-07-04,1520.73
ORD004162,CUST00235,2024-07-04,1378.56
ORD004511,CUST00260,2024-07-04,1644.76
ORD004748,CUST00278,2024-07-04,1822.44
ORD004805,CUST00282,2024-07-04,1618.89
ORD004836,CUST00285,2024-07-04,2085.77
ORD004947,CUST00294,2024-07-04,1370.85
ORD006075,CUST00432,2024-07-04,676.45
ORD000162,CUST00007,2024-07-05,1211.7
ORD000672,CUST00029,2024-07-05,2358.63
ORD002200,CUST00095,2024-07-05,3907.5
ORD002237,CUST00097,2024-07-05,3691.41
ORD002287,CUST00099,2024-07-05,2795.98
ORD002687,CUST00127,2024-07-05,1038.37
ORD003956,CUST00221,2024-07-05,2160.88
ORD004049,CUST00227,2024-07-05,1972.89
ORD004604,CUST00266,2024-07-05,2093.23
ORD005369,CUST00342,2024-07-05,807.29
ORD005767,CUST00391,2024-07-05,1144.37
ORD005917,CUST00411,2024-07-05,650.48
ORD006123,CUST00440,2024-07-05,841.02
ORD006458,CUST00485,2024-07-05,1122.14
ORD000209,CUST00009,2024-07-06,2276.4
ORD000278,CUST00012,2024-07-06,2700.51
ORD000504,CUST00021,2024-07-06,3948.37
ORD000958,CUST00042,2024-07-06,2929.97
ORD002023,CUST00087,2024-07-06,2413.55
ORD002335,CUST00102,2024-07-06,1751.07
ORD003780,CUST00209,2024-07-06,1179.1
ORD004390,CUST00252,2024-07-06,2079.93
ORD004672,CUST00272,2024-07-06,1437.46
ORD004848,CUST00286,2024-07-06,1251.61
ORD005070,CUST00304,2024-07-06,1248.35
ORD005666,CUST00379,2024-07-06,719.33
ORD000709,CUST00031,2024-07-07,2137.69
ORD001045,CUST00046,2024-07-07,2412.89
ORD001478,CUST00064,2024-07-07,2223.56
ORD001792,CUST00077,2024-07-07,3458.56
ORD003660,CUST00199,2024-07-07,1567.29
ORD004081,CUST00229,2024-07-07,1216.24
ORD004720,CUST00276,2024-07-07,786.56
ORD004938,CUST00293,2024-07-07,1875.21
ORD005257,CUST00328,2024-07-07,785.38
ORD005839,CUST00400,2024-07-07,507.05
ORD006107,CUST00437,2024-07-07,425.54
ORD000377,CUST00016,2024-07-08,1991.56
ORD000936,CUST00041,2024-07-08,3691.39
ORD001262,CUST00055,2024-07-08,2780.73
ORD001641,CUST00071,2024-07-08,1620.25
ORD001880,CUST00081,2024-07-08,3789.71
ORD002747,CUST00132,2024-07-08,1480.97
ORD003203,CUST00166,2024-07-08,1953.84
ORD003221,CUST00167,2024-07-08,1760.11
ORD004761,CUST00279,2024-07-08,974.09
ORD005428,CUST00349,2024-07-08,717.28
ORD005541,CUST00363,2024-07-08,971.79
ORD005866,CUST00403,2024-07-08,546.25
ORD006663,CUST00510,2024-07-08,719.64
ORD006843,CUST00535,2024-07-08,708.8
ORD006905,CUST00542,2024-07-08,961.84
ORD000233,CUST00010,2024-07-09,4145.78
ORD000758,CUST00033,2024-07-09,2434.07
ORD001099,CUST00048,2024-07-09,2673.26
ORD001623,CUST00070,2024-07-09,4229.06
ORD001925,CUST00083,2024-07-09,3588.45
ORD002520,CUST00116,2024-07-09,1724.84
ORD003096,CUST00159,2024-07-09,1903.47
ORD003423,CUST00182,2024-07-09,1467.33
ORD003798,CUST00210,2024-07-09,955.18
ORD004826,CUST00284,2024-07-09,2093.45
ORD005157,CUST00314,2024-07-09,1104.66
ORD005381,CUST00343,2024-07-09,916.3
ORD005400,CUST00345,2024-07-09,489.23
ORD005913,CUST00410,2024-07-09,1299.79
ORD006086,CUST00433,2024-07-09,717.33
ORD001543,CUST00067,2024-07-10,1405.53
ORD001669,CUST00072,2024-07-10,4130.17
ORD001976,CUST00085,2024-07-10,3968.09
ORD002092,CUST00090,2024-07-10,2173.43
ORD004248,CUST00241,2024-07-10,1534.72
ORD004730,CUST00277,2024-07-10,2127.67
ORD006265,CUST00459,2024-07-10,668.32
ORD006278,CUST00461,2024-07-10,952.89
ORD006472,CUST00487,2024-07-10,486.1
ORD006624,CUST00505,2024-07-10,1318.78
ORD006760,CUST00524,2024-07-10,660.0
ORD000480,CUST00020,2024-07-11,2621.27
ORD001001,CUST00044,2024-07-11,1217.1
ORD001901,CUST00082,2024-07-11,1231.92
ORD002119,CUST00091,2024-07-11,3865.41
ORD002697,CUST00128,2024-07-11,1010.14
ORD002930,CUST00145,2024-07-11,1749.05
ORD004322,CUST00247,2024-07-11,1193.84
ORD004688,CUST00273,2024-07-11,1297.37
ORD006016,CUST00424,2024-07-11,692.68
ORD006042,CUST00428,2024-07-11,1154.48
ORD006099,CUST00435,2024-07-11,1275.85
ORD000569,CUST00024,2024-07-12,2027.16
ORD001287,CUST00056,2024-07-12,3370.09
ORD001996,CUST00086,2024-07-12,2263.86
ORD002048,CUST00088,2024-07-12,4336.02
ORD002182,CUST00094,2024-07-12,3876.87
ORD002587,CUST00121,2024-07-12,1573.23
ORD003673,CUST00200,2024-07-12,1474.34
ORD003769,CUST00208,2024-07-12,778.15
ORD004546,CUST00262,2024-07-12,2065.45
ORD004632,CUST00268,2024-07-12,1553.81
ORD005274,CUST00330,2024-07-12,671.09
ORD005702,CUST00383,2024-07-12,876.24
ORD006791,CUST00528,2024-07-12,742.37
ORD006915,CUST00543,2024-07-12,1147.27
ORD002404,CUST00107,2024-07-13,1996.36
ORD002602,CUST00122,2024-07-13,1324.78
ORD002759,CUST00133,2024-07-13,781.82
ORD003368,CUST00178,2024-07-13,1683.64
ORD003926,CUST00219,2024-07-13,1962.31
ORD003974,CUST00222,2024-07-13,729.44
ORD004175,CUST00236,2024-07-13,1364.64
ORD004215,CUST00239,2024-07-13,1439.47
ORD004463,CUST00257,2024-07-13,1362.53
ORD004793,CUST00281,2024-07-13,1748.9
ORD004965,CUST00295,2024-07-13,1014.76
ORD005350,CUST00340,2024-07-13,477.81
ORD006243,CUST00456,2024-07-13,1196.75
ORD002573,CUST00120,2024-07-14,1295.64
ORD003151,CUST00163,2024-07-14,1966.07
ORD003184,CUST00165,2024-07-14,1484.68
ORD003541,CUST00190,2024-07-14,2160.37
ORD004621,CUST00267,2024-07-14,960.43
ORD004983,CUST00296,2024-07-14,1771.67
ORD004996,CUST00297,2024-07-14,1897.15
ORD005236,CUST00326,2024-07-14,783.99
ORD006057,CUST00430,2024-07-14,531.87
ORD006342,CUST00470,2024-07-14,713.02
ORD000912,CUST00040,2024-07-15,3579.72
ORD001069,CUST00047,2024-07-15,3586.82
ORD001952,CUST00084,2024-07-15,2399.03
ORD002261,CUST00098,2024-07-15,1235.34
ORD002468,CUST00112,2024-07-15,1699.01
ORD002638,CUST00124,2024-07-15,1363.32
ORD002770,CUST00134,2024-07-15,1382.02
ORD002786,CUST00135,2024-07-15,776.97
ORD003030,CUST00154,2024-07-15,1422.3
ORD003516,CUST00188,2024-07-15,1736.23
ORD004642,CUST00269,2024-07-15,2068.15
ORD005552,CUST00364,2024-07-15,1027.44
ORD000112,CUST00005,2024-07-16,4497.63
ORD000351,CUST00015,2024-07-16,1617.72
ORD000830,CUST00036,2024-07-16,4000.61
ORD001813,CUST00078,2024-07-16,3593.12
ORD002161,CUST00093,2024-07-16,4435.95
ORD002829,CUST00138,2024-07-16,1425.49
ORD003069,CUST00157,2024-07-16,749.64
ORD003869,CUST00215,2024-07-16,1694.71
ORD004448,CUST00256,2024-07-16,1029.29
ORD005040,CUST00300,2024-07-16,1715.55
ORD005677,CUST00380,2024-07-16,1059.48
ORD005785,CUST00393,2024-07-16,547.13
ORD006037,CUST00427,2024-07-16,779.33
ORD000425,CUST00018,2024-07-17,1600.71
ORD000689,CUST00030,2024-07-17,1387.74
ORD000786,CUST00034,2024-07-17,3028.7
ORD001398,CUST00061,2024-07-17,3612.08
ORD002383,CUST00105,2024-07-17,1580.38
ORD003527,CUST00189,2024-07-17,1008.1
ORD003632,CUST00197,2024-07-17,1691.86
ORD003985,CUST00223,2024-07-17,1470.03
ORD004259,CUST00242,2024-07-17,900.59
ORD004425,CUST00254,2024-07-17,1599.32
ORD005012,CUST00298,2024-07-17,1527.51
ORD005775,CUST00392,2024-07-17,791.03
ORD006439,CUST00482,2024-07-17,1327.57
ORD006444,CUST00483,2024-07-17,769.53
ORD006492,CUST00490,2024-07-17,492.41
ORD006924,CUST00544,2024-07-17,1231.67
ORD000632,CUST00027,2024-07-18,2324.96
ORD001338,CUST00058,2024-07-18,2885.72
ORD001837,CUST00079,2024-07-18,2815.6
ORD002139,CUST00092,2024-07-18,4150.15
ORD002900,CUST00143,2024-07-18,1997.22
ORD003746,CUST00206,2024-07-18,1054.57
ORD003835,CUST00213,2024-07-18,1090.44
ORD004871,CUST00288,2024-07-18,1442.54
ORD005113,CUST00309,2024-07-18,586.86
ORD005608,CUST00371,2024-07-18,829.39
ORD005636,CUST00375,2024-07-18,437.01
ORD005873,CUST00404,2024-07-18,892.96
ORD001189,CUST00052,2024-07-19,4467.77
ORD001234,CUST00054,2024-07-19,1818.39
ORD001314,CUST00057,2024-07-19,1728.45
ORD002506,CUST00115,2024-07-19,1112.99
ORD002963,CUST00148,2024-07-19,1586.46
ORD004229,CUST00240,2024-07-19,1874.32
ORD005471,CUST00354,2024-07-19,1369.46
ORD006820,CUST00533,2024-07-19,985.68
ORD008602,CUST00906,2024-07-19,1675.04
ORD000186,CUST00008,2024-07-20,1858.59
ORD000257,CUST00011,2024-07-20,2990.62
ORD000523,CUST00022,2024-07-20,4377.55
ORD001152,CUST00050,2024-07-20,3056.33
ORD001354,CUST00059,2024-07-20,2812.71
ORD001420,CUST00062,2024-07-20,2616.46
ORD001768,CUST00076,2024-07-20,4369.72
ORD001856,CUST00080,2024-07-20,2385.53
ORD003940,CUST00220,2024-07-20,1756.57
ORD004372,CUST00251,2024-07-20,1253.24
ORD005054,CUST00302,2024-07-20,923.52
ORD005622,CUST00373,2024-07-20,474.82
ORD005822,CUST00397,2024-07-20,1112.6
ORD006368,CUST00474,2024-07-20,1120.13
ORD000451,CUST00019,2024-07-21,3086.93
ORD001449,CUST00063,2024-07-21,2140.24
ORD002071,CUST00089,2024-07-21,3664.74
ORD004652,CUST00270,2024-07-21,1003.02
ORD005119,CUST00310,2024-07-21,1130.46
ORD005147,CUST00313,2024-07-21,760.57
ORD005444,CUST00351,2024-07-21,1273.78
ORD005618,CUST00372,2024-07-21,1001.8
ORD006652,CUST00509,2024-07-21,862.44
ORD008696,CUST01000,2024-07-21,2046.39
ORD000403,CUST00017,2024-07-22,2752.65
ORD000877,CUST00038,2024-07-22,2341.88
ORD001125,CUST00049,2024-07-22,1871.01
ORD001214,CUST00053,2024-07-22,1377.2
ORD001374,CUST00060,2024-07-22,3474.14
ORD001571,CUST00068,2024-07-22,2428.39
ORD002803,CUST00136,2024-07-22,1011.46
ORD003282,CUST00171,2024-07-22,1044.55
ORD003407,CUST00181,2024-07-22,1733.72
ORD003608,CUST00195,2024-07-22,1389.48
ORD003685,CUST00201,2024-07-22,1150.41
ORD004269,CUST00243,2024-07-22,1707.42
ORD005207,CUST00321,2024-07-22,1130.48
ORD005230,CUST00325,2024-07-22,543.52
ORD005404,CUST00346,2024-07-22,1050.29
ORD006001,CUST00422,2024-07-22,1273.26
ORD006131,CUST00441,2024-07-22,1357.61
ORD006175,CUST00447,2024-07-22,988.08
ORD006607,CUST00503,2024-07-22,860.25
ORD006894,CUST00541,2024-07-22,887.04
ORD000021,CUST00001,2024-07-23,1460.04
ORD000328,CUST00014,2024-07-23,4328.61
ORD001642,CUST00071,2024-07-23,4331.0
ORD002312,CUST00100,2024-07-23,4361.38
ORD002442,CUST00110,2024-07-23,1626.59
ORD002538,CUST00117,2024-07-23,819.94
ORD002993,CUST00151,2024-07-23,1306.3
ORD003008,CUST00152,2024-07-23,1325.85
ORD004196,CUST00238,2024-07-23,734.89
ORD004906,CUST00290,2024-07-23,1233.38
ORD004917,CUST00291,2024-07-23,2186.75
ORD005327,CUST00337,2024-07-23,1095.25
ORD005687,CUST00381,2024-07-23,1344.38
ORD006723,CUST00519,2024-07-23,722.72
ORD006754,CUST00523,2024-07-23,541.95
ORD000064,CUST00003,2024-07-24,4407.23
ORD000163,CUST00007,2024-07-24,3302.47
ORD000547,CUST00023,2024-07-24,1526.77
ORD000737,CUST00032,2024-07-24,2140.26
ORD000979,CUST00043,2024-07-24,3744.88
ORD001499,CUST00065,2024-07-24,2041.88
ORD002621,CUST00123,2024-07-24,1297.79
ORD002941,CUST00146,2024-07-24,1398.09
ORD003583,CUST00193,2024-07-24,1700.02
ORD004406,CUST00253,2024-07-24,1093.0
ORD005302,CUST00334,2024-07-24,762.4
ORD005497,CUST00357,2024-07-24,1016.26
ORD005642,CUST00376,2024-07-24,1153.69
ORD006865,CUST00537,2024-07-24,1381.15
ORD001100,CUST00048,2024-07-25,2007.62
ORD002201,CUST00095,2024-07-25,3256.6
ORD003124,CUST00161,2024-07-25,1854.04
ORD003470,CUST00185,2024-07-25,1799.44
ORD004002,CUST00224,2024-07-25,1980.18
ORD004493,CUST00259,2024-07-25,1887.87
ORD006616,CUST00504,2024-07-25,511.68
ORD006832,CUST00534,2024-07-25,1177.4
ORD000652,CUST00028,2024-07-26,2957.52
ORD000809,CUST00035,2024-07-26,2641.94
ORD002323,CUST00101,2024-07-26,1863.86
ORD002353,CUST00103,2024-07-26,1735.81
ORD002432,CUST00109,2024-07-26,1267.54
ORD003084,CUST00158,2024-07-26,1269.7
ORD003256,CUST00169,2024-07-26,1782.1
ORD003566,CUST00192,2024-07-26,1437.47
ORD003596,CUST00194,2024-07-26,1840.26
ORD004093,CUST00230,2024-07-26,1787.65
ORD004559,CUST00263,2024-07-26,1290.33
ORD004701,CUST00274,2024-07-26,1609.04
ORD005218,CUST00323,2024-07-26,795.46
ORD006718,CUST00518,2024-07-26,789.34
ORD000092,CUST00004,2024-07-27,1394.28
ORD000234,CUST00010,2024-07-27,3768.79
ORD000590,CUST00025,2024-07-27,3009.58
ORD002288,CUST00099,2024-07-27,3699.66
ORD003623,CUST00196,2024-07-27,2166.67
ORD005975,CUST00418,2024-07-27,1012.43
ORD006564,CUST00498,2024-07-27,888.31
ORD006855,CUST00536,2024-07-27,707.2
ORD006978,CUST00550,2024-07-27,492.85
ORD000309,CUST00013,2024-07-28,3297.43
ORD000893,CUST00039,2024-07-28,3000.41
ORD001263,CUST00055,2024-07-28,4383.1
ORD001521,CUST00066,2024-07-28,3152.58
ORD002493,CUST00114,2024-07-28,861.09
ORD003381,CUST00179,2024-07-28,1502.98
ORD004132,CUST00233,2024-07-28,1292.17
ORD004278,CUST00244,2024-07-28,1720.83
ORD004530,CUST00261,2024-07-28,2064.72
ORD005167,CUST00316,2024-07-28,848.48
ORD005311,CUST00335,2024-07-28,517.24
ORD005362,CUST00341,2024-07-28,714.58
ORD006321,CUST00467,2024-07-28,977.88
ORD006813,CUST00532,2024-07-28,440.23
ORD006932,CUST00545,2024-07-28,475.55
ORD006938,CUST00546,2024-07-28,1151.91
ORD000937,CUST00041,2024-07-29,3188.13
ORD001020,CUST00045,2024-07-29,4134.56
ORD001046,CUST00046,2024-07-29,1923.12
ORD001544,CUST00067,2024-07-29,1981.35
ORD003501,CUST00187,2024-07-29,870.95
ORD003699,CUST00202,2024-07-29,1109.07
ORD004032,CUST00226,2024-07-29,1704.23
ORD004359,CUST00250,2024-07-29,990.42
ORD005266,CUST00329,2024-07-29,1323.32
ORD006574,CUST00499,2024-07-29,701.94
ORD000135,CUST00006,2024-07-30,3065.25
ORD000210,CUST00009,2024-07-30,3029.56
ORD000505,CUST00021,2024-07-30,3759.95
ORD001171,CUST00051,2024-07-30,1963.73
ORD001624,CUST00070,2024-07-30,3861.27
ORD001670,CUST00072,2024-07-30,3615.55
ORD001902,CUST00082,2024-07-30,3389.07
ORD001997,CUST00086,2024-07-30,3710.56
ORD002183,CUST00094,2024-07-30,2789.0
ORD002706,CUST00129,2024-07-30,801.72
ORD003399,CUST00180,2024-07-30,1519.22
ORD005932,CUST00413,2024-07-30,496.21
ORD005987,CUST00420,2024-07-30,1083.6
ORD000113,CUST00005,2024-07-31,4397.69
ORD000279,CUST00012,2024-07-31,3712.06
ORD001926,CUST00083,2024-07-31,4427.06
ORD001953,CUST00084,2024-07-31,3894.74
ORD002221,CUST00096,2024-07-31,2356.71
ORD002394,CUST00106,2024-07-31,1847.49
ORD003350,CUST00177,2024-07-31,2037.85
ORD003455,CUST00184,2024-07-31,703.67
ORD004338,CUST00248,2024-07-31,1169.92
ORD004664,CUST00271,2024-07-31,1063.37
ORD004806,CUST00282,2024-07-31,1222.5
ORD004837,CUST00285,2024-07-31,1665.98
ORD004862,CUST00287,2024-07-31,1028.36
ORD005029,CUST00299,2024-07-31,1043.15
ORD005894,CUST00407,2024-07-31,540.04
ORD006550,CUST00496,2024-07-31,955.35
ORD006677,CUST00512,2024-07-31,964.89
ORD006882,CUST00539,2024-07-31,655.93
ORD000352,CUST00015,2024-08-01,4415.17
ORD000570,CUST00024,2024-08-01,1562.76
ORD000608,CUST00026,2024-08-01,3053.56
ORD001695,CUST00073,2024-08-01,2478.84
ORD001748,CUST00075,2024-08-01,3754.3
ORD002860,CUST00140,2024-08-01,1895.88
ORD003727,CUST00204,2024-08-01,1312.56
ORD004016,CUST00225,2024-08-01,2190.65
ORD004481,CUST00258,2024-08-01,1933.46
ORD005136,CUST00312,2024-08-01,1295.11
ORD005520,CUST00360,2024-08-01,570.41
ORD005630,CUST00374,2024-08-01,726.87
ORD005885,CUST00406,2024-08-01,858.35
ORD005995,CUST00421,2024-08-01,836.52
ORD006415,CUST00479,2024-08-01,542.88
ORD006584,CUST00500,2024-08-01,501.41
ORD006745,CUST00522,2024-08-01,1168.76
ORD000044,CUST00002,2024-08-02,2505.59
ORD000481,CUST00020,2024-08-02,2952.85
ORD000851,CUST00037,2024-08-02,4490.97
ORD002238,CUST00097,2024-08-02,3021.95
ORD003114,CUST00160,2024-08-02,1657.12
ORD005285,CUST00332,2024-08-02,678.48
ORD005763,CUST00390,2024-08-02,1394.09
ORD006065,CUST00431,2024-08-02,1053.03
ORD001598,CUST00069,2024-08-03,2335.31
ORD002874,CUST00141,2024-08-03,1961.11
ORD004350,CUST00249,2024-08-03,1275.88
ORD005486,CUST00356,2024-08-03,923.17
ORD006103,CUST00436,2024-08-03,774.72
ORD006508,CUST00492,2024-08-03,431.45
ORD001479,CUST00064,2024-08-04,3608.86
ORD001722,CUST00074,2024-08-04,2511.27
ORD001838,CUST00079,2024-08-04,1627.04
ORD002413,CUST00108,2024-08-04,1164.49
ORD003424,CUST00182,2024-08-04,2062.67
ORD003808,CUST00211,2024-08-04,1009.91
ORD004293,CUST00245,2024-08-04,1604.46
ORD004592,CUST00265,2024-08-04,1109.88
ORD005197,CUST00320,2024-08-04,934.59
ORD006633,CUST00506,2024-08-04,800.74
ORD000759,CUST00033,2024-08-05,4481.93
ORD000913,CUST00040,2024-08-05,3718.3
ORD001450,CUST00063,2024-08-05,3998.04
ORD003055,CUST00156,2024-08-05,1913.34
ORD004117,CUST00232,2024-08-05,1126.8
ORD004711,CUST00275,2024-08-05,806.85
ORD005731,CUST00386,2024-08-05,1022.12
ORD005805,CUST00395,2024-08-05,648.73
ORD005923,CUST00412,2024-08-05,533.22
ORD006032,CUST00426,2024-08-05,784.18
ORD006210,CUST00452,2024-08-05,1131.63
ORD006517,CUST00493,2024-08-05,734.71
ORD006875,CUST00538,2024-08-05,817.12
ORD001355,CUST00059,2024-08-06,3065.81
ORD001421,CUST00062,2024-08-06,3522.2
ORD001793,CUST00077,2024-08-06,1410.66
ORD002368,CUST00104,2024-08-06,1804.79
ORD002974,CUST00149,2024-08-06,804.41
ORD004104,CUST00231,2024-08-06,865.66
ORD005223,CUST00324,2024-08-06,1215.6
ORD005420,CUST00348,2024-08-06,623.05
ORD005848,CUST00401,2024-08-06,536.4
ORD005855,CUST00402,2024-08-06,1003.79
ORD001288,CUST00056,2024-08-07,1748.92
ORD001881,CUST00081,2024-08-07,1855.53
ORD002553,CUST00118,2024-08-07,1823.79
ORD002984,CUST00150,2024-08-07,1137.25
ORD003045,CUST00155,2024-08-07,1560.95
ORD003168,CUST00164,2024-08-07,1285.16
ORD003265,CUST00170,2024-08-07,1426.61
ORD004145,CUST00234,2024-08-07,1254.0
ORD004323,CUST00247,2024-08-07,1638.99
ORD004439,CUST00255,2024-08-07,1667.61
ORD004814,CUST00283,2024-08-07,1775.0
ORD005573,CUST00366,2024-08-07,921.75
ORD006221,CUST00453,2024-08-07,590.4
ORD006257,CUST00458,2024-08-07,634.86
ORD000524,CUST00022,2024-08-08,3688.7
ORD002024,CUST00087,2024-08-08,3003.83
ORD002120,CUST00091,2024-08-08,1756.51
ORD002883,CUST00142,2024-08-08,1056.46
ORD003327,CUST00175,2024-08-08,1398.03
ORD003760,CUST00207,2024-08-08,1319.44
ORD004163,CUST00235,2024-08-08,1872.02
ORD004948,CUST00294,2024-08-08,884.57
ORD005389,CUST00344,2024-08-08,639.11
ORD005465,CUST00353,2024-08-08,1264.3
ORD005508,CUST00358,2024-08-08,812.93
ORD005834,CUST00399,2024-08-08,802.94
ORD006094,CUST00434,2024-08-08,843.81
ORD006183,CUST00448,2024-08-08,1213.99
ORD006238,CUST00455,2024-08-08,634.72
ORD006712,CUST00517,2024-08-08,1345.49
ORD006802,CUST00530,2024-08-08,1026.4
ORD000329,CUST00014,2024-08-09,1996.47
ORD000378,CUST00016,2024-08-09,1447.71
ORD000673,CUST00029,2024-08-09,3889.62
ORD000959,CUST00042,2024-08-09,3756.2
ORD001977,CUST00085,2024-08-09,4250.42
ORD002072,CUST00089,2024-08-09,1278.38
ORD002459,CUST00111,2024-08-09,1405.22
ORD002688,CUST00127,2024-08-09,2045.76
ORD002698,CUST00128,2024-08-09,1571.55
ORD002724,CUST00130,2024-08-09,1414.9
ORD002844,CUST00139,2024-08-09,1011.0
ORD003021,CUST00153,2024-08-09,1277.07
ORD003553,CUST00191,2024-08-09,1843.41
ORD004066,CUST00228,2024-08-09,714.92
ORD005951,CUST00415,2024-08-09,1221.33
ORD005971,CUST00417,2024-08-09,1304.32
ORD006113,CUST00438,2024-08-09,432.6
ORD006273,CUST00460,2024-08-09,1004.96
ORD006308,CUST00465,2024-08-09,423.43
ORD006539,CUST00495,2024-08-09,1063.41
ORD000690,CUST00030,2024-08-10,1453.21
ORD000710,CUST00031,2024-08-10,4081.82
ORD001101,CUST00048,2024-08-10,2527.48
ORD001190,CUST00052,2024-08-10,2189.92
ORD001857,CUST00080,2024-08-10,1744.12
ORD002162,CUST00093,2024-08-10,1540.64
ORD002477,CUST00113,2024-08-10,1700.04
ORD003440,CUST00183,2024-08-10,2182.57
ORD003957,CUST00221,2024-08-10,1735.99
ORD004605,CUST00266,2024-08-10,2063.13
ORD004689,CUST00273,2024-08-10,1406.07
ORD004966,CUST00295,2024-08-10,1693.93
ORD005478,CUST00355,2024-08-10,1355.1
ORD005585,CUST00367,2024-08-10,1051.92
ORD006389,CUST00476,2024-08-10,1130.66
ORD001070,CUST00047,2024-08-11,2039.71
ORD001153,CUST00050,2024-08-11,3646.13
ORD001500,CUST00065,2024-08-11,4151.09
ORD002336,CUST00102,2024-08-11,1247.62
ORD003097,CUST00159,2024-08-11,1681.51
ORD003542,CUST00190,2024-08-11,2086.35
ORD003674,CUST00200,2024-08-11,1565.26
ORD003824,CUST00212,2024-08-11,788.13
ORD003882,CUST00216,2024-08-11,1689.31
ORD003910,CUST00218,2024-08-11,1282.13
ORD004888,CUST00289,2024-08-11,2084.6
ORD005409,CUST00347,2024-08-11,528.98
ORD006601,CUST00502,2024-08-11,737.12
ORD000452,CUST00019,2024-08-12,4024.84
ORD001002,CUST00044,2024-08-12,4427.11
ORD003070,CUST00157,2024-08-12,2151.02
ORD003292,CUST00172,2024-08-12,1560.55
ORD003647,CUST00198,2024-08-12,1712.67
ORD004249,CUST00241,2024-08-12,2017.42
ORD005714,CUST00384,2024-08-12,929.56
ORD006162,CUST00445,2024-08-12,445.24
ORD006780,CUST00526,2024-08-12,1145.46
ORD000065,CUST00003,2024-08-13,2875.35
ORD000093,CUST00004,2024-08-13,4187.89
ORD000633,CUST00027,2024-08-13,2228.4
ORD000787,CUST00034,2024-08-13,4081.99
ORD002588,CUST00121,2024-08-13,1084.37
ORD002639,CUST00124,2024-08-13,1360.7
ORD003139,CUST00162,2024-08-13,1088.49
ORD004050,CUST00227,2024-08-13,2154.46
ORD004721,CUST00276,2024-08-13,2089.78
ORD005659,CUST00378,2024-08-13,443.08
ORD005904,CUST00409,2024-08-13,748.1
ORD006500,CUST00491,2024-08-13,833.85
ORD006967,CUST00549,2024-08-13,563.29
ORD008601,CUST00905,2024-08-13,1905.12
ORD000831,CUST00036,2024-08-14,1314.84
ORD000980,CUST00043,2024-08-14,3477.79
ORD002093,CUST00090,2024-08-14,1675.45
ORD002564,CUST00119,2024-08-14,2187.19
ORD002657,CUST00125,2024-08-14,2059.06
ORD002672,CUST00126,2024-08-14,1497.34
ORD004188,CUST00237,2024-08-14,1497.79
ORD004373,CUST00251,2024-08-14,1476.52
ORD004633,CUST00268,2024-08-14,2138.55
ORD006303,CUST00464,2024-08-14,1318.97
ORD006465,CUST00486,2024-08-14,444.51
ORD006685,CUST00513,2024-08-14,611.31
ORD006691,CUST00514,2024-08-14,1300.46
ORD006956,CUST00548,2024-08-14,1293.24
ORD001339,CUST00058,2024-08-15,3168.21
ORD001399,CUST00061,2024-08-15,3294.97
ORD002049,CUST00088,2024-08-15,2950.65
ORD002262,CUST00098,2024-08-15,2143.82
ORD002469,CUST00112,2024-08-15,1409.24
ORD002901,CUST00143,2024-08-15,706.16
ORD003738,CUST00205,2024-08-15,752.21
ORD003781,CUST00209,2024-08-15,2010.26
ORD004176,CUST00236,2024-08-15,1668.87
ORD004464,CUST00257,2024-08-15,1668.03
ORD005246,CUST00327,2024-08-15,880.43
ORD005515,CUST00359,2024-08-15,641.55
ORD006119,CUST00439,2024-08-15,818.08
ORD006232,CUST00454,2024-08-15,1149.45
ORD006696,CUST00515,2024-08-15,902.3
ORD000022,CUST00001,2024-08-16,3937.04
ORD000164,CUST00007,2024-08-16,1733.22
ORD000571,CUST00024,2024-08-16,1634.95
ORD002748,CUST00132,2024-08-16,1385.35
ORD003238,CUST00168,2024-08-16,2180.17
ORD003307,CUST00173,2024-08-16,1388.92
ORD003717,CUST00203,2024-08-16,2097.33
ORD003851,CUST00214,2024-08-16,2125.08
ORD003870,CUST00215,2024-08-16,1575.32
ORD004449,CUST00256,2024-08-16,1378.12
ORD004997,CUST00297,2024-08-16,714.79
ORD005163,CUST00315,2024-08-16,591.71
ORD005918,CUST00411,2024-08-16,1246.8
ORD006430,CUST00481,2024-08-16,494.11
ORD006949,CUST00547,2024-08-16,418.87
ORD000258,CUST00011,2024-08-17,1405.48
ORD000653,CUST00028,2024-08-17,2850.87
ORD001021,CUST00045,2024-08-17,4008.5
ORD001047,CUST00046,2024-08-17,2778.0
ORD001235,CUST00054,2024-08-17,3038.05
ORD001814,CUST00078,2024-08-17,3717.63
ORD002771,CUST00134,2024-08-17,1186.11
ORD003609,CUST00195,2024-08-17,965.3
ORD003895,CUST00217,2024-08-17,1272.09
ORD004230,CUST00240,2024-08-17,1259.96
ORD004306,CUST00246,2024-08-17,777.79
ORD004512,CUST00260,2024-08-17,2070.63
ORD004574,CUST00264,2024-08-17,1741.73
ORD004939,CUST00293,2024-08-17,1432.84
ORD006052,CUST00429,2024-08-17,1258.51
ORD006808,CUST00531,2024-08-17,647.97
ORD000187,CUST00008,2024-08-18,2353.87
ORD000235,CUST00010,2024-08-18,1780.43
ORD001172,CUST00051,2024-08-18,1230.17
ORD002787,CUST00135,2024-08-18,1164.28
ORD002952,CUST00147,2024-08-18,1222.92
ORD003633,CUST00197,2024-08-18,1051.93
ORD005071,CUST00304,2024-08-18,755.74
ORD005535,CUST00362,2024-08-18,1348.7
ORD005542,CUST00363,2024-08-18,1142.34
ORD005563,CUST00365,2024-08-18,819.91
ORD005654,CUST00377,2024-08-18,488.02
ORD005867,CUST00403,2024-08-18,584.81
ORD006199,CUST00450,2024-08-18,937.92
ORD006358,CUST00472,2024-08-18,1119.94
ORD006559,CUST00497,2024-08-18,1335.26
ORD006732,CUST00520,2024-08-18,644.86
ORD000609,CUST00026,2024-08-19,2555.67
ORD001215,CUST00053,2024-08-19,1966.08
ORD001769,CUST00076,2024-08-19,3136.7
ORD001903,CUST00082,2024-08-19,2284.58
ORD002140,CUST00092,2024-08-19,2757.94
ORD003471,CUST00185,2024-08-19,1967.92
ORD003487,CUST00186,2024-08-19,1746.95
ORD003661,CUST00199,2024-08-19,1205.26
ORD004779,CUST00280,2024-08-19,1428.89
ORD004928,CUST00292,2024-08-19,1818.04
ORD005595,CUST00369,2024-08-19,823.74
ORD005881,CUST00405,2024-08-19,1050.42
ORD006297,CUST00463,2024-08-19,1218.3
ORD000211,CUST00009,2024-08-20,2587.47
ORD001315,CUST00057,2024-08-20,2607.02
ORD003222,CUST00167,2024-08-20,2030.37
ORD003336,CUST00176,2024-08-20,1014.69
ORD004391,CUST00252,2024-08-20,1034.54
ORD004622,CUST00267,2024-08-20,1680.99
ORD004749,CUST00278,2024-08-20,1162.15
ORD006329,CUST00468,2024-08-20,993.41
ORD000426,CUST00018,2024-08-21,3209.28
ORD000506,CUST00021,2024-08-21,3203.31
ORD000591,CUST00025,2024-08-21,2456.98
ORD001422,CUST00062,2024-08-21,1904.29
ORD001545,CUST00067,2024-08-21,4008.02
ORD002354,CUST00103,2024-08-21,1023.2
ORD002405,CUST00107,2024-08-21,2162.47
ORD002804,CUST00136,2024-08-21,922.38
ORD002920,CUST00144,2024-08-21,1124.9
ORD002994,CUST00151,2024-08-21,1978.76
ORD003316,CUST00174,2024-08-21,1736.13
ORD003799,CUST00210,2024-08-21,876.03
ORD003975,CUST00222,2024-08-21,1577.84
ORD005080,CUST00305,2024-08-21,406.91
ORD005725,CUST00385,2024-08-21,668.27
ORD006480,CUST00488,2024-08-21,1343.24
ORD000114,CUST00005,2024-08-22,1748.83
ORD000738,CUST00032,2024-08-22,1972.21
ORD000810,CUST00035,2024-08-22,3652.92
ORD000878,CUST00038,2024-08-22,4153.26
ORD001264,CUST00055,2024-08-22,2161.78
ORD002313,CUST00100,2024-08-22,2424.95
ORD002819,CUST00137,2024-08-22,1268.41
ORD004702,CUST00274,2024-08-22,1199.85
ORD005344,CUST00339,2024-08-22,1241.71
ORD005692,CUST00382,2024-08-22,1267.86
ORD006784,CUST00527,2024-08-22,1252.61
ORD000548,CUST00023,2024-08-23,3231.65
ORD002737,CUST00131,2024-08-23,1625.59
ORD002760,CUST00133,2024-08-23,2055.51
ORD003567,CUST00192,2024-08-23,1294.55
ORD003700,CUST00202,2024-08-23,1087.6
ORD003927,CUST00219,2024-08-23,1341.6
ORD004407,CUST00253,2024-08-23,1209.73
ORD004643,CUST00269,2024-08-23,1273.56
ORD006058,CUST00430,2024-08-23,680.7
ORD006150,CUST00444,2024-08-23,954.58
ORD000136,CUST00006,2024-08-24,4284.53
ORD000379,CUST00016,2024-08-24,2548.11
ORD001625,CUST00070,2024-08-24,3565.89
ORD002931,CUST00145,2024-08-24,1233.44
ORD003941,CUST00220,2024-08-24,1580.81
ORD005102,CUST00308,2024-08-24,531.42
ORD005158,CUST00314,2024-08-24,474.88
ORD005667,CUST00379,2024-08-24,1153.03
ORD006024,CUST00425,2024-08-24,630.54
ORD006166,CUST00446,2024-08-24,689.29
ORD006364,CUST00473,2024-08-24,1352.0
ORD000938,CUST00041,2024-08-25,2850.26
ORD001375,CUST00060,2024-08-25,3288.14
ORD001643,CUST00071,2024-08-25,2492.28
ORD001927,CUST00083,2024-08-25,2913.03
ORD002202,CUST00095,2024-08-25,2072.92
ORD002289,CUST00099,2024-08-25,3449.26
ORD002443,CUST00110,2024-08-25,1750.71
ORD002942,CUST00146,2024-08-25,2121.17
ORD003204,CUST00166,2024-08-25,1717.6
ORD005098,CUST00307,2024-08-25,1114.32
ORD005336,CUST00338,2024-08-25,706.03
ORD005748,CUST00388,2024-08-25,903.15
ORD005797,CUST00394,2024-08-25,1185.26
ORD005942,CUST00414,2024-08-25,1018.48
ORD005964,CUST00416,2024-08-25,600.51
ORD000310,CUST00013,2024-08-26,3534.12
ORD000404,CUST00017,2024-08-26,2659.36
ORD001071,CUST00047,2024-08-26,3661.15
ORD001126,CUST00049,2024-08-26,1460.93
ORD001154,CUST00050,2024-08-26,2060.55
ORD001480,CUST00064,2024-08-26,1391.09
ORD001572,CUST00068,2024-08-26,4294.0
ORD001749,CUST00075,2024-08-26,2089.09
ORD003009,CUST00152,2024-08-26,2196.18
ORD003747,CUST00206,2024-08-26,1282.71
ORD003770,CUST00208,2024-08-26,975.61
ORD004762,CUST00279,2024-08-26,987.83
ORD004984,CUST00296,2024-08-26,1685.98
ORD005130,CUST00311,2024-08-26,736.18
ORD005438,CUST00350,2024-08-26,613.42
ORD005455,CUST00352,2024-08-26,754.69
ORD005768,CUST00391,2024-08-26,1320.65
ORD000280,CUST00012,2024-08-27,2118.25
ORD000691,CUST00030,2024-08-27,3229.53
ORD000852,CUST00037,2024-08-27,3403.87
ORD001191,CUST00052,2024-08-27,3357.33
ORD001522,CUST00066,2024-08-27,4492.7
ORD001696,CUST00073,2024-08-27,4122.13
ORD002395,CUST00106,2024-08-27,855.89
ORD002521,CUST00116,2024-08-27,1527.2
ORD003382,CUST00179,2024-08-27,2159.81
ORD004082,CUST00229,2024-08-27,1119.67
ORD004653,CUST00270,2024-08-27,1006.58
ORD004849,CUST00286,2024-08-27,1170.06
ORD006290,CUST00462,2024-08-27,1191.34
ORD001356,CUST00059,2024-08-28,2163.9
ORD001882,CUST00081,2024-08-28,3767.26
ORD002433,CUST00109,2024-08-28,818.81
ORD003836,CUST00213,2024-08-28,1439.26
ORD005088,CUST00306,2024-08-28,1147.09
ORD006797,CUST00529,2024-08-28,1306.3
ORD000788,CUST00034,2024-08-29,3297.71
ORD001451,CUST00063,2024-08-29,1877.97
ORD001501,CUST00065,2024-08-29,1953.73
ORD001723,CUST00074,2024-08-29,4026.86
ORD001794,CUST00077,2024-08-29,3313.96
ORD001954,CUST00084,2024-08-29,2295.51
ORD001978,CUST00085,2024-08-29,3483.0
ORD002184,CUST00094,2024-08-29,2780.77
ORD003283,CUST00171,2024-08-29,1985.46
ORD003686,CUST00201,2024-08-29,1315.39
ORD004494,CUST00259,2024-08-29,1968.7
ORD005401,CUST00345,2024-08-29,1110.66
ORD005601,CUST00370,2024-08-29,567.25
ORD005914,CUST00410,2024-08-29,1128.16
ORD006012,CUST00423,2024-08-29,1135.22
ORD006100,CUST00435,2024-08-29,424.69
ORD006136,CUST00442,2024-08-29,1186.3
ORD006925,CUST00544,2024-08-29,1312.98
ORD000525,CUST00022,2024-08-30,4038.46
ORD004133,CUST00233,2024-08-30,1576.46
ORD004197,CUST00238,2024-08-30,970.76
ORD004673,CUST00272,2024-08-30,988.7
ORD004731,CUST00277,2024-08-30,942.14
ORD005237,CUST00326,2024-08-30,1226.56
ORD006407,CUST00478,2024-08-30,1160.01
ORD000066,CUST00003,2024-08-31,4072.71
ORD000674,CUST00029,2024-08-31,1539.25
ORD000760,CUST00033,2024-08-31,1940.98
ORD000832,CUST00036,2024-08-31,1978.78
ORD001671,CUST00072,2024-08-31,4308.05
ORD001998,CUST00086,2024-08-31,2785.22
ORD002263,CUST00098,2024-08-31,3787.07
ORD002574,CUST00120,2024-08-31,751.99
ORD002622,CUST00123,2024-08-31,1860.74
ORD003031,CUST00154,2024-08-31,820.09
ORD003624,CUST00196,2024-08-31,792.14
ORD004216,CUST00239,2024-08-31,1456.63
ORD004426,CUST00254,2024-08-31,1066.82
ORD004827,CUST00284,2024-08-31,1275.23
ORD005175,CUST00317,2024-08-31,460.79
ORD005590,CUST00368,2024-08-31,681.08
ORD006124,CUST00440,2024-08-31,595.02
ORD006528,CUST00494,2024-08-31,1078.56
ORD000894,CUST00039,2024-09-01,4356.95
ORD001003,CUST00044,2024-09-01,2542.79
ORD001102,CUST00048,2024-09-01,2981.21
ORD001839,CUST00079,2024-09-01,3290.51
ORD002830,CUST00138,2024-09-01,1607.17
ORD003152,CUST00163,2024-09-01,1918.41
ORD003369,CUST00178,2024-09-01,1189.46
ORD004105,CUST00231,2024-09-01,1962.38
ORD004907,CUST00290,2024-09-01,969.45
ORD005294,CUST00333,2024-09-01,938.75
ORD005813,CUST00396,2024-09-01,599.51
ORD005899,CUST00408,2024-09-01,1005.84
ORD006638,CUST00507,2024-09-01,591.64
ORD000353,CUST00015,2024-09-02,2164.05
ORD002121,CUST00091,2024-09-02,2012.38
ORD002222,CUST00096,2024-09-02,1522.47
ORD003456,CUST00184,2024-09-02,1150.25
ORD004794,CUST00281,2024-09-02,1072.81
ORD004815,CUST00283,2024-09-02,891.79
ORD005212,CUST00322,2024-09-02,781.98
ORD005281,CUST00331,2024-09-02,846.7
ORD008660,CUST00964,2024-09-02,2412.81
ORD002073,CUST00089,2024-09-03,1325.02
ORD002239,CUST00097,2024-09-03,2792.14
ORD002324,CUST00101,2024-09-03,2164.76
ORD002603,CUST00122,2024-09-03,880.81
ORD002975,CUST00149,2024-09-03,1728.26
ORD003328,CUST00175,2024-09-03,1248.36
ORD003517,CUST00188,2024-09-03,867.58
ORD003986,CUST00223,2024-09-03,1617.24
ORD004294,CUST00245,2024-09-03,798.04
ORD004531,CUST00261,2024-09-03,935.55
ORD004547,CUST00262,2024-09-03,1436.44
ORD004872,CUST00288,2024-09-03,2149.74
ORD005472,CUST00354,2024-09-03,436.49
ORD006608,CUST00503,2024-09-03,1289.17
ORD006916,CUST00543,2024-09-03,584.14
ORD008657,CUST00961,2024-09-03,837.65
ORD000482,CUST00020,2024-09-04,3449.94
ORD000711,CUST00031,2024-09-04,1468.96
ORD000914,CUST00040,2024-09-04,4486.7
ORD003169,CUST00164,2024-09-04,1645.93
ORD003809,CUST00211,2024-09-04,2192.81
ORD004017,CUST00225,2024-09-04,1052.08
ORD004324,CUST00247,2024-09-04,741.81
ORD006704,CUST00516,2024-09-04,572.27
ORD000960,CUST00042,2024-09-05,1687.66
ORD001216,CUST00053,2024-09-05,2323.96
ORD001599,CUST00069,2024-09-05,2857.9
ORD004967,CUST00295,2024-09-05,1055.65
ORD006335,CUST00469,2024-09-05,711.45
ORD000045,CUST00002,2024-09-06,2714.21
ORD000330,CUST00014,2024-09-06,2812.31
ORD001815,CUST00078,2024-09-06,4324.85
ORD001858,CUST00080,2024-09-06,1263.11
ORD002494,CUST00114,2024-09-06,1049.01
ORD003293,CUST00172,2024-09-06,1326.66
ORD003502,CUST00187,2024-09-06,2074.05
ORD004270,CUST00243,2024-09-06,885.12
ORD004838,CUST00285,2024-09-06,2065.25
ORD004949,CUST00294,2024-09-06,1562.62
ORD005182,CUST00318,2024-09-06,671.49
ORD006316,CUST00466,2024-09-06,906.59
ORD006369,CUST00474,2024-09-06,564.24
ORD006459,CUST00485,2024-09-06,916.34
ORD006761,CUST00524,2024-09-06,1089.19
ORD006890,CUST00540,2024-09-06,879.68
ORD008643,CUST00947,2024-09-06,1457.67
ORD000094,CUST00004,2024-09-07,1433.83
ORD000634,CUST00027,2024-09-07,3763.56
ORD001423,CUST00062,2024-09-07,1637.91
ORD002141,CUST00092,2024-09-07,2407.2
ORD002478,CUST00113,2024-09-07,1053.95
ORD002875,CUST00141,2024-09-07,2175.43
ORD002964,CUST00148,2024-09-07,2170.31
ORD003185,CUST00165,2024-09-07,1717.12
ORD003257,CUST00169,2024-09-07,1569.64
ORD004918,CUST00291,2024-09-07,1687.78
ORD005258,CUST00328,2024-09-07,1055.36
ORD005609,CUST00371,2024-09-07,757.74
ORD005741,CUST00387,2024-09-07,1253.09
ORD006322,CUST00467,2024-09-07,797.35
ORD000879,CUST00038,2024-09-08,2027.0
ORD002507,CUST00115,2024-09-08,1598.02
ORD003140,CUST00162,2024-09-08,809.38
ORD003351,CUST00177,2024-09-08,830.96
ORD003408,CUST00181,2024-09-08,1418.47
ORD003528,CUST00189,2024-09-08,1000.04
ORD005013,CUST00298,2024-09-08,1974.45
ORD005041,CUST00300,2024-09-08,1796.2
ORD005405,CUST00346,2024-09-08,1339.83
ORD000188,CUST00008,2024-09-09,1935.65
ORD000453,CUST00019,2024-09-09,1344.04
ORD002414,CUST00108,2024-09-09,1422.48
ORD002460,CUST00111,2024-09-09,2043.55
ORD003400,CUST00180,2024-09-09,1196.92
ORD003425,CUST00182,2024-09-09,1296.34
ORD004260,CUST00242,2024-09-09,703.07
ORD005530,CUST00361,2024-09-09,1201.17
ORD005988,CUST00420,2024-09-09,952.5
ORD006193,CUST00449,2024-09-09,506.12
ORD006450,CUST00484,2024-09-09,1110.59
ORD006645,CUST00508,2024-09-09,1178.31
ORD006792,CUST00528,2024-09-09,606.43
ORD000939,CUST00041,2024-09-10,1328.42
ORD001289,CUST00056,2024-09-10,1346.18
ORD001400,CUST00061,2024-09-10,4005.35
ORD002163,CUST00093,2024-09-10,3290.77
ORD002384,CUST00105,2024-09-10,1375.43
ORD002707,CUST00129,2024-09-10,2122.9
ORD003022,CUST00153,2024-09-10,978.69
ORD003125,CUST00161,2024-09-10,2055.09
ORD003597,CUST00194,2024-09-10,1827.41
ORD003871,CUST00215,2024-09-10,1489.02
ORD004003,CUST00224,2024-09-10,1685.44
ORD004360,CUST00250,2024-09-10,888.97
ORD004606,CUST00266,2024-09-10,837.08
ORD005064,CUST00303,2024-09-10,693.55
ORD005886,CUST00406,2024-09-10,1381.75
ORD005933,CUST00413,2024-09-10,1210.01
ORD005976,CUST00418,2024-09-10,1287.52
ORD006043,CUST00428,2024-09-10,1322.7
ORD006142,CUST00443,2024-09-10,686.89
ORD006396,CUST00477,2024-09-10,1271.34
ORD000572,CUST00024,2024-09-11,3806.95
ORD002025,CUST00087,2024-09-11,1848.35
ORD002539,CUST00117,2024-09-11,1658.38
ORD003046,CUST00155,2024-09-11,1331.52
ORD003085,CUST00158,2024-09-11,1285.11
ORD003675,CUST00200,2024-09-11,1691.21
ORD004665,CUST00271,2024-09-11,781.11
ORD005316,CUST00336,2024-09-11,981.61
ORD006379,CUST00475,2024-09-11,959.16
ORD006591,CUST00501,2024-09-11,454.51
ORD006670,CUST00511,2024-09-11,886.54
ORD006933,CUST00545,2024-09-11,1374.23
ORD000427,CUST00018,2024-09-12,3542.28
ORD000654,CUST00028,2024-09-12,1437.85
ORD001481,CUST00064,2024-09-12,4251.27
ORD001573,CUST00068,2024-09-12,3121.67
ORD004094,CUST00230,2024-09-12,2019.81
ORD004250,CUST00241,2024-09-12,1615.67
ORD004593,CUST00265,2024-09-12,1237.13
ORD005055,CUST00302,2024-09-12,574.81
ORD005267,CUST00329,2024-09-12,1295.59
ORD006422,CUST00480,2024-09-12,1070.04
ORD006575,CUST00499,2024-09-12,739.59
ORD000739,CUST00032,2024-09-13,2221.24
ORD000853,CUST00037,2024-09-13,3014.99
ORD000981,CUST00043,2024-09-13,2246.23
ORD002673,CUST00126,2024-09-13,998.31
ORD003782,CUST00209,2024-09-13,1091.02
ORD003911,CUST00218,2024-09-13,1544.59
ORD004279,CUST00244,2024-09-13,1236.73
ORD005114,CUST00309,2024-09-13,1166.73
ORD005192,CUST00319,2024-09-13,638.22
ORD005198,CUST00320,2024-09-13,1048.65
ORD005996,CUST00421,2024-09-13,638.17
ORD006350,CUST00471,2024-09-13,1148.15
ORD006484,CUST00489,2024-09-13,532.73
ORD000137,CUST00006,2024-09-14,3410.1
ORD000165,CUST00007,2024-09-14,3020.55
ORD000259,CUST00011,2024-09-14,2485.27
ORD001376,CUST00060,2024-09-14,3233.3
ORD001770,CUST00076,2024-09-14,2336.02
ORD002554,CUST00118,2024-09-14,1819.16
ORD004033,CUST00226,2024-09-14,775.63
ORD004623,CUST00267,2024-09-14,1283.78
ORD005030,CUST00299,2024-09-14,1986.88
ORD006204,CUST00451,2024-09-14,526.18
ORD006664,CUST00510,2024-09-14,551.78
ORD006844,CUST00535,2024-09-14,511.47
ORD006906,CUST00542,2024-09-14,645.23
ORD000549,CUST00023,2024-09-15,1307.96
ORD001022,CUST00045,2024-09-15,2100.36
ORD001048,CUST00046,2024-09-15,3667.52
ORD002861,CUST00140,2024-09-15,903.63
ORD003662,CUST00199,2024-09-15,1549.64
ORD003825,CUST00212,2024-09-15,2096.6
ORD004863,CUST00287,2024-09-15,1383.68
ORD005982,CUST00419,2024-09-15,1249.83
ORD006002,CUST00422,2024-09-15,1212.62
ORD006833,CUST00534,2024-09-15,988.94
ORD000212,CUST00009,2024-09-16,3435.15
ORD000507,CUST00021,2024-09-16,1922.71
ORD000610,CUST00026,2024-09-16,4064.7
ORD002050,CUST00088,2024-09-16,3918.17
ORD002314,CUST00100,2024-09-16,2824.72
ORD002589,CUST00121,2024-09-16,837.86
ORD002884,CUST00142,2024-09-16,1944.19
ORD002995,CUST00151,2024-09-16,1253.83
ORD003648,CUST00198,2024-09-16,1445.1
ORD004231,CUST00240,2024-09-16,1873.04
ORD005286,CUST00332,2024-09-16,723.05
ORD005830,CUST00398,2024-09-16,912.21
ORD006244,CUST00456,2024-09-16,997.84
ORD006755,CUST00523,2024-09-16,1195.55
ORD006979,CUST00550,2024-09-16,906.7
ORD008663,CUST00967,2024-09-16,594.64
ORD001103,CUST00048,2024-09-17,1662.45
ORD001236,CUST00054,2024-09-17,2546.55
ORD001340,CUST00058,2024-09-17,2466.24
ORD001523,CUST00066,2024-09-17,3617.13
ORD001546,CUST00067,2024-09-17,3512.39
ORD001672,CUST00072,2024-09-17,2315.24
ORD001904,CUST00082,2024-09-17,4351.79
ORD002337,CUST00102,2024-09-17,1119.44
ORD003098,CUST00159,2024-09-17,1391.66
ORD003584,CUST00193,2024-09-17,1306.67
ORD004164,CUST00235,2024-09-17,1951.69
ORD004440,CUST00255,2024-09-17,1261.4
ORD004450,CUST00256,2024-09-17,1293.85
ORD004690,CUST00273,2024-09-17,1457.94
ORD005208,CUST00321,2024-09-17,576.74
ORD005835,CUST00399,2024-09-17,862.81
ORD006473,CUST00487,2024-09-17,488.16
ORD006493,CUST00490,2024-09-17,978.7
ORD006895,CUST00541,2024-09-17,1386.93
ORD000236,CUST00010,2024-09-18,2733.01
ORD000405,CUST00017,2024-09-18,1798.91
ORD000811,CUST00035,2024-09-18,2318.82
ORD001173,CUST00051,2024-09-18,2704.83
ORD001316,CUST00057,2024-09-18,1965.12
ORD001626,CUST00070,2024-09-18,1396.53
ORD001979,CUST00085,2024-09-18,3610.63
ORD002094,CUST00090,2024-09-18,2431.33
ORD002565,CUST00119,2024-09-18,1967.28
ORD002820,CUST00137,2024-09-18,1837.66
ORD003056,CUST00156,2024-09-18,740.95
ORD003115,CUST00160,2024-09-18,2136.69
ORD003472,CUST00185,2024-09-18,1572.48
ORD003718,CUST00203,2024-09-18,1444.68
ORD008650,CUST00954,2024-09-18,1968.48
ORD000023,CUST00001,2024-09-19,4121.99
ORD002203,CUST00095,2024-09-19,4243.76
ORD002725,CUST00130,2024-09-19,1969.21
ORD003883,CUST00216,2024-09-19,1642.54
ORD004560,CUST00263,2024-09-19,765.5
ORD004750,CUST00278,2024-09-19,1924.58
ORD005328,CUST00337,2024-09-19,511.27
ORD006033,CUST00426,2024-09-19,459.72
ORD006274,CUST00460,2024-09-19,1350.28
ORD006509,CUST00492,2024-09-19,917.03
ORD006724,CUST00519,2024-09-19,464.81
ORD001357,CUST00059,2024-09-20,1941.98
ORD002074,CUST00089,2024-09-20,1379.08
ORD002985,CUST00150,2024-09-20,1566.9
ORD003441,CUST00183,2024-09-20,2179.96
ORD004465,CUST00257,2024-09-20,2052.21
ORD004482,CUST00258,2024-09-20,2195.26
ORD006253,CUST00457,2024-09-20,798.09
ORD000115,CUST00005,2024-09-21,2788.48
ORD000354,CUST00015,2024-09-21,3304.97
ORD001795,CUST00077,2024-09-21,2061.78
ORD002223,CUST00096,2024-09-21,2039.91
ORD003634,CUST00197,2024-09-21,1588.8
ORD003976,CUST00222,2024-09-21,1142.25
ORD004339,CUST00248,2024-09-21,1740.05
ORD004392,CUST00252,2024-09-21,1399.81
ORD005137,CUST00312,2024-09-21,440.89
ORD005275,CUST00330,2024-09-21,1061.73
ORD005776,CUST00392,2024-09-21,1345.27
ORD006076,CUST00432,2024-09-21,951.45
ORD006211,CUST00452,2024-09-21,1368.44
ORD006770,CUST00525,2024-09-21,704.74
ORD001697,CUST00073,2024-09-22,1815.72
ORD002845,CUST00139,2024-09-22,2198.48
ORD002921,CUST00144,2024-09-22,956.91
ORD003728,CUST00204,2024-09-22,1584.22
ORD004351,CUST00249,2024-09-22,1342.16
ORD004654,CUST00270,2024-09-22,1057.1
ORD004998,CUST00297,2024-09-22,2169.23
ORD005049,CUST00301,2024-09-22,745.06
ORD005148,CUST00313,2024-09-22,1142.93
ORD005856,CUST00402,2024-09-22,919.82
ORD006087,CUST00433,2024-09-22,1117.36
ORD000311,CUST00013,2024-09-23,1781.25
ORD000675,CUST00029,2024-09-23,1851.0
ORD000712,CUST00031,2024-09-23,4225.26
ORD001750,CUST00075,2024-09-23,3196.43
ORD002355,CUST00103,2024-09-23,1414.81
ORD002943,CUST00146,2024-09-23,1991.64
ORD003896,CUST00217,2024-09-23,1082.75
ORD005703,CUST00383,2024-09-23,852.64
ORD005840,CUST00400,2024-09-23,497.4
ORD006108,CUST00437,2024-09-23,611.48
ORD000067,CUST00003,2024-09-24,3977.51
ORD000281,CUST00012,2024-09-24,2032.5
ORD000483,CUST00020,2024-09-24,1760.95
ORD000592,CUST00025,2024-09-24,2950.84
ORD000789,CUST00034,2024-09-24,2037.05
ORD001127,CUST00049,2024-09-24,3995.54
ORD002122,CUST00091,2024-09-24,3550.26
ORD002658,CUST00125,2024-09-24,765.22
ORD002689,CUST00127,2024-09-24,905.89
ORD002699,CUST00128,2024-09-24,1900.16
ORD003488,CUST00186,2024-09-24,843.75
ORD004118,CUST00232,2024-09-24,1922.62
ORD004198,CUST00238,2024-09-24,1989.47
ORD004807,CUST00282,2024-09-24,2097.23
ORD005429,CUST00349,2024-09-24,886.3
ORD005466,CUST00353,2024-09-24,1192.02
ORD006233,CUST00454,2024-09-24,834.32
ORD006634,CUST00506,2024-09-24,1350.36
ORD006856,CUST00536,2024-09-24,720.02
ORD000761,CUST00033,2024-09-25,4271.73
ORD003071,CUST00157,2024-09-25,2100.91
ORD003554,CUST00191,2024-09-25,1132.41
ORD005363,CUST00341,2024-09-25,408.48
ORD005660,CUST00378,2024-09-25,1347.14
ORD000526,CUST00022,2024-09-26,4391.99
ORD001265,CUST00055,2024-09-26,2820.32
ORD003239,CUST00168,2024-09-26,1028.91
ORD004427,CUST00254,2024-09-26,1844.62
ORD005224,CUST00324,2024-09-26,588.86
ORD006132,CUST00441,2024-09-26,761.88
ORD006739,CUST00521,2024-09-26,937.34
ORD000380,CUST00016,2024-09-27,2750.71
ORD000692,CUST00030,2024-09-27,2468.79
ORD000961,CUST00042,2024-09-27,1304.18
ORD001644,CUST00071,2024-09-27,1306.86
ORD002290,CUST00099,2024-09-27,4044.68
ORD003223,CUST00167,2024-09-27,1740.26
ORD003852,CUST00214,2024-09-27,1979.55
ORD004634,CUST00268,2024-09-27,1186.53
ORD004712,CUST00275,2024-09-27,758.24
ORD004732,CUST00277,2024-09-27,1856.46
ORD004889,CUST00289,2024-09-27,1984.38
ORD004908,CUST00290,2024-09-27,876.02
ORD004940,CUST00293,2024-09-27,1955.72
ORD005231,CUST00325,2024-09-27,645.25
ORD005445,CUST00351,2024-09-27,1271.29
ORD005643,CUST00376,2024-09-27,479.77
ORD005758,CUST00389,2024-09-27,1063.94
ORD005823,CUST00397,2024-09-27,754.19
ORD000331,CUST00014,2024-09-28,3479.01
ORD000655,CUST00028,2024-09-28,2639.52
ORD001072,CUST00047,2024-09-28,1441.0
ORD001155,CUST00050,2024-09-28,3111.17
ORD001840,CUST00079,2024-09-28,2615.78
ORD001859,CUST00080,2024-09-28,3599.66
ORD001883,CUST00081,2024-09-28,4411.3
ORD001928,CUST00083,2024-09-28,1514.3
ORD002369,CUST00104,2024-09-28,817.61
ORD002932,CUST00145,2024-09-28,1926.16
ORD003153,CUST00163,2024-09-28,1510.19
ORD003308,CUST00173,2024-09-28,1820.93
ORD003518,CUST00188,2024-09-28,1862.04
ORD003761,CUST00207,2024-09-28,1199.08
ORD004067,CUST00228,2024-09-28,1476.02
ORD005498,CUST00357,2024-09-28,503.68
ORD000046,CUST00002,2024-09-29,1660.78
ORD000095,CUST00004,2024-09-29,2118.97
ORD001424,CUST00062,2024-09-29,2914.17
ORD001502,CUST00065,2024-09-29,1208.48
ORD001724,CUST00074,2024-09-29,2711.92
ORD002142,CUST00092,2024-09-29,4141.74
ORD002240,CUST00097,2024-09-29,3045.01
ORD002623,CUST00123,2024-09-29,1843.05
ORD003205,CUST00166,2024-09-29,881.2
ORD003266,CUST00170,2024-09-29,1353.8
ORD004374,CUST00251,2024-09-29,1717.45
ORD004513,CUST00260,2024-09-29,2000.42
ORD004873,CUST00288,2024-09-29,2171.71
ORD005351,CUST00340,2024-09-29,1178.8
ORD005919,CUST00411,2024-09-29,841.53
ORD006279,CUST00461,2024-09-29,449.22
ORD006304,CUST00464,2024-09-29,1135.87
ORD000189,CUST00008,2024-09-30,2514.94
ORD001482,CUST00064,2024-09-30,2696.13
ORD002470,CUST00112,2024-09-30,2141.82
ORD002953,CUST00147,2024-09-30,891.09
ORD004722,CUST00276,2024-09-30,1070.19
ORD005370,CUST00342,2024-09-30,903.58
ORD005637,CUST00375,2024-09-30,1318.03
ORD006017,CUST00424,2024-09-30,644.21
ORD006104,CUST00436,2024-09-30,1021.92
ORD006686,CUST00513,2024-09-30,970.75
ORD000895,CUST00039,2024-10-01,2008.1
ORD001004,CUST00044,2024-10-01,2775.58
ORD001192,CUST00052,2024-10-01,3706.63
ORD001816,CUST00078,2024-10-01,3359.63
ORD002185,CUST00094,2024-10-01,1732.11
ORD002264,CUST00098,2024-10-01,2902.18
ORD002761,CUST00133,2024-10-01,1944.84
ORD002772,CUST00134,2024-10-01,2060.74
ORD003317,CUST00174,2024-10-01,749.07
ORD004051,CUST00227,2024-10-01,1853.55
ORD004146,CUST00234,2024-10-01,878.15
ORD004532,CUST00261,2024-10-01,893.71
ORD000611,CUST00026,2024-10-02,4395.72
ORD001237,CUST00054,2024-10-02,1495.74
ORD001452,CUST00063,2024-10-02,2881.42
ORD001600,CUST00069,2024-10-02,2092.44
ORD001955,CUST00084,2024-10-02,3179.84
ORD002026,CUST00087,2024-10-02,2170.79
ORD002406,CUST00107,2024-10-02,2102.29
ORD003294,CUST00172,2024-10-02,760.09
ORD003610,CUST00195,2024-10-02,1990.54
ORD003739,CUST00205,2024-10-02,1693.34
ORD003837,CUST00213,2024-10-02,2016.85
ORD003942,CUST00220,2024-10-02,1836.03
ORD004295,CUST00245,2024-10-02,1818.96
ORD005219,CUST00323,2024-10-02,631.72
ORD005303,CUST00334,2024-10-02,1357.62
ORD005574,CUST00366,2024-10-02,1326.58
ORD005619,CUST00372,2024-10-02,617.46
ORD006883,CUST00539,2024-10-02,423.68
ORD008433,CUST00798,2024-10-02,1469.68
ORD008442,CUST00804,2024-10-02,1027.57
ORD008471,CUST00822,2024-10-02,956.3
ORD000573,CUST00024,2024-10-03,3143.21
ORD000915,CUST00040,2024-10-03,2845.91
ORD001023,CUST00045,2024-10-03,2291.26
ORD001999,CUST00086,2024-10-03,4310.82
ORD002095,CUST00090,2024-10-03,3026.63
ORD002164,CUST00093,2024-10-03,3955.08
ORD003329,CUST00175,2024-10-03,1672.26
ORD003568,CUST00192,2024-10-03,1687.82
ORD004828,CUST00284,2024-10-03,1030.56
ORD004850,CUST00286,2024-10-03,1565.38
ORD005382,CUST00343,2024-10-03,1008.74
ORD005553,CUST00364,2024-10-03,1384.8
ORD005764,CUST00390,2024-10-03,897.83
ORD006343,CUST00470,2024-10-03,635.74
ORD006440,CUST00482,2024-10-03,1032.24
ORD006746,CUST00522,2024-10-03,799.43
ORD008476,CUST00825,2024-10-03,1342.83
ORD001174,CUST00051,2024-10-04,3238.86
ORD002444,CUST00110,2024-10-04,981.68
ORD002575,CUST00120,2024-10-04,1593.64
ORD003409,CUST00181,2024-10-04,909.13
ORD003503,CUST00187,2024-10-04,1928.27
ORD003543,CUST00190,2024-10-04,1456.29
ORD003771,CUST00208,2024-10-04,1886.53
ORD003958,CUST00221,2024-10-04,1735.44
ORD004106,CUST00231,2024-10-04,1640.48
ORD004408,CUST00253,2024-10-04,1068.95
ORD004575,CUST00264,2024-10-04,1392.86
ORD005631,CUST00374,2024-10-04,636.42
ORD006258,CUST00458,2024-10-04,667.92
ORD006266,CUST00459,2024-10-04,618.95
ORD006330,CUST00468,2024-10-04,541.33
ORD006445,CUST00483,2024-10-04,1294.27
ORD006625,CUST00505,2024-10-04,1220.49
ORD006821,CUST00533,2024-10-04,877.28
ORD008439,CUST00802,2024-10-04,662.1
ORD000833,CUST00036,2024-10-05,2408.88
ORD000940,CUST00041,2024-10-05,3853.09
ORD001377,CUST00060,2024-10-05,3884.65
ORD001574,CUST00068,2024-10-05,4227.51
ORD002805,CUST00136,2024-10-05,1223.53
ORD003928,CUST00219,2024-10-05,771.59
ORD005543,CUST00363,2024-10-05,1383.41
ORD006309,CUST00465,2024-10-05,858.91
ORD006585,CUST00500,2024-10-05,1203.55
ORD006678,CUST00512,2024-10-05,1395.83
ORD008573,CUST00887,2024-10-05,1318.58
ORD008574,CUST00888,2024-10-05,1229.06
ORD000213,CUST00009,2024-10-06,3231.2
ORD000428,CUST00018,2024-10-06,3017.77
ORD002640,CUST00124,2024-10-06,1927.26
ORD002788,CUST00135,2024-10-06,2141.45
ORD004177,CUST00236,2024-10-06,948.42
ORD004495,CUST00259,2024-10-06,1855.2
ORD004968,CUST00295,2024-10-06,912.5
ORD005952,CUST00415,2024-10-06,1322.27
ORD006038,CUST00427,2024-10-06,831.08
ORD006390,CUST00476,2024-10-06,578.33
ORD006719,CUST00518,2024-10-06,1263.44
ORD008402,CUST00776,2024-10-06,625.7
ORD008538,CUST00865,2024-10-06,610.11
ORD000508,CUST00021,2024-10-07,3248.94
ORD000854,CUST00037,2024-10-07,4141.39
ORD001341,CUST00058,2024-10-07,2806.01
ORD001627,CUST00070,2024-10-07,3135.81
ORD001771,CUST00076,2024-10-07,3671.57
ORD001980,CUST00085,2024-10-07,1541.73
ORD003337,CUST00176,2024-10-07,1841.33
ORD003800,CUST00210,2024-10-07,1488.76
ORD004083,CUST00229,2024-10-07,1615.6
ORD004644,CUST00269,2024-10-07,1812.72
ORD004780,CUST00280,2024-10-07,1205.54
ORD005089,CUST00306,2024-10-07,759.24
ORD005786,CUST00393,2024-10-07,550.23
ORD006416,CUST00479,2024-10-07,960.49
ORD006713,CUST00517,2024-10-07,1009.81
ORD008429,CUST00796,2024-10-07,1502.61
ORD008519,CUST00852,2024-10-07,1226.8
ORD008591,CUST00898,2024-10-07,921.63
ORD000812,CUST00035,2024-10-08,2837.47
ORD001698,CUST00073,2024-10-08,2068.88
ORD002708,CUST00129,2024-10-08,976.2
ORD002749,CUST00132,2024-10-08,763.62
ORD002902,CUST00143,2024-10-08,766.04
ORD003284,CUST00171,2024-10-08,1993.3
ORD003810,CUST00211,2024-10-08,1790.06
ORD004189,CUST00237,2024-10-08,728.46
ORD004703,CUST00274,2024-10-08,1403.89
ORD004929,CUST00292,2024-10-08,1589.32
ORD005120,CUST00310,2024-10-08,581.19
ORD005874,CUST00404,2024-10-08,675.18
ORD006291,CUST00462,2024-10-08,556.95
ORD006803,CUST00530,2024-10-08,907.42
ORD008369,CUST00751,2024-10-08,1586.64
ORD008558,CUST00878,2024-10-08,615.75
ORD008623,CUST00927,2024-10-08,644.68
ORD008646,CUST00950,2024-10-08,1383.68
ORD000138,CUST00006,2024-10-09,1987.66
ORD000454,CUST00019,2024-10-09,3527.25
ORD000790,CUST00034,2024-10-09,2378.41
ORD000982,CUST00043,2024-10-09,3049.61
ORD001217,CUST00053,2024-10-09,4351.03
ORD002738,CUST00131,2024-10-09,1187.34
ORD004004,CUST00224,2024-10-09,2024.76
ORD005103,CUST00308,2024-10-09,1192.71
ORD005623,CUST00373,2024-10-09,821.75
ORD006200,CUST00450,2024-10-09,406.67
ORD006239,CUST00455,2024-10-09,884.23
ORD006950,CUST00547,2024-10-09,722.38
ORD006968,CUST00549,2024-10-09,632.98
ORD000635,CUST00027,2024-10-10,3167.54
ORD001751,CUST00075,2024-10-10,1820.19
ORD001905,CUST00082,2024-10-10,4098.97
ORD002385,CUST00105,2024-10-10,975.83
ORD002396,CUST00106,2024-10-10,932.91
ORD002522,CUST00116,2024-10-10,1124.69
ORD003170,CUST00164,2024-10-10,1429.76
ORD004280,CUST00244,2024-10-10,1924.42
ORD005536,CUST00362,2024-10-10,493.25
ORD005602,CUST00370,2024-10-10,1358.1
ORD006692,CUST00514,2024-10-10,719.4
ORD000282,CUST00012,2024-10-11,2752.01
ORD000484,CUST00020,2024-10-11,3211.32
ORD000550,CUST00023,2024-10-11,1916.99
ORD001104,CUST00048,2024-10-11,1972.73
ORD001128,CUST00049,2024-10-11,2967.6
ORD002415,CUST00108,2024-10-11,1907.06
ORD003010,CUST00152,2024-10-11,888.32
ORD004307,CUST00246,2024-10-11,1184.5
ORD004795,CUST00281,2024-10-11,1627.53
ORD005678,CUST00380,2024-10-11,1255.86
ORD008510,CUST00845,2024-10-11,1217.15
ORD008569,CUST00885,2024-10-11,1265.1
ORD000166,CUST00007,2024-10-12,3050.99
ORD001401,CUST00061,2024-10-12,2512.46
ORD001547,CUST00067,2024-10-12,2249.59
ORD002434,CUST00109,2024-10-12,1059.34
ORD002461,CUST00111,2024-10-12,1925.88
ORD003701,CUST00202,2024-10-12,1116.66
ORD004325,CUST00247,2024-10-12,1912.09
ORD004548,CUST00262,2024-10-12,1564.2
ORD005479,CUST00355,2024-10-12,1213.78
ORD006809,CUST00531,2024-10-12,1197.27
ORD008374,CUST00755,2024-10-12,1176.21
ORD000381,CUST00016,2024-10-13,1963.87
ORD000740,CUST00032,2024-10-13,4183.12
ORD000880,CUST00038,2024-10-13,4355.96
ORD002075,CUST00089,2024-10-13,3041.68
ORD002224,CUST00096,2024-10-13,4203.28
ORD003625,CUST00196,2024-10-13,767.68
ORD004594,CUST00265,2024-10-13,1771.62
ORD005410,CUST00347,2024-10-13,912.48
ORD005726,CUST00385,2024-10-13,571.03
ORD006866,CUST00537,2024-10-13,995.23
ORD008390,CUST00767,2024-10-13,594.75
ORD008420,CUST00789,2024-10-13,1517.69
ORD001358,CUST00059,2024-10-14,1755.09
ORD001503,CUST00065,2024-10-14,2007.02
ORD001725,CUST00074,2024-10-14,3795.62
ORD002862,CUST00140,2024-10-14,1640.8
ORD003086,CUST00158,2024-10-14,917.72
ORD003370,CUST00178,2024-10-14,1698.78
ORD004134,CUST00233,2024-10-14,1335.13
ORD004674,CUST00272,2024-10-14,2188.02
ORD004751,CUST00278,2024-10-14,845.31
ORD005421,CUST00348,2024-10-14,1069.15
ORD006814,CUST00532,2024-10-14,665.76
ORD000024,CUST00001,2024-10-15,3105.26
ORD000962,CUST00042,2024-10-15,1829.59
ORD001290,CUST00056,2024-10-15,3435.66
ORD001317,CUST00057,2024-10-15,3278.21
ORD002479,CUST00113,2024-10-15,1186.77
ORD003116,CUST00160,2024-10-15,1984.66
ORD003258,CUST00169,2024-10-15,998.13
ORD003352,CUST00177,2024-10-15,2046.92
ORD003719,CUST00203,2024-10-15,1057.12
ORD006298,CUST00463,2024-10-15,1261.98
ORD008497,CUST00838,2024-10-15,767.61
ORD004018,CUST00225,2024-10-16,770.57
ORD004985,CUST00296,2024-10-16,1467.14
ORD005521,CUST00360,2024-10-16,1392.83
ORD005688,CUST00381,2024-10-16,854.02
ORD008460,CUST00815,2024-10-16,403.38
ORD008474,CUST00824,2024-10-16,568.84
ORD008636,CUST00940,2024-10-16,2484.88
ORD008666,CUST00970,2024-10-16,539.48
ORD000260,CUST00011,2024-10-17,4322.0
ORD000713,CUST00031,2024-10-17,4393.4
ORD001601,CUST00069,2024-10-17,2252.3
ORD001860,CUST00080,2024-10-17,1896.93
ORD002338,CUST00102,2024-10-17,1557.11
ORD002540,CUST00117,2024-10-17,1537.03
ORD002976,CUST00149,2024-10-17,1857.02
ORD003383,CUST00179,2024-10-17,1762.17
ORD003442,CUST00183,2024-10-17,2099.73
ORD003457,CUST00184,2024-10-17,1951.36
ORD003473,CUST00185,2024-10-17,1179.52
ORD005564,CUST00365,2024-10-17,1033.55
ORD008382,CUST00760,2024-10-17,1544.3
ORD008514,CUST00849,2024-10-17,1171.62
ORD000116,CUST00005,2024-10-18,4178.06
ORD000574,CUST00024,2024-10-18,1775.01
ORD001193,CUST00052,2024-10-18,2537.42
ORD002495,CUST00114,2024-10-18,1882.84
ORD003032,CUST00154,2024-10-18,1796.94
ORD004607,CUST00266,2024-10-18,741.92
ORD004763,CUST00279,2024-10-18,2007.42
ORD005014,CUST00298,2024-10-18,1588.47
ORD005042,CUST00300,2024-10-18,1446.71
ORD005337,CUST00338,2024-10-18,823.67
ORD005439,CUST00350,2024-10-18,1268.02
ORD005586,CUST00367,2024-10-18,1145.19
ORD006431,CUST00481,2024-10-18,1315.81
ORD008454,CUST00812,2024-10-18,621.23
ORD008531,CUST00860,2024-10-18,953.03
ORD001049,CUST00046,2024-10-19,2432.96
ORD001524,CUST00066,2024-10-19,3709.59
ORD002315,CUST00100,2024-10-19,4066.94
ORD003748,CUST00206,2024-10-19,2141.12
ORD003987,CUST00223,2024-10-19,2057.61
ORD004261,CUST00242,2024-10-19,706.42
ORD005814,CUST00396,2024-10-19,816.31
ORD006095,CUST00434,2024-10-19,477.45
ORD006176,CUST00447,2024-10-19,496.9
ORD006481,CUST00488,2024-10-19,1237.31
ORD006617,CUST00504,2024-10-19,436.61
ORD006653,CUST00509,2024-10-19,1375.9
ORD008533,CUST00861,2024-10-19,541.45
ORD000237,CUST00010,2024-10-20,2022.35
ORD001929,CUST00083,2024-10-20,2790.37
ORD002325,CUST00101,2024-10-20,1477.31
ORD002885,CUST00142,2024-10-20,1024.21
ORD002965,CUST00148,2024-10-20,1880.99
ORD003687,CUST00201,2024-10-20,1945.32
ORD005312,CUST00335,2024-10-20,1103.96
ORD005516,CUST00359,2024-10-20,432.67
ORD005934,CUST00413,2024-10-20,759.56
ORD006705,CUST00516,2024-10-20,783.35
ORD000355,CUST00015,2024-10-21,1538.54
ORD000406,CUST00017,2024-10-21,2638.42
ORD001378,CUST00060,2024-10-21,3081.25
ORD001673,CUST00072,2024-10-21,4147.65
ORD002051,CUST00088,2024-10-21,1229.05
ORD002831,CUST00138,2024-10-21,2179.42
ORD002986,CUST00150,2024-10-21,1008.49
ORD003141,CUST00162,2024-10-21,1791.32
ORD003912,CUST00218,2024-10-21,835.33
ORD004361,CUST00250,2024-10-21,1084.43
ORD004451,CUST00256,2024-10-21,1337.53
ORD004950,CUST00294,2024-10-21,941.82
ORD005168,CUST00316,2024-10-21,517.43
ORD005610,CUST00371,2024-10-21,615.18
ORD006222,CUST00453,2024-10-21,1061.13
ORD006785,CUST00527,2024-10-21,923.34
ORD008415,CUST00786,2024-10-21,807.93
ORD008541,CUST00866,2024-10-21,530.13
ORD008693,CUST00997,2024-10-21,1666.59
ORD001005,CUST00044,2024-10-22,3694.51
ORD001575,CUST00068,2024-10-22,1271.94
ORD002027,CUST00087,2024-10-22,4445.4
ORD002604,CUST00122,2024-10-22,1040.08
ORD002876,CUST00141,2024-10-22,1501.41
ORD003884,CUST00216,2024-10-22,1591.31
ORD004393,CUST00252,2024-10-22,1058.53
ORD004816,CUST00283,2024-10-22,830.63
ORD005715,CUST00384,2024-10-22,918.62
ORD005900,CUST00408,2024-10-22,976.04
ORD005989,CUST00420,2024-10-22,787.12
ORD006137,CUST00442,2024-10-22,969.34
ORD006560,CUST00497,2024-10-22,1173.26
ORD006565,CUST00498,2024-10-22,1370.23
ORD008391,CUST00768,2024-10-22,1378.26
ORD008546,CUST00869,2024-10-22,1039.42
ORD008617,CUST00921,2024-10-22,1196.81
ORD000190,CUST00008,2024-10-23,4052.36
ORD000593,CUST00025,2024-10-23,2868.32
ORD001817,CUST00078,2024-10-23,2372.44
ORD002204,CUST00095,2024-10-23,3148.97
ORD002265,CUST00098,2024-10-23,3230.13
ORD002590,CUST00121,2024-10-23,1553.6
ORD003154,CUST00163,2024-10-23,1276.64
ORD003309,CUST00173,2024-10-23,2164.63
ORD003872,CUST00215,2024-10-23,970.85
ORD004095,CUST00230,2024-10-23,2187.89
ORD004624,CUST00267,2024-10-23,1030.14
ORD008472,CUST00822,2024-10-23,1337.67
ORD000312,CUST00013,2024-10-24,4386.06
ORD001772,CUST00076,2024-10-24,2140.73
ORD001884,CUST00081,2024-10-24,3521.34
ORD002659,CUST00125,2024-10-24,790.17
ORD003023,CUST00153,2024-10-24,711.14
ORD003072,CUST00157,2024-10-24,1956.42
ORD003529,CUST00189,2024-10-24,1227.3
ORD004466,CUST00257,2024-10-24,1963.91
ORD004839,CUST00285,2024-10-24,1804.0
ORD004999,CUST00297,2024-10-24,1267.95
ORD005099,CUST00307,2024-10-24,1151.09
ORD005924,CUST00412,2024-10-24,973.78
ORD006408,CUST00478,2024-10-24,960.15
ORD006781,CUST00526,2024-10-24,805.84
ORD008529,CUST00858,2024-10-24,681.06
ORD008530,CUST00859,2024-10-24,1392.73
ORD000068,CUST00003,2024-10-25,3209.6
ORD003826,CUST00212,2024-10-25,2062.34
ORD003897,CUST00217,2024-10-25,2147.57
ORD004068,CUST00228,2024-10-25,827.17
ORD004217,CUST00239,2024-10-25,872.62
ORD004375,CUST00251,2024-10-25,1056.08
ORD005193,CUST00319,2024-10-25,1039.62
ORD006518,CUST00493,2024-10-25,1302.98
ORD006939,CUST00546,2024-10-25,1083.95
ORD008437,CUST00801,2024-10-25,1501.8
ORD008492,CUST00836,2024-10-25,996.44
ORD000509,CUST00021,2024-10-26,3273.22
ORD000636,CUST00027,2024-10-26,1713.41
ORD000791,CUST00034,2024-10-26,2337.85
ORD001073,CUST00047,2024-10-26,2336.95
ORD001156,CUST00050,2024-10-26,2174.13
ORD001628,CUST00070,2024-10-26,3755.41
ORD001796,CUST00077,2024-10-26,2186.01
ORD002165,CUST00093,2024-10-26,3109.48
ORD002566,CUST00119,2024-10-26,1846.28
ORD002922,CUST00144,2024-10-26,1619.89
ORD003401,CUST00180,2024-10-26,1143.34
ORD003426,CUST00182,2024-10-26,1980.71
ORD003663,CUST00199,2024-10-26,1412.9
ORD004919,CUST00291,2024-10-26,1395.51
ORD005390,CUST00344,2024-10-26,1006.88
ORD006365,CUST00473,2024-10-26,919.38
ORD006485,CUST00489,2024-10-26,779.31
ORD008388,CUST00766,2024-10-26,1533.93
ORD008578,CUST00890,2024-10-26,1543.71
ORD000656,CUST00028,2024-10-27,4239.84
ORD000676,CUST00029,2024-10-27,1704.47
ORD000855,CUST00037,2024-10-27,3548.97
ORD000916,CUST00040,2024-10-27,2841.32
ORD001906,CUST00082,2024-10-27,2429.65
ORD002291,CUST00099,2024-10-27,1583.69
ORD003585,CUST00193,2024-10-27,1467.12
ORD004271,CUST00243,2024-10-27,1264.56
ORD005183,CUST00318,2024-10-27,403.6
ORD005806,CUST00395,2024-10-27,1037.04
ORD006639,CUST00507,2024-10-27,1394.92
ORD008592,CUST00898,2024-10-27,452.98
ORD000527,CUST00022,2024-10-28,2407.06
ORD000896,CUST00039,2024-10-28,2181.53
ORD001425,CUST00062,2024-10-28,1230.65
ORD001841,CUST00079,2024-10-28,2464.94
ORD001956,CUST00084,2024-10-28,3562.51
ORD002954,CUST00147,2024-10-28,1308.53
ORD002996,CUST00151,2024-10-28,2151.85
ORD003057,CUST00156,2024-10-28,823.77
ORD004232,CUST00240,2024-10-28,2128.92
ORD004441,CUST00255,2024-10-28,1396.4
ORD004851,CUST00286,2024-10-28,1166.2
ORD005209,CUST00321,2024-10-28,937.39
ORD005509,CUST00358,2024-10-28,1103.83
ORD005849,CUST00401,2024-10-28,1039.67
ORD005997,CUST00421,2024-10-28,988.62
ORD006551,CUST00496,2024-10-28,774.26
ORD006697,CUST00515,2024-10-28,792.17
ORD006793,CUST00528,2024-10-28,678.32
ORD008534,CUST00862,2024-10-28,1152.56
ORD000096,CUST00004,2024-10-29,1906.98
ORD001266,CUST00055,2024-10-29,3780.52
ORD001453,CUST00063,2024-10-29,2175.29
ORD002123,CUST00091,2024-10-29,2639.21
ORD002186,CUST00094,2024-10-29,1274.07
ORD002241,CUST00097,2024-10-29,2037.47
ORD002445,CUST00110,2024-10-29,928.22
ORD002726,CUST00130,2024-10-29,1768.03
ORD003126,CUST00161,2024-10-29,1855.18
ORD003186,CUST00165,2024-10-29,1504.84
ORD003598,CUST00194,2024-10-29,1438.28
ORD003783,CUST00209,2024-10-29,1589.53
ORD004199,CUST00238,2024-10-29,1273.02
ORD004864,CUST00287,2024-10-29,1125.09
ORD005668,CUST00379,2024-10-29,1036.9
ORD005769,CUST00391,2024-10-29,1038.73
ORD005895,CUST00407,2024-10-29,1162.61
ORD006003,CUST00422,2024-10-29,456.65
ORD006529,CUST00494,2024-10-29,440.13
ORD008446,CUST00806,2024-10-29,1200.26
ORD008512,CUST00847,2024-10-29,845.05
ORD008522,CUST00854,2024-10-29,1464.96
ORD008550,CUST00872,2024-10-29,1357.96
ORD000167,CUST00007,2024-10-30,1448.3
ORD000214,CUST00009,2024-10-30,2540.05
ORD000693,CUST00030,2024-10-30,3029.24
ORD000762,CUST00033,2024-10-30,2306.46
ORD002225,CUST00096,2024-10-30,2134.78
ORD002508,CUST00115,2024-10-30,1531.78
ORD002846,CUST00139,2024-10-30,768.24
ORD003267,CUST00170,2024-10-30,2091.83
ORD003569,CUST00192,2024-10-30,878.83
ORD005164,CUST00315,2024-10-30,1111.6
ORD005247,CUST00327,2024-10-30,1292.39
ORD005487,CUST00356,2024-10-30,735.83
ORD006013,CUST00423,2024-10-30,1297.64
ORD006053,CUST00429,2024-10-30,863.5
ORD006066,CUST00431,2024-10-30,1008.0
ORD006275,CUST00460,2024-10-30,1202.41
ORD006725,CUST00519,2024-10-30,607.01
ORD008443,CUST00804,2024-10-30,1092.03
ORD008481,CUST00828,2024-10-30,1485.77
ORD008567,CUST00884,2024-10-30,1163.5
ORD000047,CUST00002,2024-10-31,2978.63
ORD001645,CUST00071,2024-10-31,2250.12
ORD001752,CUST00075,2024-10-31,4214.33
ORD002000,CUST00086,2024-10-31,3425.0
ORD003838,CUST00213,2024-10-31,834.47
ORD004178,CUST00236,2024-10-31,1557.99
ORD004296,CUST00245,2024-10-31,1089.44
ORD005259,CUST00328,2024-10-31,1321.69
ORD005732,CUST00386,2024-10-31,705.32
ORD005905,CUST00409,2024-10-31,1229.89
ORD006323,CUST00467,2024-10-31,847.09
ORD006466,CUST00486,2024-10-31,598.68
ORD008398,CUST00774,2024-10-31,1520.56
ORD008508,CUST00844,2024-10-31,1439.86
ORD008524,CUST00855,2024-10-31,733.2
ORD000025,CUST00001,2024-11-01,1351.22
ORD000261,CUST00011,2024-11-01,4027.22
ORD000834,CUST00036,2024-11-01,4333.24
ORD000983,CUST00043,2024-11-01,2149.7
ORD001024,CUST00045,2024-11-01,3339.34
ORD001129,CUST00049,2024-11-01,1370.07
ORD001861,CUST00080,2024-11-01,3145.99
ORD002143,CUST00092,2024-11-01,3619.65
ORD003676,CUST00200,2024-11-01,1813.31
ORD003729,CUST00204,2024-11-01,1500.2
ORD003929,CUST00219,2024-11-01,2075.95
ORD005329,CUST00337,2024-11-01,1281.16
ORD005915,CUST00410,2024-11-01,1155.81
ORD005972,CUST00417,2024-11-01,1235.0
ORD006151,CUST00444,2024-11-01,1142.85
ORD006474,CUST00487,2024-11-01,582.5
ORD006876,CUST00538,2024-11-01,1339.99
ORD008489,CUST00834,2024-11-01,702.52
ORD000332,CUST00014,2024-11-02,3549.08
ORD002555,CUST00118,2024-11-02,1657.94
ORD003099,CUST00159,2024-11-02,1823.64
ORD003772,CUST00208,2024-11-02,704.61
ORD004052,CUST00227,2024-11-02,1952.22
ORD005065,CUST00303,2024-11-02,402.23
ORD005693,CUST00382,2024-11-02,603.02
ORD006167,CUST00446,2024-11-02,1100.11
ORD006194,CUST00449,2024-11-02,1066.43
ORD006351,CUST00471,2024-11-02,597.37
ORD006501,CUST00491,2024-11-02,1210.91
ORD008456,CUST00813,2024-11-02,1253.28
ORD008457,CUST00814,2024-11-02,455.88
ORD008469,CUST00821,2024-11-02,986.7
ORD008594,CUST00899,2024-11-02,814.42
ORD000575,CUST00024,2024-11-03,1618.3
ORD000741,CUST00032,2024-11-03,2413.88
ORD001238,CUST00054,2024-11-03,1507.11
ORD001483,CUST00064,2024-11-03,1381.59
ORD002806,CUST00136,2024-11-03,1980.74
ORD004874,CUST00288,2024-11-03,929.05
ORD004890,CUST00289,2024-11-03,845.98
ORD005138,CUST00312,2024-11-03,1060.43
ORD005287,CUST00332,2024-11-03,581.87
ORD005831,CUST00398,2024-11-03,1020.89
ORD006114,CUST00438,2024-11-03,550.07
ORD006184,CUST00448,2024-11-03,1282.38
ORD008370,CUST00751,2024-11-03,1040.91
ORD008377,CUST00757,2024-11-03,594.23
ORD008513,CUST00848,2024-11-03,1501.84
ORD008517,CUST00851,2024-11-03,1044.27
ORD001318,CUST00057,2024-11-04,3313.58
ORD001548,CUST00067,2024-11-04,1970.92
ORD002096,CUST00090,2024-11-04,1666.53
ORD002386,CUST00105,2024-11-04,887.56
ORD004409,CUST00253,2024-11-04,732.24
ORD004666,CUST00271,2024-11-04,1697.51
ORD004691,CUST00273,2024-11-04,1350.15
ORD005131,CUST00311,2024-11-04,461.35
ORD005591,CUST00368,2024-11-04,502.89
ORD006077,CUST00432,2024-11-04,840.44
ORD006088,CUST00433,2024-11-04,1351.7
ORD006380,CUST00475,2024-11-04,744.96
ORD006602,CUST00502,2024-11-04,990.15
ORD008376,CUST00756,2024-11-04,1188.95
ORD008422,CUST00791,2024-11-04,781.97
ORD008559,CUST00878,2024-11-04,1358.73
ORD000139,CUST00006,2024-11-05,1631.9
ORD000356,CUST00015,2024-11-05,3094.41
ORD000455,CUST00019,2024-11-05,2474.06
ORD000612,CUST00026,2024-11-05,2231.08
ORD000881,CUST00038,2024-11-05,1613.06
ORD000941,CUST00041,2024-11-05,2708.06
ORD001218,CUST00053,2024-11-05,4397.44
ORD001674,CUST00072,2024-11-05,2623.37
ORD003011,CUST00152,2024-11-05,807.62
ORD003047,CUST00155,2024-11-05,2166.64
ORD003611,CUST00195,2024-11-05,2027.05
ORD003649,CUST00198,2024-11-05,1847.36
ORD003762,CUST00207,2024-11-05,2015.14
ORD004084,CUST00229,2024-11-05,1750.44
ORD004352,CUST00249,2024-11-05,1628.85
ORD004514,CUST00260,2024-11-05,1006.31
ORD004829,CUST00284,2024-11-05,1698.9
ORD005072,CUST00304,2024-11-05,860.35
ORD005798,CUST00394,2024-11-05,1065.33
ORD006044,CUST00428,2024-11-05,1210.24
ORD006212,CUST00452,2024-11-05,1144.28
ORD006336,CUST00469,2024-11-05,1234.32
ORD006646,CUST00508,2024-11-05,901.56
ORD008383,CUST00761,2024-11-05,536.04
ORD008431,CUST00797,2024-11-05,462.46
ORD008450,CUST00808,2024-11-05,1139.66
ORD008499,CUST00839,2024-11-05,639.36
ORD008543,CUST00867,2024-11-05,1024.31
ORD000382,CUST00016,2024-11-06,3519.86
ORD001699,CUST00073,2024-11-06,2069.22
ORD002641,CUST00124,2024-11-06,1728.04
ORD002944,CUST00146,2024-11-06,1087.08
ORD003489,CUST00186,2024-11-06,1227.44
ORD004119,CUST00232,2024-11-06,1708.65
ORD004251,CUST00241,2024-11-06,1903.08
ORD004704,CUST00274,2024-11-06,2074.2
ORD005159,CUST00314,2024-11-06,1019.01
ORD005402,CUST00345,2024-11-06,657.94
ORD006762,CUST00524,2024-11-06,1187.37
ORD008466,CUST00819,2024-11-06,1195.74
ORD000117,CUST00005,2024-11-07,2450.61
ORD000238,CUST00010,2024-11-07,2706.32
ORD000429,CUST00018,2024-11-07,2546.37
ORD000485,CUST00020,2024-11-07,3245.04
ORD000813,CUST00035,2024-11-07,2412.24
ORD001175,CUST00051,2024-11-07,4212.08
ORD002356,CUST00103,2024-11-07,844.45
ORD002674,CUST00126,2024-11-07,1386.98
ORD004165,CUST00235,2024-11-07,1608.56
ORD004909,CUST00290,2024-11-07,1675.15
ORD006163,CUST00445,2024-11-07,1320.72
ORD006254,CUST00457,2024-11-07,1173.68
ORD006540,CUST00495,2024-11-07,1359.91
ORD006957,CUST00548,2024-11-07,1267.24
ORD008371,CUST00752,2024-11-07,1426.28
ORD008587,CUST00896,2024-11-07,1026.67
ORD008589,CUST00897,2024-11-07,1145.99
ORD001342,CUST00058,2024-11-08,3488.33
ORD001576,CUST00068,2024-11-08,1852.58
ORD001602,CUST00069,2024-11-08,1296.7
ORD002028,CUST00087,2024-11-08,1817.02
ORD002266,CUST00098,2024-11-08,2387.14
ORD002624,CUST00123,2024-11-08,1538.94
ORD002821,CUST00137,2024-11-08,1525.71
ORD003285,CUST00171,2024-11-08,1587.37
ORD003318,CUST00174,2024-11-08,1829.33
ORD003811,CUST00211,2024-11-08,1327.5
ORD004034,CUST00226,2024-11-08,1356.74
ORD004428,CUST00254,2024-11-08,983.65
ORD004533,CUST00261,2024-11-08,1417.38
ORD004576,CUST00264,2024-11-08,1818.94
ORD004941,CUST00293,2024-11-08,1770.62
ORD005031,CUST00299,2024-11-08,1158.49
ORD005115,CUST00309,2024-11-08,1394.26
ORD005661,CUST00378,2024-11-08,663.73
ORD005943,CUST00414,2024-11-08,1253.42
ORD005983,CUST00419,2024-11-08,421.44
ORD006451,CUST00484,2024-11-08,497.48
ORD006756,CUST00523,2024-11-08,664.51
ORD008412,CUST00784,2024-11-08,1430.39
ORD008477,CUST00825,2024-11-08,478.35
ORD008539,CUST00865,2024-11-08,530.23
ORD008584,CUST00894,2024-11-08,712.96
ORD000551,CUST00023,2024-11-09,4336.83
ORD001402,CUST00061,2024-11-09,3922.0
ORD002750,CUST00132,2024-11-09,1478.05
ORD002762,CUST00133,2024-11-09,835.66
ORD002789,CUST00135,2024-11-09,1639.68
ORD004107,CUST00231,2024-11-09,885.72
ORD004655,CUST00270,2024-11-09,1597.11
ORD004723,CUST00276,2024-11-09,751.76
ORD005882,CUST00405,2024-11-09,1019.88
ORD006120,CUST00439,2024-11-09,521.24
ORD006143,CUST00443,2024-11-09,517.96
ORD006317,CUST00466,2024-11-09,417.21
ORD006359,CUST00472,2024-11-09,671.11
ORD006926,CUST00544,2024-11-09,773.47
ORD008413,CUST00785,2024-11-09,1556.89
ORD008418,CUST00788,2024-11-09,427.28
ORD008430,CUST00796,2024-11-09,511.56
ORD001525,CUST00066,2024-11-10,1696.87
ORD001981,CUST00085,2024-11-10,3200.33
ORD003943,CUST00220,2024-11-10,1635.72
ORD003959,CUST00221,2024-11-10,1906.96
ORD004019,CUST00225,2024-11-10,1238.18
ORD004340,CUST00248,2024-11-10,891.3
ORD008380,CUST00759,2024-11-10,1229.87
ORD008425,CUST00793,2024-11-10,1305.81
ORD001291,CUST00056,2024-11-11,4390.48
ORD002370,CUST00104,2024-11-11,1129.79
ORD002690,CUST00127,2024-11-11,1273.31
ORD003295,CUST00172,2024-11-11,1800.21
ORD003338,CUST00176,2024-11-11,1229.07
ORD003977,CUST00222,2024-11-11,1950.76
ORD004561,CUST00263,2024-11-11,2005.81
ORD004635,CUST00268,2024-11-11,1744.47
ORD004733,CUST00277,2024-11-11,1767.41
ORD005295,CUST00333,2024-11-11,932.47
ORD005638,CUST00375,2024-11-11,737.39
ORD005887,CUST00406,2024-11-11,900.64
ORD006917,CUST00543,2024-11-11,627.68
ORD008411,CUST00783,2024-11-11,774.47
ORD008461,CUST00815,2024-11-11,1260.68
ORD008582,CUST00893,2024-11-11,1206.61
ORD000283,CUST00012,2024-11-12,1371.88
ORD001074,CUST00047,2024-11-12,2985.84
ORD001359,CUST00059,2024-11-12,3066.65
ORD003555,CUST00191,2024-11-12,760.91
ORD003720,CUST00203,2024-11-12,1859.79
ORD003853,CUST00214,2024-11-12,1654.98
ORD004608,CUST00266,2024-11-12,1205.67
ORD005655,CUST00377,2024-11-12,1302.28
ORD006671,CUST00511,2024-11-12,483.09
ORD006733,CUST00520,2024-11-12,1362.47
ORD008571,CUST00886,2024-11-12,597.56
ORD000069,CUST00003,2024-11-13,2433.92
ORD000714,CUST00031,2024-11-13,1625.54
ORD000917,CUST00040,2024-11-13,4319.27
ORD000963,CUST00042,2024-11-13,2235.19
ORD001105,CUST00048,2024-11-13,2252.38
ORD001504,CUST00065,2024-11-13,2401.12
ORD001842,CUST00079,2024-11-13,2961.48
ORD002292,CUST00099,2024-11-13,2462.82
ORD002407,CUST00107,2024-11-13,1367.27
ORD003117,CUST00160,2024-11-13,1263.94
ORD004262,CUST00242,2024-11-13,1709.06
ORD005868,CUST00403,2024-11-13,1057.47
ORD008403,CUST00776,2024-11-13,826.51
ORD008475,CUST00824,2024-11-13,612.47
ORD008520,CUST00852,2024-11-13,600.45
ORD000215,CUST00009,2024-11-14,2202.79
ORD000897,CUST00039,2024-11-14,3472.42
ORD001194,CUST00052,2024-11-14,3023.91
ORD001454,CUST00063,2024-11-14,3786.55
ORD001797,CUST00077,2024-11-14,2907.07
ORD002187,CUST00094,2024-11-14,1622.02
ORD002205,CUST00095,2024-11-14,2448.1
ORD002480,CUST00113,2024-11-14,1891.59
ORD002576,CUST00120,2024-11-14,902.63
ORD002933,CUST00145,2024-11-14,1837.6
ORD003206,CUST00166,2024-11-14,1563.95
ORD003240,CUST00168,2024-11-14,1639.7
ORD003635,CUST00197,2024-11-14,1731.99
ORD004483,CUST00258,2024-11-14,1308.64
ORD004781,CUST00280,2024-11-14,1204.83
ORD004930,CUST00292,2024-11-14,1426.29
ORD005056,CUST00302,2024-11-14,1239.41
ORD005345,CUST00339,2024-11-14,868.44
ORD005596,CUST00369,2024-11-14,671.67
ORD005632,CUST00374,2024-11-14,685.04
ORD006059,CUST00430,2024-11-14,1350.97
ORD006586,CUST00500,2024-11-14,560.88
ORD008384,CUST00762,2024-11-14,1000.56
ORD008463,CUST00816,2024-11-14,936.49
ORD008516,CUST00850,2024-11-14,1134.13
ORD000191,CUST00008,2024-11-15,2358.78
ORD000694,CUST00030,2024-11-15,2684.12
ORD001006,CUST00044,2024-11-15,2259.85
ORD001957,CUST00084,2024-11-15,1521.54
ORD002076,CUST00089,2024-11-15,3911.34
ORD002700,CUST00128,2024-11-15,907.16
ORD003410,CUST00181,2024-11-15,875.31
ORD004986,CUST00296,2024-11-15,1329.53
ORD006101,CUST00435,2024-11-15,1188.16
ORD006125,CUST00440,2024-11-15,693.07
ORD006679,CUST00512,2024-11-15,1151.39
ORD008440,CUST00802,2024-11-15,551.99
ORD008478,CUST00826,2024-11-15,1173.1
ORD000313,CUST00013,2024-11-16,3232.51
ORD001157,CUST00050,2024-11-16,2288.56
ORD001818,CUST00078,2024-11-16,2587.56
ORD002052,CUST00088,2024-11-16,2670.7
ORD003224,CUST00167,2024-11-16,1858.84
ORD003519,CUST00188,2024-11-16,1346.87
ORD003688,CUST00201,2024-11-16,1650.89
ORD003885,CUST00216,2024-11-16,1194.14
ORD005276,CUST00330,2024-11-16,1210.72
ORD005857,CUST00402,2024-11-16,604.29
ORD008375,CUST00755,2024-11-16,424.83
ORD008387,CUST00765,2024-11-16,823.89
ORD008468,CUST00820,2024-11-16,1443.94
ORD008504,CUST00842,2024-11-16,1310.71
ORD000097,CUST00004,2024-11-17,3587.06
ORD000835,CUST00036,2024-11-17,3196.81
ORD001726,CUST00074,2024-11-17,3139.0
ORD001885,CUST00081,2024-11-17,1729.23
ORD002523,CUST00116,2024-11-17,1661.36
ORD002739,CUST00131,2024-11-17,2031.38
ORD004645,CUST00269,2024-11-17,1581.2
ORD004808,CUST00282,2024-11-17,1414.18
ORD005777,CUST00392,2024-11-17,709.32
ORD006592,CUST00501,2024-11-17,658.65
ORD008379,CUST00758,2024-11-17,1318.11
ORD008417,CUST00787,2024-11-17,997.94
ORD008542,CUST00866,2024-11-17,1239.63
ORD008570,CUST00885,2024-11-17,496.19
ORD008593,CUST00898,2024-11-17,403.35
ORD000168,CUST00007,2024-11-18,3000.45
ORD000763,CUST00033,2024-11-18,1654.08
ORD002316,CUST00100,2024-11-18,1803.48
ORD003353,CUST00177,2024-11-18,2137.38
ORD005081,CUST00305,2024-11-18,1056.63
ORD005304,CUST00334,2024-11-18,459.58
ORD005456,CUST00352,2024-11-18,970.32
ORD005554,CUST00364,2024-11-18,510.93
ORD005704,CUST00383,2024-11-18,518.33
ORD006039,CUST00427,2024-11-18,1060.4
ORD006494,CUST00490,2024-11-18,1172.37
ORD008404,CUST00777,2024-11-18,806.47
ORD008551,CUST00872,2024-11-18,635.52
ORD008579,CUST00890,2024-11-18,926.77
ORD002416,CUST00108,2024-11-19,1161.8
ORD003330,CUST00175,2024-11-19,800.51
ORD005977,CUST00418,2024-11-19,1346.6
ORD006025,CUST00425,2024-11-19,952.97
ORD006105,CUST00436,2024-11-19,768.3
ORD006201,CUST00450,2024-11-19,769.54
ORD006635,CUST00506,2024-11-19,1121.59
ORD006822,CUST00533,2024-11-19,936.93
ORD008482,CUST00828,2024-11-19,1337.21
ORD008575,CUST00888,2024-11-19,1267.71
ORD000407,CUST00017,2024-11-20,4397.88
ORD000594,CUST00025,2024-11-20,1527.29
ORD001050,CUST00046,2024-11-20,4212.23
ORD001773,CUST00076,2024-11-20,1363.85
ORD002097,CUST00090,2024-11-20,1216.6
ORD002773,CUST00134,2024-11-20,945.99
ORD003530,CUST00189,2024-11-20,918.34
ORD003544,CUST00190,2024-11-20,1412.07
ORD004218,CUST00239,2024-11-20,1177.5
ORD004713,CUST00275,2024-11-20,886.72
ORD005015,CUST00298,2024-11-20,714.25
ORD005317,CUST00336,2024-11-20,1237.44
ORD005531,CUST00361,2024-11-20,518.37
ORD005537,CUST00362,2024-11-20,837.42
ORD005841,CUST00400,2024-11-20,965.44
ORD006310,CUST00465,2024-11-20,664.27
ORD006687,CUST00513,2024-11-20,1264.89
ORD008515,CUST00849,2024-11-20,1471.72
ORD000657,CUST00028,2024-11-21,3100.01
ORD001025,CUST00045,2024-11-21,1246.48
ORD001862,CUST00080,2024-11-21,1606.43
ORD001907,CUST00082,2024-11-21,1803.47
ORD002877,CUST00141,2024-11-21,1556.47
ORD005000,CUST00297,2024-11-21,1874.1
ORD005749,CUST00388,2024-11-21,546.58
ORD005965,CUST00416,2024-11-21,459.39
ORD006280,CUST00461,2024-11-21,762.1
ORD008523,CUST00854,2024-11-21,506.45
ORD001379,CUST00060,2024-11-22,2127.58
ORD001426,CUST00062,2024-11-22,3896.46
ORD002242,CUST00097,2024-11-22,3106.25
ORD002997,CUST00151,2024-11-22,1755.03
ORD004135,CUST00233,2024-11-22,1733.53
ORD004147,CUST00234,2024-11-22,1312.93
ORD004496,CUST00259,2024-11-22,1326.53
ORD005213,CUST00322,2024-11-22,657.35
ORD005480,CUST00355,2024-11-22,701.94
ORD006109,CUST00437,2024-11-22,910.8
ORD006205,CUST00451,2024-11-22,694.94
ORD006446,CUST00483,2024-11-22,1105.64
ORD008395,CUST00771,2024-11-22,601.03
ORD008488,CUST00833,2024-11-22,475.56
ORD000026,CUST00001,2024-11-23,3751.13
ORD000613,CUST00026,2024-11-23,3107.13
ORD001267,CUST00055,2024-11-23,2440.98
ORD001484,CUST00064,2024-11-23,1594.16
ORD002471,CUST00112,2024-11-23,1184.59
ORD002591,CUST00121,2024-11-23,1801.4
ORD002886,CUST00142,2024-11-23,962.52
ORD002977,CUST00149,2024-11-23,1191.11
ORD003702,CUST00202,2024-11-23,963.98
ORD005176,CUST00317,2024-11-23,590.19
ORD005406,CUST00346,2024-11-23,888.26
ORD005575,CUST00366,2024-11-23,1006.11
ORD006798,CUST00529,2024-11-23,1245.75
ORD008416,CUST00786,2024-11-23,1577.57
ORD008465,CUST00818,2024-11-23,1191.42
ORD000528,CUST00022,2024-11-24,1245.93
ORD001930,CUST00083,2024-11-24,2470.09
ORD002124,CUST00091,2024-11-24,1643.21
ORD002326,CUST00101,2024-11-24,1733.82
ORD002397,CUST00106,2024-11-24,2097.38
ORD002660,CUST00125,2024-11-24,1883.78
ORD002832,CUST00138,2024-11-24,1340.58
ORD003371,CUST00178,2024-11-24,1962.86
ORD004281,CUST00244,2024-11-24,1154.77
ORD004326,CUST00247,2024-11-24,1895.83
ORD005742,CUST00387,2024-11-24,752.14
ORD008447,CUST00806,2024-11-24,1390.03
ORD008458,CUST00814,2024-11-24,1220.88
ORD001549,CUST00067,2024-11-25,1649.17
ORD002144,CUST00092,2024-11-25,1641.81
ORD003586,CUST00193,2024-11-25,1852.0
ORD003801,CUST00210,2024-11-25,2079.98
ORD004200,CUST00238,2024-11-25,871.97
ORD006609,CUST00503,2024-11-25,769.3
ORD006720,CUST00518,2024-11-25,857.77
ORD008548,CUST00870,2024-11-25,1133.14
ORD008565,CUST00883,2024-11-25,1420.29
ORD001629,CUST00070,2024-11-26,4040.21
ORD002509,CUST00115,2024-11-26,1496.71
ORD003458,CUST00184,2024-11-26,886.27
ORD003664,CUST00199,2024-11-26,1220.97
ORD003740,CUST00205,2024-11-26,782.01
ORD004005,CUST00224,2024-11-26,1767.08
ORD004096,CUST00230,2024-11-26,1020.6
ORD004764,CUST00279,2024-11-26,1640.26
ORD004796,CUST00281,2024-11-26,2004.78
ORD005104,CUST00308,2024-11-26,555.54
ORD005238,CUST00326,2024-11-26,1230.52
ORD005364,CUST00341,2024-11-26,1151.68
ORD006018,CUST00424,2024-11-26,718.86
ORD006259,CUST00458,2024-11-26,1289.81
ORD006714,CUST00517,2024-11-26,969.31
ORD008394,CUST00770,2024-11-26,1368.73
ORD008506,CUST00843,2024-11-26,419.72
ORD008509,CUST00844,2024-11-26,960.5
ORD008536,CUST00863,2024-11-26,1225.5
ORD003504,CUST00187,2024-11-27,726.07
ORD004190,CUST00237,2024-11-27,1008.71
ORD004452,CUST00256,2024-11-27,1557.06
ORD004969,CUST00295,2024-11-27,1948.94
ORD005765,CUST00390,2024-11-27,977.58
ORD006133,CUST00441,2024-11-27,960.46
ORD006460,CUST00485,2024-11-27,803.17
ORD006951,CUST00547,2024-11-27,658.85
ORD008423,CUST00791,2024-11-27,619.14
ORD008432,CUST00797,2024-11-27,513.18
ORD008455,CUST00812,2024-11-27,1096.24
ORD008511,CUST00846,2024-11-27,562.87
ORD008549,CUST00871,2024-11-27,778.88
ORD008662,CUST00966,2024-11-27,1161.88
ORD001075,CUST00047,2024-11-28,4284.12
ORD001130,CUST00049,2024-11-28,3423.12
ORD001753,CUST00075,2024-11-28,3645.12
ORD002029,CUST00087,2024-11-28,3625.76
ORD002166,CUST00093,2024-11-28,1773.7
ORD002709,CUST00129,2024-11-28,2019.46
ORD003913,CUST00218,2024-11-28,1916.49
ORD004362,CUST00250,2024-11-28,1422.1
ORD006299,CUST00463,2024-11-28,473.89
ORD008392,CUST00768,2024-11-28,633.0
ORD008490,CUST00834,2024-11-28,1309.28
ORD008498,CUST00838,2024-11-28,909.82
ORD008526,CUST00856,2024-11-28,1235.13
ORD008532,CUST00860,2024-11-28,939.36
ORD008590,CUST00897,2024-11-28,776.94
ORD000430,CUST00018,2024-11-29,4474.45
ORD000486,CUST00020,2024-11-29,2842.3
ORD000637,CUST00027,2024-11-29,1364.22
ORD000882,CUST00038,2024-11-29,3227.61
ORD001700,CUST00073,2024-11-29,3062.01
ORD002339,CUST00102,2024-11-29,1729.02
ORD002903,CUST00143,2024-11-29,1591.43
ORD003443,CUST00183,2024-11-29,1834.17
ORD004069,CUST00228,2024-11-29,1302.48
ORD004549,CUST00262,2024-11-29,836.65
ORD005268,CUST00329,2024-11-29,551.1
ORD005352,CUST00340,2024-11-29,428.05
ORD005473,CUST00354,2024-11-29,1379.03
ORD006245,CUST00456,2024-11-29,880.96
ORD006907,CUST00542,2024-11-29,946.59
ORD008400,CUST00775,2024-11-29,786.66
ORD008473,CUST00823,2024-11-29,746.89
ORD008547,CUST00869,2024-11-29,658.71
ORD000510,CUST00021,2024-11-30,3332.92
ORD000715,CUST00031,2024-11-30,2221.62
ORD000792,CUST00034,2024-11-30,1542.09
ORD001195,CUST00052,2024-11-30,3301.27
ORD001219,CUST00053,2024-11-30,1297.76
ORD002435,CUST00109,2024-11-30,1899.94
ORD002923,CUST00144,2024-11-30,1510.87
ORD003012,CUST00152,2024-11-30,915.99
ORD003259,CUST00169,2024-11-30,2047.56
ORD004840,CUST00285,2024-11-30,1680.88
ORD005517,CUST00359,2024-11-30,553.38
ORD006370,CUST00474,2024-11-30,1229.41
ORD008406,CUST00778,2024-11-30,560.9
ORD008470,CUST00821,2024-11-30,924.94
ORD008493,CUST00836,2024-11-30,404.05
ORD008553,CUST00873,2024-11-30,1449.67
ORD008585,CUST00894,2024-11-30,1054.93
ORD008627,CUST00931,2024-11-30,946.43
ORD000333,CUST00014,2024-12-01,3816.68
ORD000576,CUST00024,2024-12-01,2936.08
ORD000677,CUST00029,2024-12-01,1448.67
ORD000856,CUST00037,2024-12-01,1774.5
ORD001603,CUST00069,2024-12-01,1393.35
ORD002226,CUST00096,2024-12-01,2548.53
ORD002966,CUST00148,2024-12-01,1741.2
ORD003127,CUST00161,2024-12-01,942.95
ORD003310,CUST00173,2024-12-01,1857.75
ORD003427,CUST00182,2024-12-01,1279.17
ORD004705,CUST00274,2024-12-01,719.25
ORD005282,CUST00331,2024-12-01,1185.55
ORD005920,CUST00411,2024-12-01,1006.53
ORD005953,CUST00415,2024-12-01,790.43
ORD006397,CUST00477,2024-12-01,1309.23
ORD006891,CUST00540,2024-12-01,992.94
ORD006969,CUST00549,2024-12-01,1172.35
ORD008434,CUST00799,2024-12-01,887.19
ORD008502,CUST00841,2024-12-01,635.52
ORD008537,CUST00864,2024-12-01,409.15
ORD008560,CUST00878,2024-12-01,1489.6
ORD000964,CUST00042,2024-12-02,2562.77
ORD001319,CUST00057,2024-12-02,2505.42
ORD001505,CUST00065,2024-12-02,1790.57
ORD002001,CUST00086,2024-12-02,2143.56
ORD002462,CUST00111,2024-12-02,718.92
ORD003171,CUST00164,2024-12-02,1649.19
ORD004308,CUST00246,2024-12-02,2192.66
ORD004442,CUST00255,2024-12-02,1768.73
ORD004752,CUST00278,2024-12-02,1744.48
ORD004951,CUST00294,2024-12-02,1085.14
ORD005199,CUST00320,2024-12-02,1005.16
ORD006566,CUST00498,2024-12-02,621.69
ORD006576,CUST00499,2024-12-02,579.88
ORD006810,CUST00531,2024-12-02,1089.7
ORD006980,CUST00550,2024-12-02,1124.52
ORD008426,CUST00793,2024-12-02,1373.89
ORD008480,CUST00827,2024-12-02,723.57
ORD008595,CUST00899,2024-12-02,506.43
ORD000048,CUST00002,2024-12-03,2613.83
ORD000070,CUST00003,2024-12-03,2979.95
ORD002206,CUST00095,2024-12-03,1558.28
ORD002567,CUST00119,2024-12-03,1939.23
ORD003024,CUST00153,2024-12-03,1970.21
ORD003626,CUST00196,2024-12-03,1249.62
ORD003773,CUST00208,2024-12-03,1642.44
ORD003784,CUST00209,2024-12-03,1899.29
ORD004692,CUST00273,2024-12-03,1929.41
ORD005043,CUST00300,2024-12-03,2196.93
ORD006896,CUST00541,2024-12-03,775.02
ORD008414,CUST00785,2024-12-03,1235.09
ORD008483,CUST00829,2024-12-03,662.65
ORD008525,CUST00855,2024-12-03,1235.65
ORD000118,CUST00005,2024-12-04,2075.17
ORD000262,CUST00011,2024-12-04,2455.26
ORD000898,CUST00039,2024-12-04,2650.7
ORD000984,CUST00043,2024-12-04,3432.85
ORD001646,CUST00071,2024-12-04,1928.95
ORD002727,CUST00130,2024-12-04,975.96
ORD004467,CUST00257,2024-12-04,1519.98
ORD005689,CUST00381,2024-12-04,1247.81
ORD005787,CUST00393,2024-12-04,1023.8
ORD006234,CUST00454,2024-12-04,957.74
ORD006804,CUST00530,2024-12-04,953.28
ORD006834,CUST00534,2024-12-04,1014.41
ORD008445,CUST00805,2024-12-04,685.49
ORD008452,CUST00810,2024-12-04,1573.38
ORD000216,CUST00009,2024-12-05,2618.63
ORD000357,CUST00015,2024-12-05,2779.76
ORD000383,CUST00016,2024-12-05,1434.89
ORD000552,CUST00023,2024-12-05,1527.87
ORD001982,CUST00085,2024-12-05,2863.56
ORD002293,CUST00099,2024-12-05,3433.81
ORD002642,CUST00124,2024-12-05,1836.6
ORD002847,CUST00139,2024-12-05,1540.62
ORD003087,CUST00158,2024-12-05,1352.1
ORD003490,CUST00186,2024-12-05,719.35
ORD003612,CUST00195,2024-12-05,1437.22
ORD004534,CUST00261,2024-12-05,1283.49
ORD004595,CUST00265,2024-12-05,1712.57
ORD005603,CUST00370,2024-12-05,986.87
ORD005727,CUST00385,2024-12-05,747.63
ORD005824,CUST00397,2024-12-05,820.51
ORD008568,CUST00884,2024-12-05,577.39
ORD000239,CUST00010,2024-12-06,3403.01
ORD000742,CUST00032,2024-12-06,4448.65
ORD001292,CUST00056,2024-12-06,4386.87
ORD001455,CUST00063,2024-12-06,2833.13
ORD001798,CUST00077,2024-12-06,4168.97
ORD002387,CUST00105,2024-12-06,1693.03
ORD002496,CUST00114,2024-12-06,1220.98
ORD002605,CUST00122,2024-12-06,1974.22
ORD002863,CUST00140,2024-12-06,1997.84
ORD003570,CUST00192,2024-12-06,1300.94
ORD004667,CUST00271,2024-12-06,1902.18
ORD005225,CUST00324,2024-12-06,1343.36
ORD006292,CUST00462,2024-12-06,424.24
ORD006857,CUST00536,2024-12-06,871.88
ORD008378,CUST00757,2024-12-06,644.91
ORD008438,CUST00801,2024-12-06,1440.03
ORD008484,CUST00830,2024-12-06,1520.77
ORD001176,CUST00051,2024-12-07,1251.91
ORD001239,CUST00054,2024-12-07,3788.65
ORD001958,CUST00084,2024-12-07,1207.25
ORD002790,CUST00135,2024-12-07,2047.81
ORD003599,CUST00194,2024-12-07,1002.9
ORD003960,CUST00221,2024-12-07,887.63
ORD003978,CUST00222,2024-12-07,1200.78
ORD005338,CUST00338,2024-12-07,671.83
ORD005716,CUST00384,2024-12-07,1081.16
ORD006034,CUST00426,2024-12-07,783.94
ORD006423,CUST00480,2024-12-07,824.08
ORD008486,CUST00831,2024-12-07,1227.89
ORD008500,CUST00839,2024-12-07,1203.8
ORD008596,CUST00900,2024-12-07,1036.04
ORD000284,CUST00012,2024-12-08,1939.93
ORD000595,CUST00025,2024-12-08,4014.22
ORD000814,CUST00035,2024-12-08,2080.18
ORD001526,CUST00066,2024-12-08,1278.9
ORD002077,CUST00089,2024-12-08,2545.19
ORD002556,CUST00118,2024-12-08,1711.74
ORD003058,CUST00156,2024-12-08,815.29
ORD003268,CUST00170,2024-12-08,967.09
ORD003827,CUST00212,2024-12-08,2108.98
ORD004625,CUST00267,2024-12-08,1922.63
ORD004675,CUST00272,2024-12-08,1006.33
ORD004891,CUST00289,2024-12-08,1828.4
ORD005149,CUST00313,2024-12-08,928.86
ORD006510,CUST00492,2024-12-08,586.43
ORD006884,CUST00539,2024-12-08,1190.92
ORD008389,CUST00766,2024-12-08,421.87
ORD008419,CUST00788,2024-12-08,793.3
ORD000942,CUST00041,2024-12-09,4147.33
ORD001403,CUST00061,2024-12-09,2086.17
ORD001843,CUST00079,2024-12-09,4335.23
ORD003033,CUST00154,2024-12-09,2175.5
ORD003048,CUST00155,2024-12-09,1133.81
ORD003142,CUST00162,2024-12-09,1368.82
ORD003155,CUST00163,2024-12-09,1926.96
ORD003384,CUST00179,2024-12-09,1699.53
ORD003474,CUST00185,2024-12-09,1739.92
ORD004394,CUST00252,2024-12-09,1852.52
ORD005446,CUST00351,2024-12-09,614.1
ORD006138,CUST00442,2024-12-09,1325.72
ORD006934,CUST00545,2024-12-09,512.33
ORD008385,CUST00763,2024-12-09,1012.94
ORD008562,CUST00880,2024-12-09,500.28
ORD008563,CUST00881,2024-12-09,711.59
ORD000027,CUST00001,2024-12-10,4022.55
ORD000140,CUST00006,2024-12-10,2189.99
ORD000456,CUST00019,2024-12-10,4436.7
ORD001675,CUST00072,2024-12-10,1744.49
ORD002446,CUST00110,2024-12-10,733.2
ORD003411,CUST00181,2024-12-10,1302.44
ORD003650,CUST00198,2024-12-10,949.94
ORD003677,CUST00200,2024-12-10,1101.9
ORD003988,CUST00223,2024-12-10,1431.85
ORD004272,CUST00243,2024-12-10,1236.95
ORD004353,CUST00249,2024-12-10,1676.38
ORD004852,CUST00286,2024-12-10,1503.4
ORD005522,CUST00360,2024-12-10,955.74
ORD005815,CUST00396,2024-12-10,701.06
ORD006665,CUST00510,2024-12-10,898.97
ORD006815,CUST00532,2024-12-10,491.36
ORD008572,CUST00886,2024-12-10,1591.3
ORD001819,CUST00078,2024-12-11,2426.55
ORD002541,CUST00117,2024-12-11,2035.65
ORD005371,CUST00342,2024-12-11,1207.49
ORD005875,CUST00404,2024-12-11,1097.65
ORD006096,CUST00434,2024-12-11,725.79
ORD006344,CUST00470,2024-12-11,1108.87
ORD006845,CUST00535,2024-12-11,1345.7
ORD008409,CUST00781,2024-12-11,1313.9
ORD008495,CUST00837,2024-12-11,1081.54
ORD008535,CUST00862,2024-12-11,759.51
ORD008564,CUST00882,2024-12-11,1393.73
ORD008576,CUST00888,2024-12-11,787.0
ORD000764,CUST00033,2024-12-12,4227.41
ORD001360,CUST00059,2024-12-12,3014.1
ORD001485,CUST00064,2024-12-12,3514.95
ORD002822,CUST00137,2024-12-12,1406.23
ORD002945,CUST00146,2024-12-12,1288.12
ORD003073,CUST00157,2024-12-12,2190.38
ORD003749,CUST00206,2024-12-12,2166.99
ORD003886,CUST00216,2024-12-12,1684.26
ORD003930,CUST00219,2024-12-12,861.45
ORD004053,CUST00227,2024-12-12,1211.98
ORD004515,CUST00260,2024-12-12,795.56
ORD004646,CUST00269,2024-12-12,1048.91
ORD004817,CUST00283,2024-12-12,1709.59
ORD006693,CUST00514,2024-12-12,1030.28
ORD008372,CUST00753,2024-12-12,794.3
ORD008436,CUST00800,2024-12-12,498.41
ORD008444,CUST00804,2024-12-12,1331.51
ORD008491,CUST00835,2024-12-12,1089.3
ORD008544,CUST00867,2024-12-12,1460.59
ORD008556,CUST00876,2024-12-12,873.53
ORD001158,CUST00050,2024-12-13,3080.31
ORD001343,CUST00058,2024-12-13,4271.29
ORD001577,CUST00068,2024-12-13,2663.32
ORD001630,CUST00070,2024-12-13,2432.85
ORD002267,CUST00098,2024-12-13,1200.95
ORD002987,CUST00150,2024-12-13,1174.9
ORD003207,CUST00166,2024-12-13,1182.38
ORD003944,CUST00220,2024-12-13,1212.0
ORD004020,CUST00225,2024-12-13,1235.57
ORD004297,CUST00245,2024-12-13,1983.22
ORD004609,CUST00266,2024-12-13,1719.94
ORD005330,CUST00337,2024-12-13,1004.17
ORD005973,CUST00417,2024-12-13,745.85
ORD006441,CUST00482,2024-12-13,573.77
ORD008501,CUST00840,2024-12-13,828.27
ORD008518,CUST00851,2024-12-13,1525.93
ORD000169,CUST00007,2024-12-14,3122.28
ORD000614,CUST00026,2024-12-14,1710.61
ORD000918,CUST00040,2024-12-14,2708.86
ORD002955,CUST00147,2024-12-14,1895.14
ORD003339,CUST00176,2024-12-14,1455.35
ORD004085,CUST00229,2024-12-14,1665.82
ORD004562,CUST00263,2024-12-14,2023.83
ORD004987,CUST00296,2024-12-14,1174.54
ORD005391,CUST00344,2024-12-14,966.9
ORD005759,CUST00389,2024-12-14,884.35
ORD005836,CUST00399,2024-12-14,1274.91
ORD005906,CUST00409,2024-12-14,444.93
ORD006276,CUST00460,2024-12-14,1180.43
ORD006381,CUST00475,2024-12-14,1327.88
ORD006747,CUST00522,2024-12-14,1029.27
ORD006877,CUST00538,2024-12-14,1368.68
ORD008399,CUST00774,2024-12-14,993.25
ORD008427,CUST00794,2024-12-14,1055.28
ORD008528,CUST00857,2024-12-14,1200.76
ORD001076,CUST00047,2024-12-15,4454.25
ORD001727,CUST00074,2024-12-15,1571.31
ORD002524,CUST00116,2024-12-15,844.38
ORD003241,CUST00168,2024-12-15,1114.64
ORD003354,CUST00177,2024-12-15,864.05
ORD004376,CUST00251,2024-12-15,1952.76
ORD005383,CUST00343,2024-12-15,1330.23
ORD005422,CUST00348,2024-12-15,865.88
ORD005925,CUST00412,2024-12-15,595.72
ORD006519,CUST00493,2024-12-15,1313.15
ORD006771,CUST00525,2024-12-15,839.86
ORD008424,CUST00792,2024-12-15,677.82
ORD008557,CUST00877,2024-12-15,1285.13
ORD000192,CUST00008,2024-12-16,2518.94
ORD000638,CUST00027,2024-12-16,2097.94
ORD000836,CUST00036,2024-12-16,4331.12
ORD000883,CUST00038,2024-12-16,2858.49
ORD001026,CUST00045,2024-12-16,3809.53
ORD002030,CUST00087,2024-12-16,2444.75
ORD002751,CUST00132,2024-12-16,2175.75
ORD003187,CUST00165,2024-12-16,1569.02
ORD003812,CUST00211,2024-12-16,1888.7
ORD003873,CUST00215,2024-12-16,815.25
ORD003898,CUST00217,2024-12-16,1298.38
ORD004865,CUST00287,2024-12-16,1698.03
ORD004920,CUST00291,2024-12-16,1675.47
ORD005467,CUST00353,2024-12-16,806.39
ORD005620,CUST00372,2024-12-16,678.05
ORD005850,CUST00401,2024-12-16,700.89
ORD006067,CUST00431,2024-12-16,706.9
ORD006475,CUST00487,2024-12-16,585.66
ORD008408,CUST00780,2024-12-16,968.12
ORD008449,CUST00807,2024-12-16,1492.9
ORD008453,CUST00811,2024-12-16,1296.14
ORD008467,CUST00819,2024-12-16,575.1
ORD008545,CUST00868,2024-12-16,1581.29
ORD000431,CUST00018,2024-12-17,2722.78
ORD001106,CUST00048,2024-12-17,3749.38
ORD002188,CUST00094,2024-12-17,1731.73
ORD003520,CUST00188,2024-12-17,861.73
ORD003556,CUST00191,2024-12-17,1440.57
ORD003721,CUST00203,2024-12-17,1193.93
ORD003839,CUST00213,2024-12-17,1495.64
ORD004035,CUST00226,2024-12-17,2143.97
ORD005232,CUST00325,2024-12-17,1370.39
ORD005430,CUST00349,2024-12-17,1141.28
ORD006177,CUST00447,2024-12-17,893.29
ORD006337,CUST00469,2024-12-17,721.44
ORD006417,CUST00479,2024-12-17,1095.1
ORD006647,CUST00508,2024-12-17,1004.62
ORD008407,CUST00779,2024-12-17,1073.69
ORD008421,CUST00790,2024-12-17,835.04
ORD008552,CUST00872,2024-12-17,850.63
ORD008586,CUST00895,2024-12-17,1091.66
ORD000314,CUST00013,2024-12-18,3756.32
ORD000334,CUST00014,2024-12-18,2170.98
ORD000577,CUST00024,2024-12-18,2771.61
ORD000695,CUST00030,2024-12-18,3351.06
ORD001506,CUST00065,2024-12-18,3024.45
ORD001701,CUST00073,2024-12-18,3682.38
ORD001908,CUST00082,2024-12-18,2520.83
ORD002625,CUST00123,2024-12-18,1292.98
ORD003402,CUST00180,2024-12-18,1134.74
ORD003730,CUST00204,2024-12-18,2123.07
ORD004734,CUST00277,2024-12-18,1296.5
ORD005050,CUST00301,2024-12-18,1061.17
ORD006654,CUST00509,2024-12-18,497.15
ORD006867,CUST00537,2024-12-18,1179.75
ORD008459,CUST00814,2024-12-18,1558.26
ORD008507,CUST00843,2024-12-18,523.83
ORD008527,CUST00856,2024-12-18,1286.68
ORD008561,CUST00879,2024-12-18,1461.31
ORD008581,CUST00892,2024-12-18,1263.07
ORD000263,CUST00011,2024-12-19,4311.05
ORD001886,CUST00081,2024-12-19,2837.97
ORD002125,CUST00091,2024-12-19,4097.02
ORD002243,CUST00097,2024-12-19,3628.08
ORD002317,CUST00100,2024-12-19,2124.88
ORD002327,CUST00101,2024-12-19,1711.15
ORD002807,CUST00136,2024-12-19,1567.14
ORD005001,CUST00297,2024-12-19,963.6
ORD005248,CUST00327,2024-12-19,707.38
ORD006152,CUST00444,2024-12-19,1269.46
ORD006352,CUST00471,2024-12-19,439.06
ORD006561,CUST00497,2024-12-19,1219.79
ORD006626,CUST00505,2024-12-19,858.42
ORD008479,CUST00826,2024-12-19,641.11
ORD000098,CUST00004,2024-12-20,3101.5
ORD000408,CUST00017,2024-12-20,2348.27
ORD001007,CUST00044,2024-12-20,1395.24
ORD001196,CUST00052,2024-12-20,1472.86
ORD001268,CUST00055,2024-12-20,2404.55
ORD001427,CUST00062,2024-12-20,3490.3
ORD002763,CUST00133,2024-12-20,869.76
ORD003100,CUST00159,2024-12-20,1707.83
ORD004148,CUST00234,2024-12-20,1254.38
ORD004179,CUST00236,2024-12-20,1857.39
ORD004429,CUST00254,2024-12-20,1141.27
ORD004875,CUST00288,2024-12-20,1015.92
ORD004910,CUST00290,2024-12-20,1350.73
ORD005488,CUST00356,2024-12-20,858.82
ORD006740,CUST00521,2024-12-20,1176.6
ORD008381,CUST00759,2024-12-20,482.31
ORD008410,CUST00782,2024-12-20,1343.38
ORD008494,CUST00836,2024-12-20,792.85
ORD002053,CUST00088,2024-12-21,3225.21
ORD003854,CUST00214,2024-12-21,779.83
ORD004263,CUST00242,2024-12-21,1533.69
ORD005194,CUST00319,2024-12-21,1327.25
ORD005883,CUST00405,2024-12-21,1308.11
ORD005984,CUST00419,2024-12-21,426.35
ORD005998,CUST00421,2024-12-21,813.07
ORD006195,CUST00449,2024-12-21,495.98
ORD006366,CUST00473,2024-12-21,872.11
ORD006391,CUST00476,2024-12-21,502.32
ORD006940,CUST00546,2024-12-21,865.72
ORD008393,CUST00769,2024-12-21,435.75
ORD008566,CUST00883,2024-12-21,567.65
ORD008588,CUST00896,2024-12-21,491.92
ORD001051,CUST00046,2024-12-22,3846.58
ORD002227,CUST00096,2024-12-22,1218.05
ORD003296,CUST00172,2024-12-22,750.43
ORD004233,CUST00240,2024-12-22,2067.24
ORD005639,CUST00375,2024-12-22,469.45
ORD005944,CUST00414,2024-12-22,838.88
ORD006331,CUST00468,2024-12-22,1238.07
ORD006530,CUST00494,2024-12-22,1163.17
ORD006541,CUST00495,2024-12-22,709.27
ORD006734,CUST00520,2024-12-22,1148.61
ORD008396,CUST00772,2024-12-22,1328.16
ORD008540,CUST00865,2024-12-22,589.04
ORD008577,CUST00889,2024-12-22,497.28
ORD000965,CUST00042,2024-12-23,2554.25
ORD001220,CUST00053,2024-12-23,3785.71
ORD001774,CUST00076,2024-12-23,3773.44
ORD003587,CUST00193,2024-12-23,883.29
ORD003665,CUST00199,2024-12-23,1677.31
ORD004120,CUST00232,2024-12-23,1266.5
ORD004201,CUST00238,2024-12-23,1512.67
ORD005313,CUST00335,2024-12-23,1133.08
ORD005611,CUST00371,2024-12-23,771.96
ORD006014,CUST00423,2024-12-23,843.54
ORD006267,CUST00459,2024-12-23,1218.52
ORD006486,CUST00489,2024-12-23,578.0
ORD008448,CUST00806,2024-12-23,813.12
ORD008462,CUST00815,2024-12-23,416.51
ORD008464,CUST00817,2024-12-23,1442.56
ORD008505,CUST00842,2024-12-23,800.12
ORD008580,CUST00891,2024-12-23,468.7
ORD000511,CUST00021,2024-12-24,3802.41
ORD000658,CUST00028,2024-12-24,2534.6
ORD001380,CUST00060,2024-12-24,1755.65
ORD001456,CUST00063,2024-12-24,1995.57
ORD002098,CUST00090,2024-12-24,2500.47
ORD002207,CUST00095,2024-12-24,2924.95
ORD005121,CUST00310,2024-12-24,1028.91
ORD005499,CUST00357,2024-12-24,1151.73
ORD005544,CUST00363,2024-12-24,1031.5
ORD005565,CUST00365,2024-12-24,1208.55
ORD006786,CUST00527,2024-12-24,1265.41
ORD008373,CUST00754,2024-12-24,417.05
ORD008435,CUST00799,2024-12-24,717.14
ORD000285,CUST00012,2024-12-25,3778.07
ORD000815,CUST00035,2024-12-25,3599.37
ORD002357,CUST00103,2024-12-25,1201.98
ORD002740,CUST00131,2024-12-25,1307.3
ORD003319,CUST00174,2024-12-25,2119.14
ORD004410,CUST00253,2024-12-25,1092.68
ORD005644,CUST00376,2024-12-25,713.17
ORD005770,CUST00391,2024-12-25,1277.14
ORD005935,CUST00413,2024-12-25,968.3
ORD005990,CUST00420,2024-12-25,1095.44
ORD008428,CUST00795,2024-12-25,520.52
ORD008487,CUST00832,2024-12-25,1359.35
ORD000529,CUST00022,2024-12-26,1607.84
ORD001863,CUST00080,2024-12-26,3814.02
ORD001931,CUST00083,2024-12-26,4143.8
ORD002145,CUST00092,2024-12-26,2884.36
ORD002371,CUST00104,2024-12-26,2134.89
ORD002904,CUST00143,2024-12-26,1199.93
ORD002924,CUST00144,2024-12-26,895.11
ORD003428,CUST00182,2024-12-26,1126.98
ORD003444,CUST00183,2024-12-26,709.93
ORD003763,CUST00207,2024-12-26,850.59
ORD004166,CUST00235,2024-12-26,907.78
ORD006603,CUST00502,2024-12-26,914.9
ORD006958,CUST00548,2024-12-26,588.85
ORD008386,CUST00764,2024-12-26,733.96
ORD008583,CUST00893,2024-12-26,1497.11
ORD000384,CUST00016,2024-12-27,4248.91
ORD000716,CUST00031,2024-12-27,3323.53
ORD000857,CUST00037,2024-12-27,2878.89
ORD002294,CUST00099,2024-12-27,3840.53
ORD002417,CUST00108,2024-12-27,1089.71
ORD002481,CUST00113,2024-12-27,879.47
ORD004484,CUST00258,2024-12-27,1836.71
ORD004636,CUST00268,2024-12-27,2086.83
ORD005032,CUST00299,2024-12-27,1169.11
ORD005169,CUST00316,2024-12-27,467.71
ORD005220,CUST00323,2024-12-27,833.9
ORD005896,CUST00407,2024-12-27,1323.48
ORD006409,CUST00478,2024-12-27,1173.92
ORD000028,CUST00001,2024-12-28,2454.42
ORD000943,CUST00041,2024-12-28,2282.29
ORD001550,CUST00067,2024-12-28,1559.61
ORD002878,CUST00141,2024-12-28,981.07
ORD003128,CUST00161,2024-12-28,1115.93
ORD004108,CUST00231,2024-12-28,1676.44
ORD004942,CUST00293,2024-12-28,1677.55
ORD005457,CUST00352,2024-12-28,960.91
ORD005587,CUST00367,2024-12-28,836.06
ORD006305,CUST00464,2024-12-28,791.12
ORD008441,CUST00803,2024-12-28,686.3
ORD008503,CUST00841,2024-12-28,789.66
ORD001754,CUST00075,2024-12-29,4061.72
ORD002887,CUST00142,2024-12-29,1877.42
ORD003286,CUST00171,2024-12-29,1394.14
ORD004252,CUST00241,2024-12-29,1723.15
ORD004931,CUST00292,2024-12-29,1754.11
ORD005778,CUST00392,2024-12-29,979.52
ORD006060,CUST00430,2024-12-29,1398.81
ORD006213,CUST00452,2024-12-29,1127.36
ORD006432,CUST00481,2024-12-29,1321.56
ORD008485,CUST00830,2024-12-29,721.21
ORD008554,CUST00874,2024-12-29,1481.0
ORD000358,CUST00015,2024-12-30,1808.4
ORD001361,CUST00059,2024-12-30,3089.96
ORD002002,CUST00086,2024-12-30,3867.41
ORD004577,CUST00264,2024-12-30,991.61
ORD004724,CUST00276,2024-12-30,1242.12
ORD004782,CUST00280,2024-12-30,2035.23
ORD004830,CUST00284,2024-12-30,2046.27
ORD006040,CUST00427,2024-12-30,941.55
ORD006078,CUST00432,2024-12-30,1165.98
ORD006089,CUST00433,2024-12-30,1375.28
ORD006240,CUST00455,2024-12-30,1354.34
ORD008397,CUST00773,2024-12-30,1571.36
ORD008401,CUST00775,2024-12-30,638.94
ORD008521,CUST00853,2024-12-30,407.63
ORD008555,CUST00875,2024-12-30,1539.48
ORD000553,CUST00023,2024-12-31,2996.74
ORD000985,CUST00043,2024-12-31,4156.01
ORD001604,CUST00069,2024-12-31,2947.13
ORD002398,CUST00106,2024-12-31,1164.06
ORD002675,CUST00126,2024-12-31,1768.7
ORD002967,CUST00148,2024-12-31,1693.92
ORD004468,CUST00257,2024-12-31,1878.81
ORD004497,CUST00259,2024-12-31,1374.96
ORD005016,CUST00298,2024-12-31,1769.83
ORD005090,CUST00306,2024-12-31,598.46
ORD005411,CUST00347,2024-12-31,1352.04
ORD008405,CUST00777,2024-12-31,1405.02
ORD008451,CUST00809,2024-12-31,706.0
ORD008496,CUST00837,2024-12-31,977.22
